{
    "initial_probs": [
        0.9999953508377075,
        4.589544460031902e-06
    ],
    "initial_logits": [
        6.575596809387207,
        -5.716127872467041
    ],
    "transition_probs": [
        [
            0.9999898672103882,
            1.017677004711004e-05
        ],
        [
            0.9952474236488342,
            0.004752610344439745
        ]
    ],
    "transition_logits": [
        [
            6.366020202636719,
            -5.129372596740723
        ],
        [
            3.6003401279449463,
            -1.743957281112671
        ]
    ],
    "posterior_probs": [
        [
            0.9999996423721313,
            3.278748579305102e-07
        ],
        [
            0.9999994039535522,
            5.779724574495049e-07
        ],
        [
            0.9999994039535522,
            5.928354767092969e-07
        ],
        [
            0.9999995231628418,
            5.116257852932904e-07
        ],
        [
            0.9999934434890747,
            6.568540811713319e-06
        ],
        [
            0.9999980926513672,
            1.8971214785779011e-06
        ],
        [
            0.999998927116394,
            1.086836050490092e-06
        ],
        [
            0.999996542930603,
            3.4517893254815135e-06
        ],
        [
            0.9999992847442627,
            7.686858225497417e-07
        ],
        [
            0.9999994039535522,
            5.872175847798644e-07
        ],
        [
            0.9999985694885254,
            1.44746707064769e-06
        ],
        [
            0.9999858140945435,
            1.4174564967106562e-05
        ],
        [
            0.9999984502792358,
            1.504599254076311e-06
        ],
        [
            0.9999974966049194,
            2.480246166669531e-06
        ],
        [
            0.999998927116394,
            1.034379465636448e-06
        ],
        [
            0.9999988079071045,
            1.1474721759441309e-06
        ],
        [
            0.9999973773956299,
            2.590445774330874e-06
        ],
        [
            0.9999992847442627,
            6.929255960130831e-07
        ],
        [
            0.9999961853027344,
            3.862105131702265e-06
        ],
        [
            0.9999986886978149,
            1.286167048419884e-06
        ],
        [
            0.9999986886978149,
            1.2614634670171654e-06
        ],
        [
            0.9999990463256836,
            1.0021727803177782e-06
        ],
        [
            0.9999991655349731,
            8.832411140247132e-07
        ],
        [
            0.9999992847442627,
            7.148996132855245e-07
        ],
        [
            0.9999995231628418,
            5.185183340472577e-07
        ],
        [
            0.9999991655349731,
            8.06215155080281e-07
        ],
        [
            0.9999991655349731,
            8.582377404309227e-07
        ],
        [
            0.999998927116394,
            1.1304065310469014e-06
        ],
        [
            0.9999994039535522,
            5.923471917412826e-07
        ],
        [
            0.9999991655349731,
            8.338658972206758e-07
        ],
        [
            0.9999988079071045,
            1.1846558436445775e-06
        ],
        [
            0.9999992847442627,
            6.673365646747698e-07
        ],
        [
            0.9999995231628418,
            4.872367185271287e-07
        ],
        [
            0.9999983310699463,
            1.6160969380507595e-06
        ],
        [
            0.9999982118606567,
            1.775774649104278e-06
        ],
        [
            0.9999738931655884,
            2.6102945412276313e-05
        ],
        [
            0.9999520778656006,
            4.7973004257073626e-05
        ],
        [
            0.9999972581863403,
            2.7067803785030264e-06
        ],
        [
            0.9999971389770508,
            2.8864130854344694e-06
        ],
        [
            0.9999963045120239,
            3.7374591101979604e-06
        ],
        [
            0.9999992847442627,
            6.753780894541705e-07
        ],
        [
            0.9999173879623413,
            8.266473741969094e-05
        ],
        [
            0.9999918937683105,
            8.164945029420778e-06
        ],
        [
            0.9999879598617554,
            1.2077827705070376e-05
        ],
        [
            0.9999898672103882,
            1.0132001079909969e-05
        ],
        [
            0.9999983310699463,
            1.704778014754993e-06
        ],
        [
            0.9999901056289673,
            9.87271050689742e-06
        ],
        [
            0.999976396560669,
            2.3582826543133706e-05
        ],
        [
            0.9999995231628418,
            5.000256919629464e-07
        ],
        [
            0.9999990463256836,
            9.237239169124223e-07
        ],
        [
            0.9999994039535522,
            5.508155709321727e-07
        ],
        [
            0.9999992847442627,
            7.177414431680518e-07
        ],
        [
            0.999998927116394,
            1.0339691698391107e-06
        ],
        [
            0.9999992847442627,
            7.454338515344716e-07
        ],
        [
            0.9999991655349731,
            8.338277552866202e-07
        ],
        [
            0.9999896287918091,
            1.0402544830867555e-05
        ],
        [
            0.9999994039535522,
            6.390547468981822e-07
        ],
        [
            0.9999992847442627,
            7.549000997641997e-07
        ],
        [
            0.9999994039535522,
            5.451465199257655e-07
        ],
        [
            0.999998927116394,
            1.0184051006945083e-06
        ],
        [
            0.9999992847442627,
            7.122754936972342e-07
        ],
        [
            0.9999994039535522,
            5.445728561426222e-07
        ],
        [
            0.9999985694885254,
            1.4001316230860539e-06
        ],
        [
            0.9999991655349731,
            8.345405717591348e-07
        ],
        [
            0.9999992847442627,
            7.664604595447599e-07
        ],
        [
            0.9999994039535522,
            5.561530542763649e-07
        ],
        [
            0.999998927116394,
            1.0223129720543511e-06
        ],
        [
            0.9999992847442627,
            6.966679961806221e-07
        ],
        [
            0.9999991655349731,
            8.017497066248325e-07
        ],
        [
            0.9999991655349731,
            8.651801977066498e-07
        ],
        [
            0.9999995231628418,
            5.283984023662924e-07
        ],
        [
            0.9999994039535522,
            5.680055892298697e-07
        ],
        [
            0.999998927116394,
            1.0142798601009417e-06
        ],
        [
            0.9999991655349731,
            8.383823342228425e-07
        ],
        [
            0.9999995231628418,
            4.6889277882655733e-07
        ],
        [
            0.9999986886978149,
            1.3203896287450334e-06
        ],
        [
            0.999998927116394,
            1.1075112524849828e-06
        ],
        [
            0.9999982118606567,
            1.7458979755247128e-06
        ],
        [
            0.9999983310699463,
            1.6749197584431386e-06
        ],
        [
            0.9999988079071045,
            1.2008534895358025e-06
        ],
        [
            0.9999980926513672,
            1.9297040125820786e-06
        ],
        [
            0.999996542930603,
            3.458168066572398e-06
        ],
        [
            0.9999972581863403,
            2.756210960797034e-06
        ],
        [
            0.999997615814209,
            2.338452759431675e-06
        ],
        [
            0.9999916553497314,
