{
    "initial_probs": [
        0.00027915104874409735,
        0.9997208714485168
    ],
    "initial_logits": [
        -3.567204475402832,
        4.616273880004883
    ],
    "transition_probs": [
        [
            0.004235418979078531,
            0.9957646131515503
        ],
        [
            0.0002443667617626488,
            0.9997556805610657
        ]
    ],
    "transition_logits": [
        [
            -2.262503147125244,
            3.1975257396698
        ],
        [
            -3.4653053283691406,
            4.851290702819824
        ]
    ],
    "posterior_probs": [
        [
            7.43068812880665e-05,
            0.9999257326126099
        ],
        [
            6.581172056030482e-05,
            0.999934196472168
        ],
        [
            0.0001252400252269581,
            0.9998747110366821
        ],
        [
            8.120835263980553e-05,
            0.9999188184738159
        ],
        [
            6.903304165462032e-05,
            0.9999309778213501
        ],
        [
            7.287087646545842e-05,
            0.9999271631240845
        ],
        [
            0.00013281074643600732,
            0.9998672008514404
        ],
        [
            9.30450769374147e-05,
            0.9999068975448608
        ],
        [
            6.594138540094718e-05,
            0.9999340772628784
        ],
        [
            0.00010166502033825964,
            0.9998983144760132
        ],
        [
            8.294394501717761e-05,
            0.9999170303344727
        ],
        [
            7.671693310840055e-05,
            0.9999232292175293
        ],
        [
            6.583783397218212e-05,
            0.999934196472168
        ],
        [
            0.00011971542699029669,
            0.999880313873291
        ],
        [
            7.170289609348401e-05,
            0.9999282360076904
        ],
        [
            7.082759839249775e-05,
            0.9999291896820068
        ],
        [
            0.0001235320814885199,
            0.9998764991760254
        ],
        [
            0.00020535083604045212,
            0.9997946619987488
        ],
        [
            0.0001185051369247958,
            0.9998815059661865
        ],
        [
            0.0001131532117142342,
            0.9998868703842163
        ],
        [
            9.390077320858836e-05,
            0.999906063079834
        ],
        [
            7.42581469239667e-05,
            0.9999257326126099
        ],
        [
            9.344058344140649e-05,
            0.9999065399169922
        ],
        [
            0.00011573026131372899,
            0.9998842477798462
        ],
        [
            6.875762483105063e-05,
            0.9999312162399292
        ],
        [
            0.00015570686082355678,
            0.9998443126678467
        ],
        [
            0.00015355068899225444,
            0.9998464584350586
        ],
        [
            7.123617979232222e-05,
            0.9999287128448486
        ],
        [
            0.00016999345098156482,
            0.9998300075531006
        ],
        [
            0.00012887250341009349,
            0.9998711347579956
        ],
        [
            0.00022540883219335228,
            0.9997746348381042
        ],
        [
            7.668651960557327e-05,
            0.9999233484268188
        ],
        [
            7.170617755036801e-05,
            0.9999282360076904
        ],
        [
            0.000559734646230936,
            0.9994402527809143
        ],
        [
            7.40533578209579e-05,
            0.999925971031189
        ],
        [
            6.887102063046768e-05,
            0.9999310970306396
        ],
        [
            9.005476749734953e-05,
            0.9999098777770996
        ],
        [
            0.00016789029177743942,
            0.999832034111023
        ],
        [
            7.816311699571088e-05,
            0.9999217987060547
        ],
        [
            9.96197632048279e-05,
            0.9999003410339355
        ],
        [
            0.0004469571867957711,
            0.9995530247688293
        ],
        [
            0.00035600276896730065,
            0.9996440410614014
        ],
        [
            0.0003957969893235713,
            0.9996041655540466
        ],
        [
            7.483024091925472e-05,
            0.9999251365661621
        ],
        [
            0.00022377110144589096,
            0.9997761845588684
        ],
        [
            0.0003591005224734545,
            0.999640941619873
        ],
        [
            0.00017515871149953455,
            0.9998248219490051
        ],
        [
            0.0004415838629938662,
            0.9995583891868591
        ],
        [
            0.002549010794609785,
            0.9974510073661804
        ],
        [
            0.00028118299087509513,
            0.9997188448905945
        ],
        [
            0.0005640964373014867,
            0.9994358420372009
        ],
        [
            0.001167764887213707,
            0.9988322854042053
        ],
        [
            0.0005068559548817575,
            0.9994931221008301
        ],
        [
            0.0001359059097012505,
            0.9998641014099121
        ],
        [
            0.00015718906070105731,
            0.9998427629470825
        ],
        [
            0.0004553169710561633,
            0.9995446801185608
        ],
        [
            0.00016472142306156456,
            0.9998352527618408
        ],
        [
            0.0007131633465178311,
            0.9992868304252625
        ],
        [
            0.00024057335394900292,
            0.9997593760490417
        ],
        [
            0.0005956313107162714,
            0.9994044303894043
        ],
        [
            0.00011920145334443077,
            0.9998807907104492
        ],
        [
            0.00010561451927060261,
            0.999894380569458
        ],
        [
            0.0001036098983604461,
            0.9998964071273804
        ],
        [
            0.00040006995550356805,
            0.9995999932289124
        ],
        [
            8.168553904397413e-05,
            0.9999183416366577
        ],
        [
            7.061933865770698e-05,
            0.9999294281005859
        ],
        [
            7.751466910121962e-05,
            0.999922513961792
        ],
        [
            8.994079689728096e-05,
            0.9999099969863892
        ],
        [
            6.910891534062102e-05,
            0.9999308586120605
        ],
        [
            6.848436169093475e-05,
            0.9999314546585083
        ],
        [
            6.867061165394261e-05,
            0.9999313354492188
        ],
        [
            7.969853322720155e-05,
            0.9999202489852905
        ],
        [
            9.320421668235213e-05,
            0.9999067783355713
        ],
        [
            6.809883780078962e-05,
            0.9999319314956665
        ],
        [
            9.015513205667958e-05,
            0.9999098777770996
        ],
        [
            9.020190918818116e-05,
            0.9999097585678101
        ],
        [
            9.946790669346228e-05,
            0.9999005794525146
        ],
        [
            6.540729373227805e-05,
            0.9999345541000366
        ],
        [
            0.0002210263628512621,
            0.9997789263725281
        ],
        [
            6.489040970336646e-05,
            0.9999351501464844
        ],
        [
            0.0001379910681862384,
            0.9998619556427002
        ],
        [
            8.22884903755039e-05,
            0.99991774559021
        ],
        [
            0.00011891625763382763,
            0.9998810291290283
        ],
        [
            6.50341171422042e-05,
            0.9999349117279053
        ],
        [
            8.174912363756448e-05,
            0.9999182224273682
        ],
