{
    "initial_probs": [
        0.9992812275886536,
        0.0007188473246060312
    ],
    "initial_logits": [
        3.7806646823883057,
        -3.4564781188964844
    ],
    "transition_probs": [
        [
            0.9991990923881531,
            0.0008009116281755269
        ],
        [
            0.9920157194137573,
            0.007984300144016743
        ]
    ],
    "transition_logits": [
        [
            3.810331344604492,
            -3.318627119064331
        ],
        [
            3.225641965866089,
            -1.5966196060180664
        ]
    ],
    "posterior_probs": [
        [
            0.9995999932289124,
            0.0004000516200903803
        ],
        [
            0.9965658783912659,
            0.003434092039242387
        ],
        [
            0.9976789355278015,
            0.0023211122024804354
        ],
        [
            0.9934918284416199,
            0.006508168764412403
        ],
        [
            0.9996942281723022,
            0.00030584310297854245
        ],
        [
            0.999066174030304,
            0.000933859555516392
        ],
        [
            0.9942758679389954,
            0.00572416465729475
        ],
        [
            0.9936004877090454,
            0.0063995663076639175
        ],
        [
            0.9981471300125122,
            0.0018528335494920611
        ],
        [
            0.9994044303894043,
            0.0005955222295597196
        ],
        [
            0.9982985854148865,
            0.0017013961914926767
        ],
        [
            0.9985847473144531,
            0.0014153099618852139
        ],
        [
            0.9983201622962952,
            0.0016797641292214394
        ],
        [
            0.9991235136985779,
            0.0008764739031903446
        ],
        [
            0.999599277973175,
            0.00040068672387860715
        ],
        [
            0.9997020363807678,
            0.0002979047712869942
        ],
        [
            0.9993481040000916,
            0.0006518842419609427
        ],
        [
            0.9997259974479675,
            0.0002739806950557977
        ],
        [
            0.9989731311798096,
            0.0010268324986100197
        ],
        [
            0.9993606209754944,
            0.000639400735963136
        ],
        [
            0.9981611371040344,
            0.0018388333264738321
        ],
        [
            0.9996752738952637,
            0.00032475832267664373
        ],
        [
            0.9995318651199341,
            0.0004681756836362183
        ],
        [
            0.9988762736320496,
            0.001123729394748807
        ],
        [
            0.9990843534469604,
            0.0009156180894933641
        ],
        [
            0.99957674741745,
            0.0004232903884258121
        ],
        [
            0.9981918931007385,
            0.00180811679456383
        ],
        [
            0.9992807507514954,
            0.0007192131597548723
        ],
        [
            0.9978052973747253,
            0.0021946460474282503
        ],
        [
            0.999815046787262,
            0.00018498853023629636
        ],
        [
            0.9990980625152588,
            0.0009019029093906283
        ],
        [
            0.9997128844261169,
            0.00028706417651847005
        ],
        [
            0.9997997879981995,
            0.00020024932746309787
        ],
        [
            0.9993689656257629,
            0.0006310702301561832
        ],
        [
            0.9998152852058411,
            0.00018474597891326994
        ],
        [
            0.999646782875061,
            0.0003532440750859678
        ],
        [
            0.9997513890266418,
            0.00024857182870619
        ],
        [
            0.9997549653053284,
            0.0002450851898174733
        ],
        [
            0.9998086094856262,
            0.0001914661843329668
        ],
        [
            0.9995808005332947,
            0.00041916570626199245
        ],
        [
            0.9996840953826904,
            0.0003159338375553489
        ],
        [
            0.9998332262039185,
            0.00016677469830028713
        ],
        [
            0.9998342990875244,
            0.00016570949810557067
        ],
        [
            0.9998300075531006,
            0.00016998047067318112
        ],
        [
            0.9964865446090698,
            0.0035134260542690754
        ],
        [
            0.9997726082801819,
            0.00022742598957847804
        ],
        [
            0.9998306035995483,
            0.00016939541092142463
        ],
        [
            0.9998363256454468,
            0.00016361937741748989
        ],
        [
            0.9997836947441101,
            0.00021627992100548
        ],
        [
            0.9997476935386658,
            0.00025227738660760224
        ],
        [
            0.9997414946556091,
            0.0002585422480478883
        ],
        [
            0.9997544884681702,
            0.0002454518398735672
        ],
        [
            0.9989989399909973,
            0.0010010841069743037
        ],
        [
            0.9998251795768738,
            0.00017489970196038485
        ],
        [
            0.9995124340057373,
            0.00048761910875327885
        ],
        [
            0.9995346069335938,
            0.0004653565410990268
        ],
        [
            0.9997327923774719,
            0.0002672440023161471
        ],
        [
            0.9997039437294006,
            0.0002959841804113239
        ],
        [
            0.999704897403717,
            0.0002950915659312159
        ],
        [
            0.9998414516448975,
            0.0001585474528837949
        ],
        [
            0.9993979930877686,
            0.0006020419532433152
        ],
        [
            0.999809205532074,
            0.0001908013509819284
        ],
        [
            0.9998396635055542,
            0.00016027905803639442
        ],
        [
            0.9998241066932678,
            0.0001758736470947042
        ],
        [
            0.997878909111023,
            0.002121122321113944
        ],
        [
            0.9998310804367065,
            0.00016893087013158947
        ],
        [
            0.9996978044509888,
            0.0003022533201146871
        ],
        [
            0.9998151659965515,
            0.0001848926185630262
        ],
        [
            0.9992475509643555,
            0.0007525087567046285
        ],
        [
            0.9998151659965515,
            0.00018481363076716661
        ],
        [
            0.9998359680175781,
            0.00016406433132942766
        ],
        [
            0.9998364448547363,
            0.0001635495136724785
        ],
        [
            0.9992846846580505,
            0.0007153633632697165
        ],
        [
            0.9997795224189758,
            0.00022049092513043433
        ],
        [
            0.9997808337211609,
            0.00021912946249358356
        ],
        [
            0.9998109936714172,
            0.00018903397722169757
        ],
        [
            0.9997010231018066,
            0.0002990612993016839
        ],
        [
            0.9996374845504761,
            0.00036255689337849617
        ],
        [
            0.999839186668396,
            0.000160744326421991
        ],
        [
            0.9998327493667603,
            0.00016718228289391845
        ],
        [
            0.999817430973053,
            0.00018263861420564353
        ],
        [
            0.9998216032981873,
            0.00017846300033852458
        ],
        [
            0.9998345375061035,
            0.0001653811486903578
        ],
        [
            0.9998397827148438,
            0.00016023017815314233
        ],
        [
            0.9996321201324463,
            0.0003678375796880573
