{
    "initial_probs": [
        0.00011062193516409025,
        0.9998893737792969
    ],
    "initial_logits": [
        -4.410126686096191,
        4.699154376983643
    ],
    "transition_probs": [
        [
            0.894508421421051,
            0.10549156367778778
        ],
        [
            0.06503467261791229,
            0.9349653124809265
        ]
    ],
    "transition_logits": [
        [
            1.7782652378082275,
            -0.3593781888484955
        ],
        [
            -0.9082363247871399,
            1.757352590560913
        ]
    ],
    "posterior_probs": [
        [
            4.4482870720230494e-08,
            1.0
        ],
        [
            0.00011754536535590887,
            0.9998824596405029
        ],
        [
            0.0211001206189394,
            0.9788998365402222
        ],
        [
            0.35806187987327576,
            0.6419380903244019
        ],
        [
            0.0017877292120829225,
            0.9982123374938965
        ],
        [
            0.00028802917222492397,
            0.9997119307518005
        ],
        [
            0.00015309572336263955,
            0.9998469352722168
        ],
        [
            6.303383997874334e-05,
            0.9999369382858276
        ],
        [
            4.878720210399479e-05,
            0.9999512434005737
        ],
        [
            0.0001558042858960107,
            0.9998441934585571
        ],
        [
            0.0002506815071683377,
            0.9997493624687195
        ],
        [
            4.944140891893767e-05,
            0.9999505281448364
        ],
        [
            2.3883027097326703e-05,
            0.9999761581420898
        ],
        [
            2.4452179786749184e-05,
            0.9999755620956421
        ],
        [
            0.0010274588130414486,
            0.9989725351333618
        ],
        [
            6.528465746669099e-05,
            0.9999346733093262
        ],
        [
            7.646129233762622e-06,
            0.9999923706054688
        ],
        [
            0.0005371959414333105,
            0.9994627833366394
        ],
        [
            2.8672777261817828e-05,
            0.9999712705612183
        ],
        [
            0.00026841452927328646,
            0.9997316002845764
        ],
        [
            2.5303337679360993e-05,
            0.9999747276306152
        ],
        [
            5.8203284424962476e-05,
            0.9999418258666992
        ],
        [
            0.0013726302422583103,
            0.9986274242401123
        ],
        [
            0.006468332372605801,
            0.9935316443443298
        ],
        [
            0.00011666897626128048,
            0.9998832941055298
        ],
        [
            0.00015134006389416754,
            0.9998486042022705
        ],
        [
            0.0004336843849159777,
            0.9995662569999695
        ],
        [
            0.07376869767904282,
            0.9262312650680542
        ],
        [
            0.01845485344529152,
            0.9815451502799988
        ],
        [
            0.00020122471323702484,
            0.9997988343238831
        ],
        [
            0.00690049072727561,
            0.9930994510650635
        ],
        [
            0.0021489167120307684,
            0.9978511333465576
        ],
        [
            0.016480019316077232,
            0.983519971370697
        ],
        [
            0.5134283304214478,
            0.48657169938087463
        ],
        [
            0.9518845081329346,
            0.04811544716358185
        ],
        [
            0.9999831914901733,
            1.6816495190141723e-05
        ],
        [
            0.9999746084213257,
            2.5358414859510958e-05
        ],
        [
            0.9998708963394165,
            0.00012907911150250584
        ],
        [
            0.9998024106025696,
            0.0001975925115402788
        ],
        [
            0.9996346235275269,
            0.0003653409075923264
        ],
        [
            0.9999960660934448,
            3.903487595380284e-06
        ],
        [
            0.9999667406082153,
            3.331138941575773e-05
        ],
        [
            0.996914267539978,
            0.003085749689489603
        ],
        [
            0.12772060930728912,
            0.8722794055938721
        ],
        [
            0.002444165525957942,
            0.9975558519363403
        ],
        [
            4.335739140515216e-05,
            0.9999566078186035
        ],
        [
            4.347398134996183e-05,
            0.999956488609314
        ],
        [
            0.00015181528578978032,
            0.9998481273651123
        ],
        [
            0.0003873875248245895,
            0.9996126294136047
        ],
        [
            0.00035357289016246796,
            0.9996464252471924
        ],
        [
            4.919796629110351e-05,
            0.9999507665634155
        ],
        [
            0.00031615799525752664,
            0.9996838569641113
        ],
        [
            3.039230068679899e-05,
            0.9999696016311646
        ],
        [
            0.00019359418365638703,
            0.9998064637184143
        ],
        [
            0.000493247527629137,
            0.9995067119598389
        ],
        [
            3.966104850405827e-05,
            0.9999603033065796
        ],
        [
            8.047384471865371e-05,
            0.9999195337295532
        ],
        [
            2.5938968974514864e-05,
            0.9999740123748779
        ],
        [
            9.281821985496208e-05,
            0.9999071359634399
        ],
        [
            0.00010041558562079445,
            0.9998996257781982
        ],
        [
            0.0002902388805523515,
            0.9997097849845886
        ],
        [
            1.3178535482438747e-05,
            0.9999867677688599
        ],
        [
            2.738965667958837e-05,
            0.9999725818634033
        ],
        [
            0.0001756658311933279,
            0.9998243451118469
        ],
        [
            0.002659393474459648,
            0.9973406195640564
        ],
        [
            0.002175847999751568,
            0.9978241920471191
        ],
        [
            0.0009541496401652694,
            0.9990457892417908
        ],
        [
            0.006893280427902937,
            0.9931067824363708
        ],
        [
            0.28089675307273865,
            0.719103217124939
        ],
        [
            0.05647003650665283,
            0.9435299634933472
        ],
        [
            0.03697348013520241,
            0.9630265235900879
        ],
        [
            0.04687028005719185,
            0.9531297087669373
        ],
        [
            0.982552170753479,
            0.01744784787297249
        ],
        [
            0.9837046265602112,
            0.016295431181788445
        ],
        [
            0.9743398427963257,
            0.025660227984189987
        ],
        [
            0.062092460691928864,
            0.9379075765609741
        ],
        [
            0.002596229314804077,
            0.9974038004875183
        ],
        [
            0.001055307686328888,
            0.9989446997642517
        ],
        [
            0.0003086622164119035,
            0.999691367149353
        ],
        [
            0.00011869784066220745,
            0.9998812675476074
        ],
        [
            0.00011143312440253794,
            0.99988853931427
        ],
        [
            0.0014644154580309987,
            0.9985356330871582
        ],
        [
            0.002207212382927537,
            0.9977928400039673
        ],
        [
            9.792444325285032e-05,
            0.9999020099639893
        ],
        [
            0.00010703392763389274,
            0.9998929500579834
        ],
        [
