{
    "initial_probs": [
        0.00021292387100402266,
        0.9997870326042175
    ],
    "initial_logits": [
        -3.6698646545410156,
        4.7844977378845215
    ],
    "transition_probs": [
        [
            0.25963491201400757,
            0.7403651475906372
        ],
        [
            0.10260509699583054,
            0.8973948955535889
        ]
    ],
    "transition_logits": [
        [
            0.2591136693954468,
            1.3069807291030884
        ],
        [
            -0.5479811429977417,
            1.6206272840499878
        ]
    ],
    "posterior_probs": [
        [
            9.04369335330557e-06,
            0.9999909400939941
        ],
        [
            0.004978413227945566,
            0.9950215816497803
        ],
        [
            0.006451536901295185,
            0.9935484528541565
        ],
        [
            0.0038916270714253187,
            0.99610835313797
        ],
        [
            0.005741951521486044,
            0.9942580461502075
        ],
        [
            0.003634123597294092,
            0.9963659048080444
        ],
        [
            0.005694410298019648,
            0.9943055510520935
        ],
        [
            0.004597196821123362,
            0.9954028129577637
        ],
        [
            0.0044699800200760365,
            0.9955300688743591
        ],
        [
            0.005081232637166977,
            0.9949187636375427
        ],
        [
            0.004809485748410225,
            0.9951905012130737
        ],
        [
            0.005000419914722443,
            0.9949996471405029
        ],
        [
            0.003491458250209689,
            0.9965085387229919
        ],
        [
            0.004305781330913305,
            0.9956941604614258
        ],
        [
            0.00961910467594862,
            0.9903808236122131
        ],
        [
            0.04918963089585304,
            0.9508103728294373
        ],
        [
            0.00398675724864006,
            0.9960132837295532
        ],
        [
            0.003740653395652771,
            0.996259331703186
        ],
        [
            0.011574122123420238,
            0.9884258508682251
        ],
        [
            0.0032111089676618576,
            0.9967888593673706
        ],
        [
            0.003513479605317116,
            0.9964865446090698
        ],
        [
            0.00328248692676425,
            0.9967175126075745
        ],
        [
            0.005677459295839071,
            0.9943225383758545
        ],
        [
            0.0040686847642064095,
            0.9959313273429871
        ],
        [
            0.03135678544640541,
            0.9686431884765625
        ],
        [
            0.9999034404754639,
            9.656835027271882e-05
        ],
        [
            0.0122543815523386,
            0.9877455830574036
        ],
        [
            0.0052610523998737335,
            0.9947389960289001
        ],
        [
            0.010305016301572323,
            0.9896949529647827
        ],
        [
            0.004049192648380995,
            0.9959508180618286
        ],
        [
            0.00533843319863081,
            0.9946616291999817
        ],
        [
            0.00395218888297677,
            0.9960477948188782
        ],
        [
            0.003261089790612459,
            0.996738851070404
        ],
        [
            0.005426531657576561,
            0.9945735335350037
        ],
        [
            0.011718230322003365,
            0.988281786441803
        ],
        [
            0.0032196426764130592,
            0.996780276298523
        ],
        [
            0.003548861714079976,
            0.9964511394500732
        ],
        [
            0.02024424634873867,
            0.9797557592391968
        ],
        [
            0.2092171162366867,
            0.7907828688621521
        ],
        [
            0.004554383922368288,
            0.9954456090927124
        ],
        [
            0.0032900588121265173,
            0.996709942817688
        ],
        [
            0.0034412797540426254,
            0.9965587258338928
        ],
        [
            0.010437823832035065,
            0.9895622134208679
        ],
        [
            0.006886441260576248,
            0.9931135773658752
        ],
        [
            0.46077030897140503,
            0.5392296314239502
        ],
        [
            0.017487257719039917,
            0.9825127124786377
        ],
        [
            0.09508261829614639,
            0.9049174189567566
        ],
        [
            0.007558217737823725,
            0.9924417734146118
        ],
        [
            0.003373148152604699,
            0.9966268539428711
        ],
        [
            0.0039717587642371655,
            0.9960283041000366
        ],
        [
            0.003746002446860075,
            0.9962539672851562
        ],
        [
            0.0067712608724832535,
            0.9932286739349365
        ],
        [
            0.03025328740477562,
            0.9697467684745789
        ],
        [
            0.08740486949682236,
            0.9125950932502747
        ],
        [
            0.10479540377855301,
            0.8952046036720276
        ],
        [
            1.0,
            6.921708425350221e-21
        ],
        [
            0.9996404647827148,
            0.0003594759036786854
        ],
        [
            0.08604288101196289,
            0.9139571189880371
        ],
        [
            0.004210102837532759,
            0.9957899451255798
        ],
        [
            0.006618451327085495,
            0.9933815002441406
        ],
        [
            0.10820221155881882,
            0.8917978405952454
        ],
        [
            0.06431704014539719,
            0.9356829524040222
        ],
        [
            0.9999351501464844,
            6.485427729785442e-05
        ],
        [
            0.08186889439821243,
            0.9181311130523682
        ],
        [
            0.004102147649973631,
            0.9958978295326233
        ],
        [
            0.006941286381334066,
            0.9930586814880371
        ],
        [
            0.42001035809516907,
            0.5799897313117981
        ],
        [
            0.04105425626039505,
            0.9589457511901855
        ],
        [
            0.01665441505610943,
            0.9833455085754395
        ],
        [
            0.9992590546607971,
            0.0007409467943944037
        ],
        [
            0.1911129355430603,
            0.8088870644569397
        ],
        [
            0.0350562185049057,
            0.9649438261985779
        ],
        [
            0.0035644627641886473,
            0.9964355230331421
        ],
        [
            0.034535810351371765,
            0.9654641151428223
        ],
        [
            0.03818443790078163,
            0.9618155360221863
        ],
        [
            0.9943128824234009,
            0.005687158554792404
        ],
        [
            1.0,
            5.593570939765868e-09
        ],
        [
            0.06574434787034988,
            0.9342556595802307
        ],
        [
            1.0,
            1.3813771905178202e-32
        ],
        [
            0.18978843092918396,
            0.8102115392684937
        ],
        [
            0.004396573640406132,
            0.9956034421920776
        ],
        [
            0.004456656984984875,
            0.9955433011054993
        ],
        [
            0.011984654702246189,
            0.988015353679657
        ],
        [
            0.0034877967555075884,
            0.996512234210968
        ],
        [
            0.011812346987426281,
            0.9881876111030579
        ],
        [
            0.0037097337190061808,
            0.9962903261184692
        ],
        [
            0.005500486586242914,
