{
    "initial_probs": [
        0.00029105631983838975,
        0.9997089505195618
    ],
    "initial_logits": [
        -3.20788836479187,
        4.93381404876709
    ],
    "transition_probs": [
        [
            0.0061036283150315285,
            0.9938964247703552
        ],
        [
            0.0009498459403403103,
            0.9990501999855042
        ]
    ],
    "transition_logits": [
        [
            -1.9891703128814697,
            3.10357928276062
        ],
        [
            -3.1498494148254395,
            3.8084113597869873
        ]
    ],
    "posterior_probs": [
        [
            4.6455963456537575e-05,
            0.9999535083770752
        ],
        [
            0.00017463839321862906,
            0.9998254179954529
        ],
        [
            0.00013242631393950433,
            0.9998675584793091
        ],
        [
            0.00014375016326084733,
            0.9998562335968018
        ],
        [
            0.00011908875603694469,
            0.9998809099197388
        ],
        [
            0.0001827389351092279,
            0.9998173117637634
        ],
        [
            0.00012780146789737046,
            0.9998722076416016
        ],
        [
            0.00017557876708451658,
            0.9998244643211365
        ],
        [
            0.0006462426972575486,
            0.9993537068367004
        ],
        [
            0.00011877665383508429,
            0.9998812675476074
        ],
        [
            0.0024720963556319475,
            0.9975278973579407
        ],
        [
            0.00014904755516909063,
            0.9998509883880615
        ],
        [
            0.00012199809862067923,
            0.9998779296875
        ],
        [
            0.00015408809122163802,
            0.9998458623886108
        ],
        [
            0.00021164507779758424,
            0.9997883439064026
        ],
        [
            0.00034216034691780806,
            0.9996578693389893
        ],
        [
            0.000123349396744743,
            0.9998766183853149
        ],
        [
            0.00015246520342770964,
            0.9998475313186646
        ],
        [
            0.00011857747449539602,
            0.999881386756897
        ],
        [
            0.0001460358325857669,
            0.9998539686203003
        ],
        [
            0.0001412457349942997,
            0.9998587369918823
        ],
        [
            0.0016177833313122392,
            0.9983822107315063
        ],
        [
            0.00025125578395090997,
            0.9997487664222717
        ],
        [
            0.0014444600092247128,
            0.9985554814338684
        ],
        [
            0.00024366112484131008,
            0.999756395816803
        ],
        [
            0.00013659187243320048,
            0.9998633861541748
        ],
        [
            0.00011821258522104472,
            0.9998817443847656
        ],
        [
            0.0003567638050299138,
            0.9996432065963745
        ],
        [
            0.0002233005070593208,
            0.9997766613960266
        ],
        [
            0.00015685368271078914,
            0.9998431205749512
        ],
        [
            0.00011744318180717528,
            0.9998825788497925
        ],
        [
            0.0004953395109623671,
            0.9995046854019165
        ],
        [
            0.00035259805736131966,
            0.9996473789215088
        ],
        [
            0.00022994478058535606,
            0.9997701048851013
        ],
        [
            0.0005113827064633369,
            0.9994885921478271
        ],
        [
            0.0002486477023921907,
            0.9997513890266418
        ],
        [
            0.00022234191419556737,
            0.999777615070343
        ],
        [
            0.00011705677752615884,
            0.9998829364776611
        ],
        [
            0.00027465858147479594,
            0.9997252821922302
        ],
        [
            0.00016693762154318392,
            0.9998329877853394
        ],
        [
            0.0004516512854024768,
            0.9995483756065369
        ],
        [
            0.00011762249778257683,
            0.9998823404312134
        ],
        [
            0.0002886273432523012,
            0.9997113347053528
        ],
        [
            0.00012812163913622499,
            0.9998718500137329
        ],
        [
            0.0002940311678685248,
            0.999705970287323
        ],
        [
            0.00016545181279070675,
            0.9998345375061035
        ],
        [
            0.00018692901358008385,
            0.9998131394386292
        ],
        [
            0.001141196466051042,
            0.9988588094711304
        ],
        [
            0.00021243438823148608,
            0.9997876286506653
        ],
        [
            0.0009327213047072291,
            0.9990672469139099
        ],
        [
            0.0006450809305533767,
            0.999354898929596
        ],
        [
            0.00039517570985481143,
            0.9996048808097839
        ],
        [
            0.00011958398681599647,
            0.9998804330825806
        ],
        [
            0.00033040461130440235,
            0.9996695518493652
        ],
        [
            0.00014055354404263198,
            0.9998594522476196
        ],
        [
            0.0031847702339291573,
            0.9968152642250061
        ],
        [
            0.0007843011990189552,
            0.9992157220840454
        ],
        [
            0.0023089186288416386,
            0.9976911544799805
        ],
        [
            0.0013135230401530862,
            0.9986864924430847
        ],
        [
            0.00015531538520008326,
            0.9998446702957153
        ],
        [
            0.004585550632327795,
            0.9954143762588501
        ],
        [
            3.5766453947871923e-05,
            0.9999642372131348
        ],
        [
            0.0002492097264621407,
            0.9997507929801941
        ],
        [
            0.0001412284909747541,
            0.9998587369918823
        ],
        [
            0.00015282384993042797,
            0.9998471736907959
        ],
        [
            0.00016709559713490307,
            0.9998328685760498
        ],
        [
            0.00021868865587748587,
            0.9997813105583191
        ],
        [
            0.00036494270898401737,
            0.9996351003646851
        ],
        [
            0.00012054752733092755,
            0.9998794794082642
        ],
        [
            0.00014130606723483652,
            0.9998586177825928
        ],
        [
            0.00015530589735135436,
            0.9998446702957153
        ],
        [
            0.00013319222489371896,
            0.9998668432235718
        ],
        [
            0.00019625111599452794,
            0.9998037219047546
        ],
        [
            0.00012411583156790584,
            0.9998759031295776
        ],
        [
            3.129249671474099e-05,
            0.9999686479568481
        ],
        [
            0.00010390116221969947,
            0.9998960494995117
        ],
        [
            0.00011921236728085205,
            0.9998807907104492
        ],
        [
            0.0001231237838510424,
            0.999876856803894
        ],
        [
            0.0002850743185263127,
            0.9997149109840393
        ],
        [
            0.0040301308035850525,
            0.9959698915481567
        ],
        [
            0.0001374783314531669,
            0.999862551689148
        ],
        [
            0.00012439260899554938,
            0.999875545501709
        ],
        [
            0.0004671058268286288,
            0.99953293800354
        ],
        [
            0.00023764072102494538,
            0.9997623562812805
        ],
        [
            0.0003691415477078408,
