{
    "initial_probs": [
        1.0594449122436345e-05,
        0.99998939037323
    ],
    "initial_logits": [
        -5.117987155914307,
        6.33718204498291
    ],
    "transition_probs": [
        [
            0.45386484265327454,
            0.5461351871490479
        ],
        [
            0.037677835673093796,
            0.9623222351074219
        ]
    ],
    "transition_logits": [
        [
            0.1123642697930336,
            0.2974313497543335
        ],
        [
            -1.4211678504943848,
            1.819109559059143
        ]
    ],
    "posterior_probs": [
        [
            5.218539556040014e-08,
            1.0
        ],
        [
            0.0019219284877181053,
            0.9980781078338623
        ],
        [
            1.054980657499982e-05,
            0.9999895095825195
        ],
        [
            0.0013377430150285363,
            0.9986622333526611
        ],
        [
            0.0027863041032105684,
            0.9972136616706848
        ],
        [
            3.2199583074543625e-05,
            0.9999678134918213
        ],
        [
            1.0240489245916251e-05,
            0.9999897480010986
        ],
        [
            0.0035294624976813793,
            0.99647057056427
        ],
        [
            0.9991819262504578,
            0.0008181152516044676
        ],
        [
            0.9889490604400635,
            0.011050961911678314
        ],
        [
            0.7824937105178833,
            0.2175062745809555
        ],
        [
            0.020636986941099167,
            0.9793630838394165
        ],
        [
            0.0034839275758713484,
            0.9965161085128784
        ],
        [
            2.034191129496321e-05,
            0.9999796152114868
        ],
        [
            2.3878106730990112e-05,
            0.9999761581420898
        ],
        [
            0.0013695901725441217,
            0.9986304044723511
        ],
        [
            0.05623634159564972,
            0.9437636137008667
        ],
        [
            0.0001682101283222437,
            0.9998317956924438
        ],
        [
            1.1989690392510965e-05,
            0.9999879598617554
        ],
        [
            1.1612657544901595e-05,
            0.9999884366989136
        ],
        [
            2.572308039816562e-05,
            0.999974250793457
        ],
        [
            0.015345788560807705,
            0.9846541881561279
        ],
        [
            1.3137178029865026e-05,
            0.9999868869781494
        ],
        [
            0.00031372110242955387,
            0.9996862411499023
        ],
        [
            0.013197262771427631,
            0.9868027567863464
        ],
        [
            4.54255859949626e-05,
            0.9999545812606812
        ],
        [
            1.08405592982308e-05,
            0.9999891519546509
        ],
        [
            2.3716071154922247e-05,
            0.9999762773513794
        ],
        [
            2.7097843485535122e-05,
            0.999972939491272
        ],
        [
            0.00015800773689989,
            0.9998419284820557
        ],
        [
            0.03529507666826248,
            0.9647049307823181
        ],
        [
            0.00026521136169321835,
            0.9997348189353943
        ],
        [
            3.4326578315813094e-05,
            0.9999656677246094
        ],
        [
            0.00010128145368071273,
            0.9998986721038818
        ],
        [
            0.01670960895717144,
            0.983290433883667
        ],
        [
            0.9791978597640991,
            0.02080216072499752
        ],
        [
            0.0018658745102584362,
            0.998134195804596
        ],
        [
            9.65981962508522e-05,
            0.9999034404754639
        ],
        [
            0.00011069643369410187,
            0.9998892545700073
        ],
        [
            0.00034054488060064614,
            0.9996594190597534
        ],
        [
            0.07202418893575668,
            0.9279757738113403
        ],
        [
            0.00031159521313384175,
            0.9996883869171143
        ],
        [
            3.5035376640735194e-05,
            0.9999649524688721
        ],
        [
            0.0004880711203441024,
            0.9995119571685791
        ],
        [
            1.9738568880711682e-05,
            0.9999802112579346
        ],
        [
            8.946519665187225e-05,
            0.9999104738235474
        ],
        [
            0.00010462495993124321,
            0.9998953342437744
        ],
        [
            0.00012873100058641285,
            0.9998712539672852
        ],
        [
            4.129757508053444e-05,
            0.9999587535858154
        ],
        [
            1.342323866992956e-05,
            0.9999865293502808
        ],
        [
            0.00033754025935195386,
            0.9996625185012817
        ],
        [
            0.00025606941198930144,
            0.9997438788414001
        ],
        [
            0.0001843490026658401,
            0.9998156428337097
        ],
        [
            0.0001646165328565985,
            0.9998353719711304
        ],
        [
            7.021080091362819e-05,
            0.9999297857284546
        ],
        [
            9.532006515655667e-05,
            0.9999046325683594
        ],
        [
            0.000796706008259207,
            0.9992032647132874
        ],
        [
            0.0005827495479024947,
            0.9994173049926758
        ],
        [
            0.00018165074288845062,
            0.9998183846473694
        ],
        [
            5.30633406015113e-05,
            0.9999469518661499
        ],
        [
            0.00018135651771444827,
            0.9998186230659485
        ],
        [
            0.00036406420986168087,
            0.9996359348297119
        ],
        [
            0.0022692009806632996,
            0.9977307915687561
        ],
        [
            0.00034252196201123297,
            0.9996575117111206
        ]
    ],
    "states": [
        1,
        1,
        1,
        1,
        1,
        1,
        1,
        1,
        0,
        0,
        0,
        1,
        1,
        1,
        1,
        1,
        1,
        1,
        1,
        1,
        1,
        1,
        1,
        1,
        1,
        1,
        1,
        1,
        1,
        1,
        1,
        1,
        1,
        1,
        1,
        0,
        1,
        1,
        1,
        1,
        1,
        1,
        1,
        1,
        1,
        1,
        1,
        1,
        1,
        1,
        1,
        1,
        1,
        1,
        1,
        1,
        1,
        1,
        1,
        1,
        1,
        1,
        1,
        1
    ],
    "observation_types": [
        "turning_angle",
        "speed"
    ],
    "obs_dist_params": {
        "turning_angle": {
            "vm_locs": [
                1.2783441543579102,
                -0.08963513374328613
            ],
            "vm_cons": [
                6.147865295410156,
                7.251150608062744
            ]
        },
        "speed": {
            "gamma_shapes": [
                6.580174922943115,
                12.845844268798828
            ],
            "gamma_rates": [
                6.208834171295166,
                12.648480415344238
            ]
        }
    },
    "log_likelihood": -47.70730209350586,
    "num_params": 12,
    "bayesian_information_criterion": 145.32120118732777,
    "covariate_types": []
}