{
    "initial_probs": [
        0.9999963045120239,
        3.6663377613876946e-06
    ],
    "initial_logits": [
        7.075532913208008,
        -5.4407806396484375
    ],
    "transition_probs": [
        [
            0.9935203194618225,
            0.006479702889919281
        ],
        [
            0.9999175071716309,
            8.252745465142652e-05
        ]
    ],
    "transition_logits": [
        [
            3.2204842567443848,
            -1.8120955228805542
        ],
        [
            5.498225212097168,
            -3.904071807861328
        ]
    ],
    "posterior_probs": [
        [
            1.0,
            1.4269168529049137e-12
        ],
        [
            1.0,
            1.9260265604614801e-10
        ],
        [
            1.0,
            1.4266801962037334e-08
        ],
        [
            1.0,
            1.3448095970147733e-09
        ],
        [
            0.9999998807907104,
            9.608124429405507e-08
        ],
        [
            0.9999998807907104,
            8.617696778401296e-08
        ],
        [
            1.0,
            2.1716383358239e-08
        ],
        [
            0.9999932050704956,
            6.768263119738549e-06
        ],
        [
            0.9999977350234985,
            2.2379485926649068e-06
        ],
        [
            1.0,
            7.564128767789668e-10
        ],
        [
            1.0,
            3.694005518140031e-11
        ],
        [
            1.0,
            3.348070432007688e-10
        ],
        [
            1.0,
            1.7166618127006927e-09
        ],
        [
            1.0,
            2.483841798905928e-09
        ],
        [
            0.9999955892562866,
            4.406131665746216e-06
        ],
        [
            1.0,
            6.827149068300287e-09
        ],
        [
            1.0,
            4.01067357103102e-09
        ],
        [
            1.0,
            8.201029438881235e-11
        ],
        [
            0.9999998807907104,
            1.3613743021778646e-07
        ],
        [
            1.0,
            1.6415938608460579e-09
        ],
        [
            0.9999983310699463,
            1.6413275716331555e-06
        ],
        [
            1.0,
            6.94356838693011e-09
        ],
        [
            1.0,
            3.443125992652618e-11
        ],
        [
            1.0,
            4.584239654548128e-09
        ],
        [
            1.0,
            8.623788350092809e-10
        ],
        [
            0.9999998807907104,
            8.580792609791388e-08
        ],
        [
            1.0,
            7.403707869002574e-09
        ],
        [
            1.0,
            1.063765520115112e-08
        ],
        [
            1.0,
            1.437529095760226e-09
        ],
        [
            1.0,
            4.117162610839387e-09
        ],
        [
            1.0,
            7.65918856115988e-11
        ],
        [
            1.0,
            1.3481180616281563e-08
        ],
        [
            1.0,
            2.358603312657692e-09
        ],
        [
            1.0,
            5.407556358250076e-08
        ],
        [
            1.0,
            2.7643587419134974e-09
        ],
        [
            1.0,
            3.359680866843462e-10
        ],
        [
            0.9999933242797852,
            6.670701168332016e-06
        ],
        [
            1.0,
            1.6412832204437677e-10
        ],
        [
            1.0,
            3.5482072835435474e-09
        ],
        [
            1.0,
            1.1379320818960537e-09
        ],
        [
            1.0,
            1.5879524362105712e-09
        ],
        [
            1.0,
            3.0717411947378537e-10
        ],
        [
            1.0,
            1.3527949871416922e-09
        ],
        [
            1.0,
            1.5609776582437007e-08
        ],
        [
            1.0,
            1.5216608528767495e-10
        ],
        [
            1.0,
            2.868424942015224e-10
        ],
        [
            1.0,
            4.206283099605912e-10
        ],
        [
            1.0,
            1.0981754394734367e-09
        ],
        [
            0.9999997615814209,
            1.994091292090161e-07
        ],
        [
            1.0,
            3.3867467857939815e-11
        ],
        [
            0.9999339580535889,
            6.59867946524173e-05
        ],
        [
            1.0,
            3.915366086904015e-10
        ],
        [
            1.0,
            6.773871047416336e-11
        ],
        [
            1.0,
            5.153056314988191e-10
        ],
        [
            1.0,
            5.393348878612869e-09
        ],
        [
            1.0,
            9.296338698838724e-10
        ],
        [
            1.0,
            3.780528334829114e-09
        ],
        [
            1.0,
            6.767265858798055e-09
        ],
        [
            1.0,
            7.02413105457822e-09
        ],
        [
            1.0,
            9.61601354099173e-11
        ],
        [
            0.9999997615814209,
            2.068754696438191e-07
        ],
        [
            1.0,
            2.1398795624349987e-08
        ],
        [
            1.0,
            8.009273244624637e-09
        ],
        [
            1.0,
            1.1460352666858853e-08
        ],
        [
            1.0,
            2.9035993054371545e-10
        ],
        [
            1.0,
            5.823228566015359e-10
        ],
        [
            1.0,
            2.0097430386556425e-09
        ],
        [
            1.0,
            1.3713944646553955e-08
        ],
        [
            1.0,
            9.173563991771161e-11
        ],
        [
            1.0,
            7.711048466418902e-11
        ],
        [
            0.9999998807907104,
            1.515668373031076e-07
        ],
        [
            0.9999998807907104,
            1.4051114760604833e-07
        ],
        [
            1.0,
            3.194986983312553e-11
        ],
        [
            1.0,
            1.9356052871621898e-10
        ],
        [
            1.0,
            1.8310673810528755e-10
        ],
        [
            0.9999971389770508,
            2.8702313557005255e-06
        ],
        [
            1.0,
            1.4632817624260497e-08
        ],
        [
            0.9999980926513672,
            1.934107331180712e-06
        ],
        [
            1.0,
            3.71200188642451e-11
        ],
        [
            1.0,
            5.786422729858742e-11
        ],
        [
            0.9999998807907104,
            1.506207212287336e-07
        ],
        [
            0.9999986886978149,
            1.3648078720507328e-06
        ],
        [
            1.0,
            2.737550741649386e-10
        ],
        [
            1.0,
            1.1352757622873355e-10
        ],
        [
            1.0,
            5.7783360318808263e-08
        ],
        [
            1.0,
            1.4246748225588135e-10
        ],
        [
            1.0,
            4.850599366612585e-10
        ],
        [
            0.9999998807907104,
            7.656073819362064e-08
        ],
        [
            1.0,
            3.053909902739349e-11
        ],
        [
            0.9999998807907104,
            1.424784130676926e-07
        ],
        [
            1.0,
            4.089967600706679e-11
        ],
        [
            1.0,
            1.4289126548661102e-09
        ],
        [
            0.010041375644505024,
            0.9899585843086243
        ],
        [
            1.0,
            5.979926970267613e-11
        ],
        [
            0.9999791383743286,
            2.0903924450976774e-05
        ],
        [
            1.0,
            1.222666079492285e-09
        ],
        [
            1.0,
            2.311006941368987e-10
        ],
        [
            1.0,
