{
    "initial_probs": [
        0.9995930790901184,
        0.00040692303446121514
    ],
    "initial_logits": [
        4.602733612060547,
        -3.2037458419799805
    ],
    "transition_probs": [
        [
            0.9092432260513306,
            0.09075675159692764
        ],
        [
            0.10355044156312943,
            0.8964495062828064
        ]
    ],
    "transition_logits": [
        [
            1.8328953981399536,
            -0.4715344309806824
        ],
        [
            -0.7147813439369202,
            1.4436017274856567
        ]
    ],
    "posterior_probs": [
        [
            1.0,
            2.2818749114642684e-14
        ],
        [
            1.0,
            6.332374069550895e-10
        ],
        [
            0.9999963045120239,
            3.6709350297314813e-06
        ],
        [
            0.9999995231628418,
            5.188745149098395e-07
        ],
        [
            1.0,
            3.803582449002363e-11
        ],
        [
            0.9975075721740723,
            0.0024924229364842176
        ],
        [
            0.9973439574241638,
            0.0026560972910374403
        ],
        [
            1.0,
            1.8076631771307694e-12
        ],
        [
            0.9999994039535522,
            6.465482442763459e-07
        ],
        [
            0.9999964237213135,
            3.5689763535629027e-06
        ],
        [
            0.9999887943267822,
            1.1159441783092916e-05
        ],
        [
            1.0,
            4.2746787443093126e-08
        ],
        [
            1.0,
            9.973173398236668e-10
        ],
        [
            0.39881977438926697,
            0.6011802554130554
        ],
        [
            0.019929639995098114,
            0.9800702929496765
        ],
        [
            6.423043032555142e-06,
            0.9999935626983643
        ],
        [
            1.9598627432060312e-07,
            0.9999997615814209
        ],
        [
            8.245311619248241e-05,
            0.9999175071716309
        ],
        [
            8.954852148690406e-08,
            0.9999998807907104
        ],
        [
            3.6248475225875154e-06,
            0.9999964237213135
        ],
        [
            0.35126936435699463,
            0.6487306952476501
        ],
        [
            0.8409948945045471,
            0.1590050905942917
        ],
        [
            0.9411575794219971,
            0.058842431753873825
        ],
        [
            0.9557437896728516,
            0.044256195425987244
        ],
        [
            0.9788138270378113,
            0.02118617482483387
        ],
        [
            0.9921724796295166,
            0.007827493362128735
        ],
        [
            0.9938806295394897,
            0.006119331810623407
        ],
        [
            0.9901036024093628,
            0.009896419011056423
        ],
        [
            0.9602494835853577,
            0.039750516414642334
        ],
        [
            0.8002752661705017,
            0.1997247189283371
        ],
        [
            0.015751881524920464,
            0.9842481017112732
        ],
        [
            0.03654530644416809,
            0.9634546637535095
        ],
        [
            0.07287243008613586,
            0.9271275997161865
        ],
        [
            0.2918189465999603,
            0.7081810235977173
        ],
        [
            0.46981674432754517,
            0.5301833152770996
        ],
        [
            0.608608603477478,
            0.39139142632484436
        ],
        [
            0.8984523415565491,
            0.10154768079519272
        ],
        [
            0.9746026992797852,
            0.02539736032485962
        ],
        [
            0.9886101484298706,
            0.01138985250145197
        ],
        [
            0.9811800718307495,
            0.018819881603121758
        ],
        [
            0.9595528841018677,
            0.040447063744068146
        ],
        [
            0.9895135164260864,
            0.01048639789223671
        ],
        [
            0.9940299987792969,
            0.005969998426735401
        ],
        [
            0.9889296889305115,
            0.011070323176681995
        ],
        [
            0.9773210883140564,
            0.022678863257169724
        ],
        [
            0.9027422666549683,
            0.09725768864154816
        ],
        [
            0.6751826405525208,
            0.324817419052124
        ],
        [
            3.603046934586018e-05,
            0.9999639987945557
        ],
        [
            0.10212968289852142,
            0.8978703618049622
        ],
        [
            0.1691698431968689,
            0.8308301568031311
        ],
        [
            0.4129406809806824,
            0.5870593190193176
        ],
        [
            0.9705973863601685,
            0.02940267324447632
        ],
        [
            0.9738230109214783,
            0.026177003979682922
        ],
        [
            0.9500892758369446,
            0.04991075024008751
        ],
        [
            0.838752031326294,
            0.16124799847602844
        ],
        [
            0.6369990706443787,
            0.3630009591579437
        ],
        [
            0.10744625329971313,
            0.8925536870956421
        ],
        [
            1.1011462675014627e-07,
            0.9999998807907104
        ],
        [
            5.541621794691309e-05,
            0.9999445676803589
        ],
        [
            6.410372748177906e-07,
            0.9999994039535522
        ],
        [
            1.5444496376249006e-11,
            1.0
        ],
        [
            8.11794848232239e-07,
            0.9999991655349731
        ],
        [
            5.804424496602678e-09,
            1.0
        ],
        [
            1.2327403986489571e-08,
            1.0
        ],
        [
            0.012689784169197083,
            0.9873101711273193
        ],
        [
            0.009755533188581467,
            0.9902443885803223
        ],
        [
            0.9114362597465515,
            0.08856377005577087
        ],
        [
            0.9683691263198853,
            0.03163091838359833
        ],
        [
            0.9999977350234985,
            2.243487415398704e-06
        ],
        [
            0.9687358140945435,
            0.031264226883649826
        ],
        [
            0.8404186964035034,
            0.15958134829998016
        ],
        [
            0.6812697052955627,
            0.31873029470443726
        ],
        [
            0.5574312806129456,
            0.44256874918937683
        ],
        [
            0.4649660885334015,
            0.5350338816642761
        ],
        [
            0.00045950981439091265,
            0.9995405673980713
        ],
        [
            0.0005722323548980057,
            0.9994277358055115
        ],
        [
            1.0344154333097322e-07,
            0.9999998807907104
        ],
        [
            0.049451131373643875,
            0.9505488872528076
        ],
        [
            3.328423092696653e-09,
            1.0
        ],
        [
            3.5658736123878043e-06,
            0.9999964237213135
        ],
        [
            0.009698213078081608,
            0.990301787853241
        ],
        [
            2.482796901404072e-07,
            0.9999997615814209
        ],
        [
            4.101095463227011e-09,
            1.0
        ],
        [
            1.5915962649160065e-05,
            0.9999840259552002
        ],
        [
            0.0005989741184748709,
            0.9994009733200073
        ],
        [
            0.0003601482603698969,
            0.9996398687362671
        ],
        [
            1.48761500895489e-06,
            0.9999985694885254
        ],
        [
            3.700121851579752e-06,
