{
    "initial_probs": [
        1.2892645827378146e-05,
        0.9999871253967285
    ],
    "initial_logits": [
        -4.874945640563965,
        6.383894920349121
    ],
    "transition_probs": [
        [
            0.9142001271247864,
            0.08579986542463303
        ],
        [
            0.9354747533798218,
            0.06452525407075882
        ]
    ],
    "transition_logits": [
        [
            1.7691943645477295,
            -0.5968377590179443
        ],
        [
            1.7129623889923096,
            -0.9610349535942078
        ]
    ],
    "posterior_probs": [
        [
            6.9165139393589925e-06,
            0.999993085861206
        ],
        [
            1.0,
            2.7200224295143016e-09
        ],
        [
            0.9835357666015625,
            0.016464198008179665
        ],
        [
            0.9467230439186096,
            0.053276967257261276
        ],
        [
            0.9981914162635803,
            0.0018085574265569448
        ],
        [
            0.9850122928619385,
            0.01498769223690033
        ],
        [
            0.9999998807907104,
            1.5634454086921323e-07
        ],
        [
            0.9516333341598511,
            0.04836660996079445
        ],
        [
            0.9991338849067688,
            0.0008661923347972333
        ],
        [
            0.9636604189872742,
            0.03633955866098404
        ],
        [
            1.0,
            5.744298814428031e-21
        ],
        [
            0.9295604228973389,
            0.07043961435556412
        ],
        [
            0.9744088649749756,
            0.02559107355773449
        ],
        [
            1.0,
            4.288764747495231e-20
        ],
        [
            0.9995939135551453,
            0.0004061135114170611
        ],
        [
            0.8511581420898438,
            0.14884188771247864
        ],
        [
            0.9957761168479919,
            0.004223878961056471
        ],
        [
            1.0,
            1.9053487448080279e-22
        ],
        [
            0.9438769221305847,
            0.056123074144124985
        ],
        [
            1.0,
            1.259858323510014e-22
        ],
        [
            0.932741105556488,
            0.06725894659757614
        ],
        [
            1.0,
            6.327007060630274e-12
        ],
        [
            0.46456754207611084,
            0.5354324579238892
        ],
        [
            0.0022330021020025015,
            0.9977669715881348
        ],
        [
            0.9881200790405273,
            0.01187986321747303
        ],
        [
            0.9999977350234985,
            2.2087726847530575e-06
        ],
        [
            1.0,
            2.545812995772629e-19
        ],
        [
            0.9999901056289673,
            9.853746632870752e-06
        ],
        [
            0.9360808730125427,
            0.06391920149326324
        ],
        [
            0.9662018418312073,
            0.03379816561937332
        ],
        [
            0.9967568516731262,
            0.0032431355211883783
        ],
        [
            0.9800017476081848,
            0.019998306408524513
        ],
        [
            0.9998018145561218,
            0.00019820689340122044
        ],
        [
            0.8891263008117676,
            0.11087363958358765
        ],
        [
            0.9366010427474976,
            0.06339895725250244
        ],
        [
            0.9957062602043152,
            0.004293762147426605
        ],
        [
            0.9668651223182678,
            0.0331348292529583
        ],
        [
            0.9510286450386047,
            0.04897135868668556
        ],
        [
            0.9999997615814209,
            2.383241621828347e-07
        ],
        [
            1.0,
            1.2442317683970805e-13
        ],
        [
            0.9373579025268555,
            0.06264210492372513
        ],
        [
            0.9688727855682373,
            0.031127260997891426
        ],
        [
            0.724663257598877,
            0.27533668279647827
        ],
        [
            0.9998599290847778,
            0.00014010394806973636
        ],
        [
            0.9999194145202637,
            8.053341298364103e-05
        ],
        [
            0.9926009774208069,
            0.007398978341370821
        ],
        [
            0.998191773891449,
            0.0018082270398736
        ],
        [
            0.9973486661911011,
            0.0026512909680604935
        ],
        [
            0.9840064644813538,
            0.015993569046258926
        ],
        [
            0.916964054107666,
            0.08303596079349518
        ],
        [
            0.9904866814613342,
            0.009513279423117638
        ],
        [
            0.9276751279830933,
            0.07232486456632614
        ],
        [
            1.0,
            1.0317801827763245e-20
        ],
        [
            0.9385337233543396,
            0.0614662803709507
        ],
        [
            0.999085545539856,
            0.0009144464274868369
        ],
        [
            0.9704120755195618,
            0.029587864875793457
        ],
        [
            0.2104010432958603,
            0.7895990014076233
        ],
        [
            1.0,
            1.503336344299555e-10
        ],
        [
            1.0,
            2.4506036089277927e-10
        ],
        [
            1.0,
            1.325542373237446e-16
        ],
        [
            0.9979965090751648,
            0.002003455301746726
        ],
        [
            0.9611481428146362,
            0.03885180503129959
        ],
        [
            0.8824848532676697,
            0.11751514673233032
        ],
        [
            1.0,
            1.6167695058602155e-16
        ],
        [
            0.9515828490257263,
            0.04841721057891846
        ],
        [
            0.8614071011543274,
            0.1385928988456726
        ],
        [
            0.9965176582336426,
            0.003482365282252431
        ],
        [
            0.9881094098091125,
            0.01189061626791954
        ],
        [
            0.9472530484199524,
            0.052746888250112534
        ],
        [
            0.9035817384719849,
            0.09641826897859573
        ],
        [
            0.9978408813476562,
            0.0021590504329651594
        ],
        [
            0.9551259875297546,
            0.04487405717372894
        ],
        [
            1.0,
            1.843613317564774e-10
        ],
        [
            0.7196915149688721,
            0.28030842542648315
        ],
        [
            0.9991975426673889,
            0.0008025183342397213
        ],
        [
            1.0,
            5.196484353930941e-10
        ],
        [
            0.9238245487213135,
            0.07617541402578354
        ],
        [
            0.9999990463256836,
            9.026700809044996e-07
        ],
        [
            0.999970555305481,
            2.9499986339942552e-05
        ],
        [
            0.9167593121528625,
            0.08324067294597626
        ],
        [
            0.922813355922699,
            0.07718659937381744
        ],
        [
            0.9614388942718506,
            0.03856111690402031
        ],
        [
            0.958015501499176,
            0.041984498500823975
        ],
        [
            0.999921441078186,
            7.855766307329759e-05
        ],
        [
            0.9888089299201965,
            0.011191077530384064
        ],
        [
            0.9999772310256958,
            2.2763997549191117e-05
        ],
        [
            0.9999979734420776,
            2.054033529930166e-06
        ],
        [
            0.9078854918479919,
            0.09211450070142746
        ],
        [
            0.9978410005569458,
