{
    "initial_probs": [
        0.9996799230575562,
        0.0003200702485628426
    ],
    "initial_logits": [
        4.623715400695801,
        -3.422934055328369
    ],
    "transition_probs": [
        [
            0.8805297613143921,
            0.11947029829025269
        ],
        [
            0.2774573564529419,
            0.7225426435470581
        ]
    ],
    "transition_logits": [
        [
            1.3884429931640625,
            -0.6090129613876343
        ],
        [
            0.20677024126052856,
            1.16387939453125
        ]
    ],
    "posterior_probs": [
        [
            0.9999998807907104,
            1.0802272498722232e-07
        ],
        [
            0.9999402761459351,
            5.977923865430057e-05
        ],
        [
            0.9998595714569092,
            0.00014046780415810645
        ],
        [
            0.9999771118164062,
            2.2863552658236586e-05
        ],
        [
            0.999984860420227,
            1.5094948139449116e-05
        ],
        [
            0.999983549118042,
            1.6419930034317076e-05
        ],
        [
            0.9999468326568604,
            5.320643322193064e-05
        ],
        [
            0.9998852014541626,
            0.00011479296517791227
        ],
        [
            0.9998525381088257,
            0.00014743725478183478
        ],
        [
            0.9999010562896729,
            9.887777559924871e-05
        ],
        [
            0.9999823570251465,
            1.759826045599766e-05
        ],
        [
            0.9999896287918091,
            1.0368949006078765e-05
        ],
        [
            0.9999839067459106,
            1.6119553038151935e-05
        ],
        [
            0.9999537467956543,
            4.624521534424275e-05
        ],
        [
            0.9726153612136841,
            0.027384614571928978
        ],
        [
            0.9525355100631714,
            0.04746448993682861
        ],
        [
            0.9856772422790527,
            0.01432280708104372
        ],
        [
            0.9909592866897583,
            0.009040762670338154
        ],
        [
            0.9619325399398804,
            0.03806748613715172
        ],
        [
            0.9951673746109009,
            0.004832656122744083
        ],
        [
            0.9997562766075134,
            0.0002437205839669332
        ],
        [
            0.9941105246543884,
            0.005889409687370062
        ],
        [
            0.9818176627159119,
            0.018182380124926567
        ],
        [
            0.9906526803970337,
            0.009347369894385338
        ],
        [
            0.853138267993927,
            0.1468617469072342
        ],
        [
            1.784965917295267e-07,
            0.9999998807907104
        ],
        [
            0.9755004048347473,
            0.024499554187059402
        ],
        [
            0.9947624802589417,
            0.005237587261945009
        ],
        [
            0.9770068526268005,
            0.02299313247203827
        ],
        [
            0.9978068470954895,
            0.002193109830841422
        ],
        [
            0.997685432434082,
            0.00231454917229712
        ],
        [
            0.9924417734146118,
            0.007558217737823725
        ],
        [
            0.9905073642730713,
            0.009492596611380577
        ],
        [
            0.9859253764152527,
            0.01407463289797306
        ],
        [
            0.9705276489257812,
            0.02947242744266987
        ],
        [
            0.9831641316413879,
            0.016835929825901985
        ],
        [
            0.9512513279914856,
            0.048748694360256195
        ],
        [
            0.6757646203041077,
            0.3242354094982147
        ],
        [
            0.08605188131332397,
            0.913948118686676
        ],
        [
            0.9515392184257507,
            0.048460811376571655
        ],
        [
            0.9974972605705261,
            0.002502686809748411
        ],
        [
            0.9987454414367676,
            0.0012544796336442232
        ],
        [
            0.9679872989654541,
            0.03201264142990112
        ],
        [
            0.8791727423667908,
            0.12082730233669281
        ],
        [
            0.0066045718267560005,
            0.9933953881263733
        ],
        [
            0.5517699718475342,
            0.4482300281524658
        ],
        [
            0.760461688041687,
            0.239538311958313
        ],
        [
            0.8978829383850098,
            0.10211708396673203
        ],
        [
            0.9993316531181335,
            0.0006683308747597039
        ],
        [
            0.999382734298706,
            0.0006172130233608186
        ],
        [
            0.9987221360206604,
            0.001277826726436615
        ],
        [
            0.9154765605926514,
            0.08452344685792923
        ],
        [
            0.4813166856765747,
            0.5186833143234253
        ],
        [
            0.022700857371091843,
            0.977299153804779
        ],
        [
            0.011728218756616116,
            0.9882717728614807
        ],
        [
            2.582150547354541e-32,
            1.0
        ],
        [
            1.6907971200907923e-07,
            0.9999998807907104
        ],
        [
            0.05407840013504028,
            0.9459215998649597
        ],
        [
            0.8532949686050415,
            0.14670506119728088
        ],
        [
            0.8096713423728943,
            0.1903286725282669
        ],
        [
            0.014316345565021038,
            0.9856837391853333
        ],
        [
            0.06812173873186111,
            0.9318782687187195
        ],
        [
            6.148815484552372e-11,
            1.0
        ],
        [
            0.10386501997709274,
            0.8961349129676819
        ],
        [
            0.9479124546051025,
            0.05208752676844597
        ],
        [
            0.9264369606971741,
            0.07356305420398712
        ],
        [
            0.0022540425416082144,
            0.997745931148529
        ],
        [
            0.25817400217056274,
            0.7418259978294373
        ],
        [
            0.4271129369735718,
            0.5728870630264282
        ],
        [
            3.0010280624992447e-06,
            0.9999970197677612
        ],
        [
            0.22023238241672516,
            0.7797676920890808
        ],
        [
            0.9665607810020447,
            0.03343925625085831
        ],
        [
            0.8617637157440186,
            0.13823622465133667
        ],
        [
            0.058066464960575104,
            0.9419335722923279
        ],
        [
            0.030585184693336487,
            0.9694147706031799
        ],
        [
            5.88239913668076e-07,
            0.9999994039535522
        ],
        [
            4.641714292932201e-15,
            1.0
        ],
        [
            0.044240061193704605,
            0.9557598829269409
        ],
        [
            0.0,
            1.0
        ],
        [
            0.18401941657066345,
            0.8159806132316589
        ],
        [
            0.8755776882171631,
            0.12442231178283691
        ],
        [
            0.9255397319793701,
            0.07446029037237167
        ],
        [
            0.8919699192047119,
            0.1080300509929657
        ],
        [
            0.9412875771522522,
            0.0587124340236187
        ],
        [
            0.8817359209060669,
            0.11826412379741669
        ],
        [
            0.9656068086624146,
            0.034393131732940674
        ],
        [
            0.9138664603233337,
            0.08613351732492447
        ],
        [
