{
    "initial_probs": [
        3.530079629854299e-05,
        0.999964714050293
    ],
    "initial_logits": [
        -4.500333786010742,
        5.7512359619140625
    ],
    "transition_probs": [
        [
            0.43617740273475647,
            0.5638226270675659
        ],
        [
            0.02451784722507,
            0.975482165813446
        ]
    ],
    "transition_logits": [
        [
            0.5791577100753784,
            0.835848331451416
        ],
        [
            -1.6040434837341309,
            2.0794870853424072
        ]
    ],
    "posterior_probs": [
        [
            3.3165743928975644e-08,
            1.0
        ],
        [
            1.925017568282783e-05,
            0.9999808073043823
        ],
        [
            9.459357897867449e-06,
            0.9999905824661255
        ],
        [
            5.262557169771753e-05,
            0.9999474287033081
        ],
        [
            3.677947120195313e-07,
            0.9999996423721313
        ],
        [
            1.4946319424780086e-05,
            0.9999850988388062
        ],
        [
            7.96551205439755e-07,
            0.9999991655349731
        ],
        [
            1.329133624494716e-06,
            0.9999986886978149
        ],
        [
            4.9628186388872564e-05,
            0.9999504089355469
        ],
        [
            6.995901003392646e-06,
            0.9999929666519165
        ],
        [
            2.5278206521761604e-05,
            0.9999747276306152
        ],
        [
            3.5035932341997977e-06,
            0.999996542930603
        ],
        [
            4.992457616026513e-05,
            0.9999500513076782
        ],
        [
            7.2105635808839e-06,
            0.999992847442627
        ],
        [
            1.6626337355774012e-06,
            0.9999983310699463
        ],
        [
            5.948455145698972e-05,
            0.9999405145645142
        ],
        [
            1.8343431520406739e-06,
            0.9999982118606567
        ],
        [
            3.8378539102268405e-06,
            0.9999961853027344
        ],
        [
            4.546940317595727e-07,
            0.9999995231628418
        ],
        [
            2.517997199902311e-05,
            0.9999748468399048
        ],
        [
            1.3108068742440082e-05,
            0.9999868869781494
        ],
        [
            6.930314100372925e-08,
            0.9999998807907104
        ],
        [
            0.00027311325538903475,
            0.9997268319129944
        ],
        [
            0.00011869682202814147,
            0.9998812675476074
        ],
        [
            1.1540217670358288e-08,
            1.0
        ],
        [
            3.023354111064691e-06,
            0.9999970197677612
        ],
        [
            5.11704593009199e-06,
            0.9999948740005493
        ],
        [
            0.00013635490904562175,
            0.9998636245727539
        ],
        [
            2.656751803442603e-06,
            0.9999973773956299
        ],
        [
            8.414333478867775e-07,
            0.9999991655349731
        ],
        [
            1.2303454241191503e-05,
            0.9999877214431763
        ],
        [
            3.3071291909436695e-06,
            0.9999966621398926
        ],
        [
            4.331889158493141e-06,
            0.9999957084655762
        ],
        [
            6.936949681346505e-09,
            1.0
        ],
        [
            3.361575551252827e-08,
            1.0
        ],
        [
            5.167610288481228e-05,
            0.999948263168335
        ],
        [
            5.741250060964376e-05,
            0.9999425411224365
        ],
        [
            0.00021233473671600223,
            0.9997876286506653
        ],
        [
            0.0001598340313648805,
            0.9998401403427124
        ],
        [
            1.5195413425317383e-06,
            0.9999984502792358
        ],
        [
            0.002976294606924057,
            0.9970237612724304
        ],
        [
            8.833575520839076e-06,
            0.9999911785125732
        ],
        [
            0.004970247391611338,
            0.9950297474861145
        ],
        [
            0.0007764602778479457,
            0.9992235898971558
        ],
        [
            0.0038978285156190395,
            0.9961022138595581
        ],
        [
            4.973875320501975e-07,
            0.9999995231628418
        ],
        [
            4.928601629217155e-05,
            0.9999507665634155
        ],
        [
            1.1787813491537236e-05,
            0.9999881982803345
        ],
        [
            1.4506784282275476e-05,
            0.9999854564666748
        ],
        [
            0.003904220648109913,
            0.9960958361625671
        ],
        [
            3.483034788587247e-06,
            0.999996542930603
        ],
        [
            2.030476935033221e-06,
            0.9999979734420776
        ],
        [
            3.5331850085640326e-05,
            0.999964714050293
        ],
        [
            4.398268174554687e-06,
            0.9999955892562866
        ],
        [
            0.00011169153003720567,
            0.9998883008956909
        ],
        [
            0.07304175198078156,
            0.9269582629203796
        ],
        [
            0.00021853085490874946,
            0.9997814297676086
        ],
        [
            2.803285497066099e-06,
            0.9999971389770508
        ],
        [
            0.00015585449000354856,
            0.9998440742492676
        ],
        [
            9.082199539989233e-06,
            0.9999909400939941
        ],
        [
            1.668260551923595e-08,
            1.0
        ],
        [
            3.5240776696809917e-07,
            0.9999996423721313
        ],
        [
            3.723477448147605e-06,
            0.9999963045120239
        ],
        [
            5.149004209670238e-07,
            0.9999995231628418
        ],
        [
            1.2001375182535412e-07,
            0.9999998807907104
        ],
        [
            0.9997740387916565,
            0.0002259596949443221
        ],
        [
            0.9984027743339539,
            0.001597217284142971
        ],
        [
            0.9769644737243652,
            0.023035502061247826
        ],
        [
            0.5833491683006287,
            0.41665083169937134
        ],
        [
            0.03396260738372803,
            0.966037392616272
        ],
        [
            0.0011328166583552957,
            0.9988671541213989
        ],
        [
            3.263198595959693e-05,
            0.9999673366546631
        ],
        [
            3.122676616840181e-06,
            0.9999969005584717
        ],
        [
            1.2779955227415485e-07,
            0.9999998807907104
        ],
        [
            0.0001123061592807062,
            0.9998877048492432
        ],
        [
            8.310032058034267e-07,
            0.9999991655349731
        ],
        [
            2.2928315956960432e-05,
            0.9999771118164062
        ],
        [
            3.4277536542504095e-06,
            0.999996542930603
        ],
        [
            1.764957460181904e-06,
            0.9999982118606567
        ],
        [
            6.560713927683537e-08,
            0.9999998807907104
        ],
        [
            0.005013907793909311,
            0.9949860572814941
        ],
        [
            0.00033273748704232275,
            0.9996672868728638
        ],
        [
            7.183890829765005e-06,
            0.999992847442627
        ],
        [
            1.7761117305781227e-06,
            0.9999982118606567
        ],
        [
            0.00017383166414219886,
            0.9998262524604797
        ],
        [
            5.05429161421489e-05,
