{
    "initial_probs": [
        4.585437272908166e-05,
        0.999954104423523
    ],
    "initial_logits": [
        -4.565927505493164,
        5.42406702041626
    ],
    "transition_probs": [
        [
            0.11547577381134033,
            0.8845241665840149
        ],
        [
            0.14982306957244873,
            0.8501769304275513
        ]
    ],
    "transition_logits": [
        [
            -0.29912951588630676,
            1.7368594408035278
        ],
        [
            -0.3266209661960602,
            1.4093685150146484
        ]
    ],
    "posterior_probs": [
        [
            9.91346769296797e-06,
            0.9999901056289673
        ],
        [
            0.9525492787361145,
            0.04745069518685341
        ],
        [
            0.039865996688604355,
            0.960133969783783
        ],
        [
            0.027501091361045837,
            0.972498893737793
        ],
        [
            0.03410746157169342,
            0.9658925533294678
        ],
        [
            0.050739165395498276,
            0.9492608904838562
        ],
        [
            0.16122941672801971,
            0.8387705683708191
        ],
        [
            0.37455475330352783,
            0.6254452466964722
        ],
        [
            0.03419201448559761,
            0.9658079743385315
        ],
        [
            0.055491115897893906,
            0.9445088505744934
        ],
        [
            0.03418193757534027,
            0.9658180475234985
        ],
        [
            0.030526429414749146,
            0.9694736003875732
        ],
        [
            0.03532847389578819,
            0.9646715521812439
        ],
        [
            0.07145137339830399,
            0.9285486936569214
        ],
        [
            0.035203881561756134,
            0.9647961258888245
        ],
        [
            0.01728212460875511,
            0.9827179312705994
        ],
        [
            0.9906938672065735,
            0.00930620077997446
        ],
        [
            1.0677216923105082e-11,
            1.0
        ],
        [
            5.546335057893259e-10,
            1.0
        ],
        [
            0.11106029897928238,
            0.8889396786689758
        ],
        [
            0.13225515186786652,
            0.8677448034286499
        ],
        [
            0.03735102340579033,
            0.9626489877700806
        ],
        [
            0.02897290140390396,
            0.9710270762443542
        ],
        [
            0.22225670516490936,
            0.7777433395385742
        ],
        [
            0.21267114579677582,
            0.787328839302063
        ],
        [
            0.07352977991104126,
            0.9264702200889587
        ],
        [
            0.09316107630729675,
            0.9068388938903809
        ],
        [
            0.9683886766433716,
            0.03161129355430603
        ],
        [
            0.07932837307453156,
            0.9206715822219849
        ],
        [
            0.035111743956804276,
            0.9648882150650024
        ],
        [
            0.022745585069060326,
            0.9772543907165527
        ],
        [
            0.02128862403333187,
            0.9787114262580872
        ],
        [
            0.03893280029296875,
            0.9610671997070312
        ],
        [
            0.03356969729065895,
            0.9664302468299866
        ],
        [
            0.02600524015724659,
            0.973994791507721
        ],
        [
            0.05435381084680557,
            0.9456461668014526
        ],
        [
            0.031166858971118927,
            0.9688331484794617
        ],
        [
            0.02209547907114029,
            0.9779045581817627
        ],
        [
            0.3473433554172516,
            0.652656614780426
        ],
        [
            0.048731714487075806,
            0.9512682557106018
        ],
        [
            0.02424774318933487,
            0.9757522940635681
        ],
        [
            0.006082599516957998,
            0.9939174056053162
        ],
        [
            0.04669642075896263,
            0.9533035755157471
        ],
        [
            0.9202045798301697,
            0.0797954648733139
        ],
        [
            0.04448069632053375,
            0.9555193185806274
        ],
        [
            0.028285503387451172,
            0.9717144966125488
        ],
        [
            0.02448788844048977,
            0.9755120873451233
        ],
        [
            0.08434180170297623,
            0.9156582355499268
        ],
        [
            0.07511913031339645,
            0.9248808026313782
        ],
        [
            0.027857542037963867,
            0.9721425175666809
        ],
        [
            0.03128040209412575,
            0.9687196016311646
        ],
        [
            0.020243793725967407,
            0.979756236076355
        ],
        [
            0.09514959901571274,
            0.9048504829406738
        ],
        [
            0.07563384622335434,
            0.9243661761283875
        ],
        [
            0.03774695098400116,
            0.9622530341148376
        ],
        [
            0.061640795320272446,
            0.9383591413497925
        ],
        [
            0.1392573118209839,
            0.8607426881790161
        ],
        [
            0.27101045846939087,
            0.7289895415306091
        ],
        [
            0.10823901742696762,
            0.8917609453201294
        ],
        [
            0.031856976449489594,
            0.9681430459022522
        ],
        [
            0.020940452814102173,
            0.9790595769882202
        ],
        [
            0.06176801025867462,
            0.9382319450378418
        ],
        [
            0.021993501111865044,
            0.9780064821243286
        ],
        [
            0.03179209679365158,
            0.9682079553604126
        ],
        [
            0.0271337628364563,
            0.9728662371635437
        ],
        [
            0.12142179906368256,
            0.8785781264305115
        ],
        [
            0.034042175859212875,
            0.9659578800201416
        ],
        [
            0.9836053252220154,
            0.016394665464758873
        ],
        [
            0.031239738687872887,
            0.9687601923942566
        ],
        [
            0.9931104183197021,
            0.006889624986797571
        ],
        [
            0.012028729543089867,
            0.9879712462425232
        ],
        [
            0.039075788110494614,
            0.9609242081642151
        ],
        [
            0.057534635066986084,
            0.9424653649330139
        ],
        [
            0.024458017200231552,
            0.9755419492721558
        ],
        [
            0.021197887137532234,
            0.9788020849227905
        ],
        [
            0.034579087048769,
            0.9654209017753601
        ],
        [
            0.07201221585273743,
            0.927987813949585
        ],
        [
            0.04346592724323273,
            0.9565340876579285
        ],
        [
            0.032552242279052734,
            0.9674477577209473
        ],
        [
            0.12538297474384308,
            0.8746170997619629
        ],
        [
            0.018975764513015747,
            0.9810242652893066
        ],
        [
            0.2114371508359909,
            0.7885627746582031
        ],
        [
            0.25693684816360474,
            0.7430631518363953
        ],
        [
            0.02607257291674614,
            0.97392737865448
        ],
        [
            0.03931137174367905,
            0.960688591003418
        ],
        [
            0.14023686945438385,
            0.8597630858421326
        ],
        [
            0.04643762484192848,
            0.953562319278717
        ],
        [
