{
    "initial_probs": [
        0.9998500347137451,
        0.0001498866913607344
    ],
    "initial_logits": [
        4.743175983428955,
        -4.062305450439453
    ],
    "transition_probs": [
        [
            0.9756126403808594,
            0.02438739687204361
        ],
        [
            0.11600876599550247,
            0.8839911818504333
        ]
    ],
    "transition_logits": [
        [
            2.267084836959839,
            -1.4219143390655518
        ],
        [
            -0.3241598308086395,
            1.7066214084625244
        ]
    ],
    "posterior_probs": [
        [
            0.9999957084655762,
            4.2335432226536795e-06
        ],
        [
            0.9989439845085144,
            0.0010560075752437115
        ],
        [
            0.9990959167480469,
            0.0009040504228323698
        ],
        [
            0.9991734623908997,
            0.0008264835341833532
        ],
        [
            0.9982327222824097,
            0.0017672746907919645
        ],
        [
            0.9991700649261475,
            0.000829968717880547
        ],
        [
            0.9992528557777405,
            0.0007471353164874017
        ],
        [
            0.9991725087165833,
            0.00082751753507182
        ],
        [
            0.9986183643341064,
            0.0013816430000588298
        ],
        [
            0.9983924031257629,
            0.0016075139865279198
        ],
        [
            0.9968531727790833,
            0.003146825823932886
        ],
        [
            0.9912330508232117,
            0.00876690074801445
        ],
        [
            0.9974645376205444,
            0.002535429783165455
        ],
        [
            0.9964286684989929,
            0.0035713796969503164
        ],
        [
            0.9878805875778198,
            0.012119369581341743
        ],
        [
            0.9794156551361084,
            0.020584315061569214
        ],
        [
            0.9152258634567261,
            0.08477409183979034
        ],
        [
            0.9547872543334961,
            0.04521273076534271
        ],
        [
            0.9842915534973145,
            0.01570841111242771
        ],
        [
            0.9902841448783875,
            0.009715814143419266
        ],
        [
            0.9930545687675476,
            0.0069453902542591095
        ],
        [
            0.9971327781677246,
            0.002867158269509673
        ],
        [
            0.9977779984474182,
            0.002222014358267188
        ],
        [
            0.9976709485054016,
            0.0023290407843887806
        ],
        [
            0.9949824213981628,
            0.005017644725739956
        ],
        [
            0.9830389022827148,
            0.016961155459284782
        ],
        [
            0.9898340702056885,
            0.010165972635149956
        ],
        [
            0.9933255910873413,
            0.006674414034932852
        ],
        [
            0.9942235350608826,
            0.005776507314294577
        ],
        [
            0.9787704348564148,
            0.021229570731520653
        ],
        [
            0.9962298274040222,
            0.0037701099645346403
        ],
        [
            0.9985288381576538,
            0.0014711580006405711
        ],
        [
            0.9986269474029541,
            0.0013731218641623855
        ],
        [
            0.9980093836784363,
            0.0019906216766685247
        ],
        [
            0.9927027225494385,
            0.007297252770513296
        ],
        [
            0.9546038508415222,
            0.04539620876312256
        ],
        [
            0.9137847423553467,
            0.08621522039175034
        ],
        [
            0.8761186003684998,
            0.12388139963150024
        ],
        [
            0.9326222538948059,
            0.0673777386546135
        ],
        [
            0.9871869087219238,
            0.012813106179237366
        ],
        [
            0.9956264495849609,
            0.004373557865619659
        ],
        [
            0.9947547912597656,
            0.0052452245727181435
        ],
        [
            0.9985442161560059,
            0.0014558169059455395
        ],
        [
            0.9988168478012085,
            0.001183171640150249
        ],
        [
            0.999183714389801,
            0.0008162152371369302
        ],
        [
            0.9992115497589111,
            0.0007883774233050644
        ],
        [
            0.9987505674362183,
            0.0012494047405198216
        ],
        [
            0.9989808201789856,
            0.0010190983302891254
        ],
        [
            0.9992620348930359,
            0.0007379645830951631
        ],
        [
            0.9989526271820068,
            0.0010473192669451237
        ],
        [
            0.9982759952545166,
            0.0017239886801689863
        ],
        [
            0.9973588585853577,
            0.0026411430444568396
        ],
        [
            0.9889358878135681,
            0.011064142920076847
        ],
        [
            0.9410713315010071,
            0.05892868712544441
        ],
        [
            0.9819180965423584,
            0.018081864342093468
        ],
        [
            0.983151912689209,
            0.016848057508468628
        ],
        [
            0.9921850562095642,
            0.007814941927790642
        ],
        [
            0.9921332597732544,
            0.007866696454584599
        ],
        [
            0.9950522780418396,
            0.004947744309902191
        ],
        [
            0.9980294108390808,
            0.001970534212887287
        ],
        [
            0.9981651902198792,
            0.0018348607700318098
        ],
        [
            0.9983503818511963,
            0.0016495883464813232
        ],
        [
            0.9986196756362915,
            0.0013803383335471153
        ],
        [
            0.9991376399993896,
            0.0008622921304777265
        ],
        [
            0.9985464215278625,
            0.0014535117661580443
        ],
        [
            0.9940202236175537,
            0.0059797861613333225
        ],
        [
            0.9615969061851501,
            0.03840303048491478
        ],
        [
            0.8481093645095825,
            0.15189066529273987
        ],
        [
            0.9009281992912292,
            0.09907181560993195
        ],
        [
            0.901477038860321,
            0.09852294623851776
        ],
        [
            0.9697245359420776,
            0.030275452882051468
        ],
        [
            0.993248701095581,
            0.0067513310350477695
        ],
        [
            0.9976315498352051,
            0.0023684415500611067
        ],
        [
            0.9961460828781128,
            0.0038538952358067036
        ],
        [
            0.9948909282684326,
            0.005109117366373539
        ],
        [
            0.994026780128479,
            0.00597325898706913
        ],
        [
            0.9920864701271057,
            0.007913518697023392
        ],
        [
            0.9669637680053711,
            0.03303622081875801
        ],
        [
            0.8824215531349182,
            0.11757847666740417
        ],
        [
            0.4473772644996643,
            0.5526226758956909
        ],
        [
            0.32477056980133057,
            0.6752294898033142
        ],
        [
            0.1087615117430687,
            0.8912385106086731
        ],
        [
            0.024257849901914597,
            0.9757421016693115
        ],
        [
            0.01822000741958618,
            0.9817799925804138
        ],
        [
            0.026502976194024086,
            0.9734969735145569
        ],
        [
            0.030111029744148254,
            0.9698889255523682
