{
    "initial_probs": [
        1.5096172319317702e-05,
        0.999984860420227
    ],
    "initial_logits": [
        -5.487332344055176,
        5.61372184753418
    ],
    "transition_probs": [
        [
            0.345284104347229,
            0.654715895652771
        ],
        [
            0.02402142435312271,
            0.9759785532951355
        ]
    ],
    "transition_logits": [
        [
            -0.22888734936714172,
            0.41094648838043213
        ],
        [
            -1.0236629247665405,
            2.6808314323425293
        ]
    ],
    "posterior_probs": [
        [
            2.5791018742893357e-07,
            0.9999997615814209
        ],
        [
            0.0005979063571430743,
            0.9994020462036133
        ],
        [
            0.00011880926467711106,
            0.9998811483383179
        ],
        [
            0.00015503128815907985,
            0.9998449087142944
        ],
        [
            0.0036687913816422224,
            0.9963312745094299
        ],
        [
            0.00010694414959289134,
            0.999893069267273
        ],
        [
            0.0009533937554806471,
            0.9990466237068176
        ],
        [
            0.0004596149374265224,
            0.9995404481887817
        ],
        [
            0.00015547660586889833,
            0.9998445510864258
        ],
        [
            0.00014233600813895464,
            0.9998576641082764
        ],
        [
            0.00043725434807129204,
            0.999562680721283
        ],
        [
            0.00019197510846424848,
            0.9998080134391785
        ],
        [
            0.0052500031888484955,
            0.9947499632835388
        ],
        [
            0.0038766905199736357,
            0.9961232542991638
        ],
        [
            0.0005000302335247397,
            0.9994999170303345
        ],
        [
            0.0007564891129732132,
            0.9992434978485107
        ],
        [
            0.2423344850540161,
            0.7576655149459839
        ],
        [
            0.0012653858866542578,
            0.9987346529960632
        ],
        [
            0.0001431854470865801,
            0.9998568296432495
        ],
        [
            0.0003043630567844957,
            0.9996956586837769
        ],
        [
            0.010800174437463284,
            0.9891997575759888
        ],
        [
            0.00024928574566729367,
            0.9997506737709045
        ],
        [
            0.0001241271966136992,
            0.9998759031295776
        ],
        [
            0.00018497725250199437,
            0.999815046787262
        ],
        [
            0.00018625719530973583,
            0.9998137354850769
        ],
        [
            9.4933646323625e-05,
            0.9999051094055176
        ],
        [
            0.0001358188601443544,
            0.9998642206192017
        ],
        [
            0.00012308996520005167,
            0.999876856803894
        ],
        [
            0.00015688718121964484,
            0.9998431205749512
        ],
        [
            0.00026455067563802004,
            0.999735414981842
        ],
        [
            0.004048300441354513,
            0.9959516525268555
        ],
        [
            0.0006556725711561739,
            0.9993442893028259
        ],
        [
            9.453760139876977e-05,
            0.9999054670333862
        ],
        [
            0.0001748196518747136,
            0.9998251795768738
        ],
        [
            0.0001419456530129537,
            0.999858021736145
        ],
        [
            9.763950220076367e-05,
            0.9999023675918579
        ],
        [
            0.0001506983971921727,
            0.9998493194580078
        ],
        [
            0.0001526281121186912,
            0.9998472929000854
        ],
        [
            0.0004118021752219647,
            0.9995881915092468
        ],
        [
            0.00016299154958687723,
            0.9998370409011841
        ],
        [
            0.0002052725467365235,
            0.9997947812080383
        ],
        [
            0.014000293798744678,
            0.9859996438026428
        ],
        [
            0.00016962297377176583,
            0.9998303651809692
        ],
        [
            0.00020306110673118383,
            0.9997969269752502
        ],
        [
            0.00010166502033825964,
            0.9998983144760132
        ],
        [
            0.0002266847441205755,
            0.9997733235359192
        ],
        [
            0.00021890226344112307,
            0.99978107213974
        ],
        [
            0.00012797706585843116,
            0.9998719692230225
        ],
        [
            0.00013353813847061247,
            0.9998664855957031
        ],
        [
            0.00011950372572755441,
            0.9998804330825806
        ],
        [
            0.0002573617675807327,
            0.9997426867485046
        ],
        [
            9.556725854054093e-05,
            0.9999043941497803
        ],
        [
            0.0005469422903843224,
            0.9994530081748962
        ],
        [
            0.00032070191809907556,
            0.9996793270111084
        ],
        [
            0.00012079423322575167,
            0.9998792409896851
        ],
        [
            0.00013786059571430087,
            0.9998620748519897
        ],
        [
            0.00012012158549623564,
            0.9998798370361328
        ],
        [
            0.00029030529549345374,
            0.9997096657752991
        ],
        [
            0.0002084281004499644,
            0.9997915625572205
        ],
        [
            0.0002129925269400701,
            0.9997870326042175
        ],
        [
            0.00022909045219421387,
            0.9997709393501282
        ],
        [
            0.006723556201905012,
            0.9932764768600464
        ],
        [
            0.00012530310777947307,
            0.9998747110366821
        ],
        [
            0.00014159957936499268,
            0.9998583793640137
        ],
        [
            0.00137157435528934,
            0.9986284971237183
        ],
        [
            0.00032873559393920004,
            0.999671220779419
        ],
        [
            0.0001527399435872212,
            0.9998472929000854
        ],
        [
            0.000995423411950469,
            0.9990045428276062
        ],
        [
            0.00010200372344115749,
            0.9998979568481445
        ],
        [
            0.00015347806038334966,
            0.9998464584350586
        ],
        [
            0.0001963170216185972,
            0.9998037219047546
        ],
        [
            0.004279693588614464,
            0.9957203269004822
        ],
        [
            0.00017295737052336335,
            0.9998270869255066
        ],
        [
            0.00024038994160946459,
            0.9997596144676208
        ],
        [
            0.0009088039514608681,
            0.9990911483764648
        ],
        [
            0.00017206778284162283,
            0.9998278617858887
        ],
        [
            0.00029494756017811596,
            0.9997050166130066
        ],
        [
            0.00021647801622748375,
            0.9997835755348206
        ],
        [
            0.0001376126310788095,
            0.9998623132705688
        ],
        [
            0.0001130307064158842,
            0.9998869895935059
        ],
        [
            0.00012853671796619892,
            0.9998714923858643
        ],
        [
            0.00014451540482696146,
            0.9998555183410645
        ],
        [
            0.00017563770234119147,
            0.9998243451118469
        ],
        [
            0.00017476100765634328,
            0.9998252987861633
        ],
        [
            0.00010827730147866532,
