{
    "initial_probs": [
        6.655024662904907e-06,
        0.9999933242797852
    ],
    "initial_logits": [
        -5.820685386657715,
        6.099445819854736
    ],
    "transition_probs": [
        [
            1.5544610505457968e-05,
            0.9999845027923584
        ],
        [
            0.03093136101961136,
            0.9690686464309692
        ]
    ],
    "transition_logits": [
        [
            -5.198411464691162,
            5.873369216918945
        ],
        [
            -1.2940398454666138,
            2.1505250930786133
        ]
    ],
    "posterior_probs": [
        [
            3.4197526588286564e-08,
            1.0
        ],
        [
            0.0001711821387289092,
            0.9998288154602051
        ],
        [
            0.001925634453073144,
            0.9980742931365967
        ],
        [
            0.0003857953706756234,
            0.9996141195297241
        ],
        [
            1.7920065431553667e-07,
            0.9999997615814209
        ],
        [
            0.9960228204727173,
            0.003977134358137846
        ],
        [
            1.644517624299624e-06,
            0.9999983310699463
        ],
        [
            0.011704985052347183,
            0.9882950782775879
        ],
        [
            0.00017735964502207935,
            0.9998226761817932
        ],
        [
            4.161003016633913e-05,
            0.9999583959579468
        ],
        [
            9.016098192660138e-05,
            0.9999098777770996
        ],
        [
            6.378581747412682e-05,
            0.9999362230300903
        ],
        [
            0.00010750404180726036,
            0.9998924732208252
        ],
        [
            0.24726960062980652,
            0.7527303695678711
        ],
        [
            0.00017382900114171207,
            0.9998262524604797
        ],
        [
            5.24972056155093e-05,
            0.9999475479125977
        ],
        [
            4.0951359551399946e-05,
            0.9999589920043945
        ],
        [
            8.255539432866499e-05,
            0.9999173879623413
        ],
        [
            0.0001646341261221096,
            0.9998353719711304
        ],
        [
            0.0002596667327452451,
            0.9997403025627136
        ],
        [
            0.0001569278829265386,
            0.9998430013656616
        ],
        [
            0.0003281932440586388,
            0.9996718168258667
        ],
        [
            0.0033177065197378397,
            0.9966822266578674
        ],
        [
            0.0004944714601151645,
            0.9995055198669434
        ],
        [
            0.0012355350190773606,
            0.9987645149230957
        ],
        [
            0.0005339126801118255,
            0.9994661211967468
        ],
        [
            0.00015749332669656724,
            0.9998425245285034
        ],
        [
            0.00014313684368971735,
            0.9998568296432495
        ],
        [
            0.00034458795562386513,
            0.9996553659439087
        ],
        [
            5.6952972954604775e-05,
            0.9999430179595947
        ],
        [
            9.938066796166822e-05,
            0.9999005794525146
        ],
        [
            0.0004082016821485013,
            0.9995917677879333
        ],
        [
            0.00041507338755764067,
            0.999584972858429
        ],
        [
            0.00014331768034026027,
            0.99985671043396
        ],
        [
            0.004398962017148733,
            0.9956010580062866
        ],
        [
            0.0010503168450668454,
            0.9989497065544128
        ],
        [
            5.497031088452786e-05,
            0.9999450445175171
        ],
        [
            6.842012953711674e-05,
            0.9999315738677979
        ],
        [
            0.03850967064499855,
            0.9614903330802917
        ],
        [
            0.000258650747127831,
            0.9997413754463196
        ],
        [
            0.0001433630386600271,
            0.9998565912246704
        ],
        [
            0.00011489195458125323,
            0.999885082244873
        ],
        [
            0.00027551045059226453,
            0.9997244477272034
        ],
        [
            8.339760097442195e-05,
            0.9999165534973145
        ],
        [
            0.0009301796089857817,
            0.99906986951828
        ],
        [
            0.00014324825315270573,
            0.99985671043396
        ],
        [
            0.1523108035326004,
            0.8476892113685608
        ],
        [
            6.497635331470519e-05,
            0.9999350309371948
        ],
        [
            0.0016067061806097627,
            0.9983932375907898
        ],
        [
            0.0042531974613666534,
            0.9957467913627625
        ],
        [
            0.00044425565283745527,
            0.999555766582489
        ],
        [
            0.00019073515431955457,
            0.9998093247413635
        ],
        [
            0.00011681592877721414,
            0.9998831748962402
        ],
        [
            0.00027352236793376505,
            0.9997264742851257
        ],
        [
            0.0001266513718292117,
            0.9998732805252075
        ],
        [
            0.00026309178792871535,
            0.9997368454933167
        ],
        [
            0.0004227645113132894,
            0.9995772242546082
        ],
        [
            4.583199552143924e-05,
            0.9999542236328125
        ],
        [
            4.5451415644492954e-05,
            0.9999545812606812
        ],
        [
            0.00018602008640300483,
            0.999813973903656
        ],
        [
            8.021518442546949e-05,
            0.9999197721481323
        ],
        [
            0.00010220859985565767,
            0.999897837638855
        ],
        [
            3.7385754694696516e-05,
            0.999962568283081
        ],
        [
            0.02921903319656849,
            0.9707810282707214
        ],
        [
            0.00017812501755543053,
            0.9998219609260559
        ],
        [
            0.0007548559224233031,
            0.9992451667785645
        ],
        [
            0.00010694333468563855,
            0.999893069267273
        ],
        [
            0.0002427530416753143,
            0.9997572302818298
        ],
        [
            5.6717371990089305e-06,
            0.9999942779541016
        ],
        [
            0.9378083944320679,
            0.062191613018512726
        ],
        [
            1.3074881053398713e-06,
            0.9999986886978149
        ],
        [
            0.4929070472717285,
            0.5070929527282715
        ],
        [
            7.80121044954285e-05,
            0.9999220371246338
        ],
        [
            5.978903573122807e-05,
            0.9999401569366455
        ],
        [
            0.000168344282428734,
            0.9998316764831543
        ],
        [
            0.00014945170551072806,
            0.9998505115509033
        ],
        [
            9.685238910606131e-05,
            0.9999030828475952
        ],
        [
            3.669569923658855e-05,
            0.9999632835388184
        ],
        [
            6.7446606408339e-05,
            0.9999325275421143
        ],
        [
            0.0003015222609974444,
            0.9996985197067261
        ],
        [
            0.00012265412078704685,
            0.9998773336410522
        ],
        [
            8.720744517631829e-05,
            0.9999127388000488
        ],
        [
            0.00020248186774551868,
            0.999797523021698
        ],
        [
            0.00037887479993514717,
            0.9996211528778076
        ],
        [
            8.658927981741726e-05,
            0.9999134540557861
        ],
        [
