{
    "initial_probs": [
        7.1341537477565e-06,
        0.999992847442627
    ],
    "initial_logits": [
        -5.6035542488098145,
        6.247055530548096
    ],
    "transition_probs": [
        [
            0.7566417455673218,
            0.24335823953151703
        ],
        [
            0.054025936871767044,
            0.9459741115570068
        ]
    ],
    "transition_logits": [
        [
            1.2055634260177612,
            0.07120809704065323
        ],
        [
            -0.7166957259178162,
            2.146055221557617
        ]
    ],
    "posterior_probs": [
        [
            4.387181888887426e-07,
            0.9999995231628418
        ],
        [
            0.006013209465891123,
            0.9939867258071899
        ],
        [
            0.012697337195277214,
            0.9873026609420776
        ],
        [
            0.010761933401226997,
            0.9892380237579346
        ],
        [
            0.03470180183649063,
            0.9652981758117676
        ],
        [
            0.05878879874944687,
            0.9412112236022949
        ],
        [
            0.00988711602985859,
            0.9901129007339478
        ],
        [
            0.00632778275758028,
            0.993672251701355
        ],
        [
            0.009532890282571316,
            0.9904671311378479
        ],
        [
            0.015136867761611938,
            0.9848631024360657
        ],
        [
            0.005198341328650713,
            0.9948016405105591
        ],
        [
            0.01152891106903553,
            0.9884711503982544
        ],
        [
            0.00970173068344593,
            0.990298330783844
        ],
        [
            0.04632222652435303,
            0.953677773475647
        ],
        [
            0.2245180606842041,
            0.7754819989204407
        ],
        [
            0.05148119851946831,
            0.9485187530517578
        ],
        [
            0.008076739497482777,
            0.9919232726097107
        ],
        [
            0.004530442412942648,
            0.9954695701599121
        ],
        [
            0.0032477632630616426,
            0.9967522621154785
        ],
        [
            0.0073024495504796505,
            0.992697536945343
        ],
        [
            0.025164425373077393,
            0.9748355150222778
        ],
        [
            0.08548594266176224,
            0.9145140647888184
        ],
        [
            0.2811511158943176,
            0.7188488841056824
        ],
        [
            0.9961907863616943,
            0.0038091959431767464
        ],
        [
            0.9764458537101746,
            0.023554155603051186
        ],
        [
            0.9999793767929077,
            2.062704152194783e-05
        ],
        [
            0.8552448749542236,
            0.14475512504577637
        ],
        [
            1.0,
            4.317762591909968e-09
        ],
        [
            0.8186574578285217,
            0.1813424676656723
        ],
        [
            0.9473233819007874,
            0.05267660319805145
        ],
        [
            0.99998939037323,
            1.063672698364826e-05
        ],
        [
            0.9999971389770508,
            2.816378355419147e-06
        ],
        [
            1.0,
            2.5397123640247266e-11
        ],
        [
            0.21520444750785828,
            0.7847955226898193
        ],
        [
            0.10050452500581741,
            0.899495542049408
        ],
        [
            0.13280819356441498,
            0.8671917915344238
        ],
        [
            0.1800970882177353,
            0.8199028968811035
        ],
        [
            0.08936578035354614,
            0.9106342792510986
        ],
        [
            0.08173222839832306,
            0.9182678461074829
        ],
        [
            0.02287636324763298,
            0.9771236181259155
        ],
        [
            0.005525374785065651,
            0.9944745898246765
        ],
        [
            0.004486885387450457,
            0.9955131411552429
        ],
        [
            0.003135358914732933,
            0.9968646168708801
        ],
        [
            0.003549441695213318,
            0.9964505434036255
        ],
        [
            0.007055249065160751,
            0.9929447770118713
        ],
        [
            0.00375197222456336,
            0.9962480664253235
        ],
        [
            0.0034363509621471167,
            0.9965636134147644
        ],
        [
            0.003070204984396696,
            0.9969298243522644
        ],
        [
            0.003098814282566309,
            0.9969011545181274
        ],
        [
            0.0032601107377558947,
            0.99673992395401
        ],
        [
            0.0028939039912074804,
            0.99710613489151
        ],
        [
            0.0032623920124024153,
            0.996737539768219
        ],
        [
            0.0034848146606236696,
            0.996515154838562
        ],
        [
            0.006906349211931229,
            0.9930936098098755
        ],
        [
            0.004665744490921497,
            0.9953342080116272
        ],
        [
            0.0033831142354756594,
            0.9966168999671936
        ],
        [
            0.0031774400267750025,
            0.9968225955963135
        ],
        [
            0.005969885271042585,
            0.9940301179885864
        ],
        [
            0.006910799071192741,
            0.9930892586708069
        ],
        [
            0.004552222788333893,
            0.9954478144645691
        ],
        [
            0.004734555725008249,
            0.9952654838562012
        ],
        [
            0.0095553919672966,
            0.9904446005821228
        ],
        [
            0.015218920074403286,
            0.98478102684021
        ],
        [
            0.00882747396826744,
            0.9911724925041199
        ],
        [
            0.0069508119486272335,
            0.993049144744873
        ],
        [
            0.01325192116200924,
            0.9867480993270874
        ],
        [
            0.004288562573492527,
            0.9957114458084106
        ],
        [
            0.003523992607370019,
            0.9964759945869446
        ],
        [
            0.004448827356100082,
            0.9955512285232544
        ],
        [
            0.002914749551564455,
            0.9970852732658386
        ],
        [
            0.0040441653691232204,
            0.9959558248519897
        ],
        [
            0.015864109620451927,
            0.9841358661651611
        ],
        [
            0.005782293621450663,
            0.9942176342010498
        ],
        [
            0.0030632305424660444,
            0.9969367980957031
        ],
        [
            0.0029164350125938654,
            0.9970836043357849
        ],
        [
            0.00291954237036407,
            0.997080385684967
        ],
        [
            0.003422102192416787,
            0.9965779185295105
        ],
        [
            0.0036500701680779457,
            0.9963499307632446
        ],
        [
            0.008391523733735085,
            0.9916084408760071
        ],
        [
            0.05096710845828056,
            0.9490329027175903
        ],
        [
            0.11701367050409317,
            0.8829863667488098
        ],
        [
            0.4343937933444977,
            0.5656061768531799
        ],
        [
            0.9980831146240234,
            0.0019169298466295004
        ],
        [
            0.2131441980600357,
            0.7868557572364807
        ],
        [
            0.041622668504714966,
            0.9583773612976074
        ],
        [
            0.027986550703644753,
            0.9720134139060974
        ],
        [
            0.09294602274894714,
