{
    "initial_probs": [
        0.9999431371688843,
        5.682765186065808e-05
    ],
    "initial_logits": [
        5.349288463592529,
        -4.42614221572876
    ],
    "transition_probs": [
        [
            0.8427101969718933,
            0.1572897881269455
        ],
        [
            0.4715244770050049,
            0.5284755825996399
        ]
    ],
    "transition_logits": [
        [
            1.6261026859283447,
            -0.052430517971515656
        ],
        [
            0.38827356696128845,
            0.5022991299629211
        ]
    ],
    "posterior_probs": [
        [
            0.9999984502792358,
            1.5341812513725017e-06
        ],
        [
            0.9981471300125122,
            0.0018528335494920611
        ],
        [
            0.9937018156051636,
            0.006298204883933067
        ],
        [
            0.9971144199371338,
            0.0028855830896645784
        ],
        [
            0.993963897228241,
            0.006036099512130022
        ],
        [
            0.9976669549942017,
            0.0023331220727413893
        ],
        [
            0.9765807390213013,
            0.023419246077537537
        ],
        [
            0.9975537657737732,
            0.002446231432259083
        ],
        [
            0.9975827932357788,
            0.0024172489065676928
        ],
        [
            0.9897598624229431,
            0.010240092873573303
        ],
        [
            0.9961601495742798,
            0.003839803161099553
        ],
        [
            0.9978848099708557,
            0.0021151879336684942
        ],
        [
            0.9977535605430603,
            0.0022464029025286436
        ],
        [
            0.998134434223175,
            0.001865576021373272
        ],
        [
            0.9948141574859619,
            0.0051858494989573956
        ],
        [
            0.9962884187698364,
            0.0037115386221557856
        ],
        [
            0.9973344802856445,
            0.0026655723340809345
        ],
        [
            0.982869565486908,
            0.017130402848124504
        ],
        [
            0.9953848719596863,
            0.004615176469087601
        ],
        [
            0.9772564172744751,
            0.022743549197912216
        ],
        [
            0.9978873133659363,
            0.0021127096842974424
        ],
        [
            0.9973694086074829,
            0.0026305927895009518
        ],
        [
            0.9283732771873474,
            0.0716267079114914
        ],
        [
            0.9890775680541992,
            0.010922466404736042
        ],
        [
            0.9907179474830627,
            0.009282034821808338
        ],
        [
            0.9832190871238708,
            0.01678095944225788
        ],
        [
            0.9975706934928894,
            0.0024293477181345224
        ],
        [
            0.9457159042358398,
            0.054284051060676575
        ],
        [
            0.0,
            1.0
        ],
        [
            1.2653777957893908e-05,
            0.9999873638153076
        ],
        [
            0.9715015888214111,
            0.028498493134975433
        ],
        [
            0.993633508682251,
            0.006366468500345945
        ],
        [
            0.9944983124732971,
            0.005501655861735344
        ],
        [
            0.9970197081565857,
            0.002980307210236788
        ],
        [
            0.9876903295516968,
            0.012309730052947998
        ],
        [
            0.9695551991462708,
            0.03044479712843895
        ],
        [
            0.9837127923965454,
            0.016287237405776978
        ],
        [
            0.004256542772054672,
            0.995743453502655
        ],
        [
            0.15779680013656616,
            0.8422031402587891
        ],
        [
            0.8939186930656433,
            0.10608133673667908
        ],
        [
            0.996406614780426,
            0.003593329107388854
        ],
        [
            0.9864211082458496,
            0.013578873127698898
        ],
        [
            2.2040085241314955e-05,
            0.9999779462814331
        ],
        [
            0.9414929747581482,
            0.05850701034069061
        ],
        [
            1.928208981372137e-11,
            1.0
        ],
        [
            6.937181384891744e-11,
            1.0
        ],
        [
            0.9846991896629333,
            0.015300837345421314
        ],
        [
            0.9097692966461182,
            0.09023068100214005
        ],
        [
            0.0003341705887578428,
            0.9996658563613892
        ],
        [
            0.7262375354766846,
            0.27376243472099304
        ],
        [
            0.9640072584152222,
            0.03599277138710022
        ],
        [
            0.7954546213150024,
            0.20454540848731995
        ],
        [
            0.9483484625816345,
            0.05165154114365578
        ],
        [
            0.14831876754760742,
            0.8516812324523926
        ],
        [
            0.9309385418891907,
            0.06906146556138992
        ],
        [
            0.969200074672699,
            0.030799908563494682
        ],
        [
            0.9929324388504028,
            0.007067578844726086
        ],
        [
            0.9954921007156372,
            0.004507857374846935
        ],
        [
            0.8822266459465027,
            0.11777333170175552
        ],
        [
            9.145027846102494e-09,
            1.0
        ],
        [
            0.7952533960342407,
            0.2047465741634369
        ],
        [
            0.9874317646026611,
            0.012568202801048756
        ],
        [
            0.9199105501174927,
            0.0800895094871521
        ],
        [
            0.044426899403333664,
            0.9555730819702148
        ],
        [
            0.7235292792320251,
            0.27647069096565247
        ],
        [
            0.9430819153785706,
            0.05691803619265556
        ],
        [
            0.9754197597503662,
            0.024580277502536774
        ],
        [
            0.9887816309928894,
            0.011218294501304626
        ],
        [
            0.0008632919634692371,
            0.999136745929718
        ],
        [
            9.632938891002141e-11,
            1.0
        ],
        [
            4.7441729111454215e-19,
            1.0
        ],
        [
            0.7594122290611267,
            0.2405877709388733
        ],
        [
            0.9953428506851196,
            0.004657143261283636
        ],
        [
            0.9965205192565918,
            0.003479453967884183
        ],
        [
            0.930284321308136,
            0.069715715944767
        ],
        [
            0.9941298961639404,
            0.005870144814252853
        ],
        [
            0.9977933168411255,
            0.0022066410165280104
        ],
        [
            0.994408905506134,
            0.005591117776930332
        ],
        [
            0.9889665246009827,
            0.011033465154469013
        ],
        [
            0.8426952958106995,
            0.15730465948581696
        ],
        [
            0.0005023923004046082,
            0.999497652053833
        ],
        [
            1.484347740188241e-05,
            0.9999850988388062
        ],
        [
            0.012781876139342785,
            0.9872181415557861
        ],
        [
            0.24893052875995636,
            0.7510694861412048
        ],
        [
            0.5852085947990417,
            0.41479143500328064
        ],
        [
            0.01130733359605074,
            0.9886926412582397
        ],
        [
            0.8404862284660339,
            0.15951381623744965
        ],
        [
