{
    "initial_probs": [
        0.9999507665634155,
        4.927201007376425e-05
    ],
    "initial_logits": [
        5.125881671905518,
        -4.7922234535217285
    ],
    "transition_probs": [
        [
            0.9613282680511475,
            0.038671743124723434
        ],
        [
            0.06940647959709167,
            0.9305934906005859
        ]
    ],
    "transition_logits": [
        [
            1.9883419275283813,
            -1.2248648405075073
        ],
        [
            -0.44861212372779846,
            2.1472301483154297
        ]
    ],
    "posterior_probs": [
        [
            0.9999998807907104,
            1.6448770168153715e-07
        ],
        [
            0.9998587369918823,
            0.0001412468118360266
        ],
        [
            0.999903678894043,
            9.635274182073772e-05
        ],
        [
            0.9998482465744019,
            0.00015178287867456675
        ],
        [
            0.9995465874671936,
            0.0004534216714091599
        ],
        [
            0.9997538924217224,
            0.00024613802088424563
        ],
        [
            0.9998891353607178,
            0.00011090394400525838
        ],
        [
            0.9996898174285889,
            0.0003101749171037227
        ],
        [
            0.9998959302902222,
            0.00010403044143458828
        ],
        [
            0.9998766183853149,
            0.0001233249349752441
        ],
        [
            0.9998922348022461,
            0.00010774665861390531
        ],
        [
            0.9998924732208252,
            0.00010757090785773471
        ],
        [
            0.9995754361152649,
            0.0004245965392328799
        ],
        [
            0.9994966983795166,
            0.0005032818298786879
        ],
        [
            0.9997072815895081,
            0.0002927489404100925
        ],
        [
            0.9999052286148071,
            9.47144435485825e-05
        ],
        [
            0.999903678894043,
            9.636744653107598e-05
        ],
        [
            0.9995697140693665,
            0.0004303109017200768
        ],
        [
            0.9955137372016907,
            0.0044862376525998116
        ],
        [
            0.9896132349967957,
            0.010386725887656212
        ],
        [
            0.9993721842765808,
            0.0006277924403548241
        ],
        [
            0.9993847608566284,
            0.0006152584101073444
        ],
        [
            0.9997095465660095,
            0.0002904780558310449
        ],
        [
            0.9997442364692688,
            0.00025572002050466835
        ],
        [
            0.9997963309288025,
            0.00020363034855108708
        ],
        [
            0.9978834986686707,
            0.0021164282225072384
        ],
        [
            0.9989672899246216,
            0.0010326559422537684
        ],
        [
            0.9995684027671814,
            0.00043163212831132114
        ],
        [
            0.9997161030769348,
            0.0002838289656210691
        ],
        [
            0.9992104768753052,
            0.0007894780719652772
        ],
        [
            0.9972558617591858,
            0.0027441855054348707
        ],
        [
            0.9922589659690857,
            0.007740989793092012
        ],
        [
            0.8956425786018372,
            0.10435746610164642
        ],
        [
            0.004680471494793892,
            0.9953195452690125
        ],
        [
            2.3528050405730028e-06,
            0.999997615814209
        ],
        [
            1.139333338784354e-08,
            1.0
        ],
        [
            1.0843196051333118e-13,
            1.0
        ],
        [
            1.2827866157749668e-05,
            0.9999871253967285
        ],
        [
            2.6509953386266716e-05,
            0.9999735355377197
        ],
        [
            3.886637932737358e-05,
            0.9999611377716064
        ],
        [
            0.022335445508360863,
            0.9776645302772522
        ],
        [
            7.070174307122201e-11,
            1.0
        ],
        [
            1.3464112271321937e-05,
            0.9999865293502808
        ],
        [
            9.387104910274502e-06,
            0.9999905824661255
        ],
        [
            5.095570941193728e-06,
            0.9999948740005493
        ],
        [
            0.00011495858780108392,
            0.999885082244873
        ],
        [
            0.000142251345096156,
            0.9998577833175659
        ],
        [
            0.00806840043514967,
            0.9919316172599792
        ],
        [
            0.867063045501709,
            0.1329369843006134
        ],
        [
            0.9911558628082275,
            0.008844144642353058
        ],
        [
            0.9975883960723877,
            0.002411625813692808
        ],
        [
            0.9993070363998413,
            0.0006929675000719726
        ],
        [
            0.9983978867530823,
            0.0016021478222683072
        ],
        [
            0.9869920015335083,
            0.013007945381104946
        ],
        [
            0.8409510850906372,
            0.15904897451400757
        ],
        [
            0.6583420038223267,
            0.34165799617767334
        ],
        [
            0.990413248538971,
            0.009586743079125881
        ],
        [
            0.9996386766433716,
            0.00036130647640675306
        ],
        [
            0.9998831748962402,
            0.00011686763173202053
        ],
        [
            0.999843955039978,
            0.00015601121413055807
        ],
        [
            0.9998619556427002,
            0.00013799633597955108
        ],
        [
            0.9990100860595703,
            0.0009898776188492775
        ],
        [
            0.9998801946640015,
            0.00011977662506978959
        ],
        [
            0.999902606010437,
            9.740886162035167e-05
        ],
        [
            0.9998683929443359,
            0.0001316326524829492
        ],
        [
            0.9998886585235596,
            0.00011138043919345364
        ],
        [
            0.9998865127563477,
            0.00011341851495672017
        ],
        [
            0.9991204142570496,
            0.0008795793983153999
        ],
        [
            0.9994788765907288,
            0.0005211535026319325
        ],
        [
            0.9943816065788269,
            0.005618459545075893
        ],
        [
            0.998869001865387,
            0.0011309630936011672
        ],
        [
            0.999805748462677,
            0.00019429541134741157
        ],
        [
            0.9993289709091187,
            0.0006711086607538164
        ],
        [
            0.9908484220504761,
            0.009151543490588665
        ],
        [
            0.8820878863334656,
            0.11791213601827621
        ],
        [
            0.0005894326604902744,
            0.9994106292724609
        ],
        [
            0.00032463946263305843,
            0.9996753931045532
        ],
        [
            0.00022602865647058934,
            0.9997740387916565
        ],
        [
            0.04286283254623413,
            0.9571372270584106
        ],
        [
            0.0012844842858612537,
            0.9987155199050903
        ],
        [
            9.145865647042228e-07,
            0.9999990463256836
        ],
        [
            5.22552934256737e-09,
            1.0
        ],
        [
            7.97094835434109e-05,
            0.9999202489852905
        ],
        [
            2.017334736592602e-06,
            0.9999979734420776
        ],
        [
            7.757232367566758e-08,
            0.9999998807907104
        ],
        [
            1.1012639333785046e-07,
