{
    "initial_probs": [
        0.9998134970664978,
        0.00018652378639671952
    ],
    "initial_logits": [
        5.115509510040283,
        -3.4712560176849365
    ],
    "transition_probs": [
        [
            0.9796154499053955,
            0.020384524017572403
        ],
        [
            0.08404242992401123,
            0.9159575700759888
        ]
    ],
    "transition_logits": [
        [
            2.205336332321167,
            -1.6670476198196411
        ],
        [
            -0.6385031342506409,
            1.7501450777053833
        ]
    ],
    "posterior_probs": [
        [
            1.0,
            6.346010578037755e-33
        ],
        [
            1.0,
            1.0186424031796377e-30
        ],
        [
            1.0,
            8.134719013057598e-31
        ],
        [
            1.0,
            3.66715815700025e-12
        ],
        [
            1.0,
            3.147816940440862e-08
        ],
        [
            1.0,
            3.2999906817413855e-31
        ],
        [
            0.9999994039535522,
            6.243462848942727e-07
        ],
        [
            0.9998131394386292,
            0.00018690619617700577
        ],
        [
            0.9989909529685974,
            0.0010090353898704052
        ],
        [
            0.9533687829971313,
            0.046631257981061935
        ],
        [
            0.32396799325942993,
            0.6760320067405701
        ],
        [
            0.7705727219581604,
            0.229427307844162
        ],
        [
            0.9993388056755066,
            0.0006611442659050226
        ],
        [
            0.9998829364776611,
            0.00011703892232617363
        ],
        [
            0.9999958276748657,
            4.130932666157605e-06
        ],
        [
            0.9999594688415527,
            4.053593147546053e-05
        ],
        [
            1.0,
            5.29013318053664e-31
        ],
        [
            0.9999998807907104,
            5.984910700362889e-08
        ],
        [
            1.0,
            5.193119161565536e-31
        ],
        [
            0.9999920129776001,
            8.003968105185777e-06
        ],
        [
            1.0,
            4.767494756426581e-30
        ],
        [
            1.0,
            3.6811247415915482e-31
        ],
        [
            0.9999938011169434,
            6.168410436657723e-06
        ],
        [
            1.0,
            2.1924651069955078e-30
        ],
        [
            1.0,
            2.549832128685039e-30
        ],
        [
            0.9999982118606567,
            1.785746917448705e-06
        ],
        [
            0.9999996423721313,
            3.0986251431386336e-07
        ],
        [
            1.0,
            6.04917809472701e-31
        ],
        [
            0.9993233680725098,
            0.0006766059086658061
        ],
        [
            0.9994643330574036,
            0.0005356825422495604
        ],
        [
            1.0,
            3.5752193306565205e-12
        ],
        [
            0.9995064735412598,
            0.0004934619646519423
        ],
        [
            0.9671344757080078,
            0.03286556154489517
        ],
        [
            0.010488773696124554,
            0.9895111918449402
        ],
        [
            2.8311919475498826e-10,
            1.0
        ],
        [
            5.775003955932334e-06,
            0.9999942779541016
        ],
        [
            6.6412782391556124e-12,
            1.0
        ],
        [
            4.2384422794389254e-13,
            1.0
        ],
        [
            1.0430128982719111e-09,
            1.0
        ],
        [
            2.927782105643928e-08,
            1.0
        ],
        [
            5.607738629009873e-08,
            1.0
        ],
        [
            7.698008630541153e-07,
            0.9999992847442627
        ],
        [
            8.717699273574908e-08,
            0.9999998807907104
        ],
        [
            8.965790243564697e-08,
            0.9999998807907104
        ],
        [
            2.049212466381789e-10,
            1.0
        ],
        [
            1.000820315510964e-08,
            1.0
        ],
        [
            1.2646149016859454e-08,
            1.0
        ],
        [
            1.8580668115220078e-09,
            1.0
        ],
        [
            5.520414125825823e-10,
            1.0
        ],
        [
            1.420575586053019e-06,
            0.9999985694885254
        ],
        [
            1.8170461771660484e-05,
            0.9999818801879883
        ],
        [
            2.737546246547179e-13,
            1.0
        ],
        [
            1.994807874439175e-08,
            1.0
        ],
        [
            1.030578289373807e-09,
            1.0
        ],
        [
            4.4537037524605694e-07,
            0.9999995231628418
        ],
        [
            6.756486925496574e-08,
            0.9999998807907104
        ],
        [
            8.244699953134649e-13,
            1.0
        ],
        [
            8.007802199117009e-10,
            1.0
        ],
        [
            4.753871074569815e-09,
            1.0
        ],
        [
            9.214235615218058e-05,
            0.9999078512191772
        ],
        [
            1.0,
            7.13838360467057e-19
        ],
        [
            0.9733288288116455,
            0.026671206578612328
        ],
        [
            0.8188998103141785,
            0.18110021948814392
        ],
        [
            0.994813084602356,
            0.005186951719224453
        ],
        [
            0.9995906949043274,
            0.0004092786693945527
        ],
        [
            0.9998937845230103,
            0.0001061897273757495
        ],
        [
            0.9993839263916016,
            0.0006160846096463501
        ],
        [
            0.9999227523803711,
            7.719363929936662e-05
        ],
        [
            0.9999356269836426,
            6.440215656766668e-05
        ],
        [
            0.9997536540031433,
            0.000246385985519737
        ],
        [
            0.9999730587005615,
            2.698170101211872e-05
        ],
        [
            0.9999951124191284,
            4.830946636502631e-06
        ],
        [
            0.9999054670333862,
            9.458087879465893e-05
        ],
        [
            0.9988396763801575,
            0.0011603488819673657
        ],
        [
            0.9994890689849854,
            0.0005109149497002363
        ],
        [
            0.9999504089355469,
            4.9541085900273174e-05
        ],
        [
            0.9995978474617004,
            0.0004021929926238954
        ],
        [
            0.9916622638702393,
            0.008337701670825481
        ],
        [
            0.9955055713653564,
            0.004494388587772846
        ],
        [
            0.9740965962409973,
            0.025903401896357536
        ],
        [
            6.441356958930555e-07,
            0.9999994039535522
        ],
        [
            0.00010974086035275832,
            0.9998902082443237
        ],
        [
            4.558104592433665e-06,
            0.9999954700469971
        ],
        [
            4.401314527058275e-06,
            0.9999955892562866
        ],
        [
            9.111426152230706e-06,
            0.9999909400939941
        ],
        [
            0.0004886688548140228,
            0.9995113611221313
        ],
        [
            0.00509015005081892,
            0.9949098229408264
        ],
        [
            0.753228485584259,
            0.24677149951457977
        ],
        [
            0.9750868678092957,
            0.024913180619478226
        ],
        [
            0.9984256029129028,
            0.0015743589028716087
        ],
        [
            0.9996825456619263,
