{
    "initial_probs": [
        4.177498794888379e-06,
        0.9999958276748657
    ],
    "initial_logits": [
        -5.626604080200195,
        6.759189128875732
    ],
    "transition_probs": [
        [
            0.9360062479972839,
            0.0639936700463295
        ],
        [
            0.011783771216869354,
            0.98821622133255
        ]
    ],
    "transition_logits": [
        [
            1.843933343887329,
            -0.8389047384262085
        ],
        [
            -1.6420361995697021,
            2.787142038345337
        ]
    ],
    "posterior_probs": [
        [
            6.242150352164799e-09,
            1.0
        ],
        [
            2.7297062842990272e-05,
            0.9999727010726929
        ],
        [
            6.249674697755836e-06,
            0.9999938011169434
        ],
        [
            4.317219008953543e-06,
            0.9999957084655762
        ],
        [
            9.280875019612722e-06,
            0.999990701675415
        ],
        [
            5.3010735427960753e-05,
            0.9999469518661499
        ],
        [
            2.345358552702237e-06,
            0.999997615814209
        ],
        [
            1.531322027403803e-06,
            0.9999984502792358
        ],
        [
            4.273214017302962e-06,
            0.9999957084655762
        ],
        [
            1.4406199397853925e-06,
            0.9999985694885254
        ],
        [
            1.229628651344683e-05,
            0.9999877214431763
        ],
        [
            6.068957645766204e-06,
            0.9999939203262329
        ],
        [
            6.914073765074136e-06,
            0.999993085861206
        ],
        [
            9.71636691247113e-05,
            0.9999028444290161
        ],
        [
            0.0019169180886819959,
            0.9980831146240234
        ],
        [
            0.17516522109508514,
            0.8248348236083984
        ],
        [
            0.2852761745452881,
            0.7147237658500671
        ],
        [
            0.2979283034801483,
            0.7020716667175293
        ],
        [
            0.9989848732948303,
            0.001015086774714291
        ],
        [
            1.0,
            3.2258828941422735e-09
        ],
        [
            1.0,
            4.278676818771955e-15
        ],
        [
            0.9999998807907104,
            1.6049908424520254e-07
        ],
        [
            0.9999998807907104,
            1.0887971768624993e-07
        ],
        [
            0.9999998807907104,
            7.208105046174751e-08
        ],
        [
            1.0,
            3.839530711635924e-19
        ],
        [
            1.0,
            1.7916350347757515e-10
        ],
        [
            0.9999983310699463,
            1.7119269841714413e-06
        ],
        [
            1.0,
            5.971276251237612e-11
        ],
        [
            0.9999970197677612,
            2.9792361146974145e-06
        ],
        [
            1.0,
            3.5084465888068905e-10
        ],
        [
            1.0,
            2.1776664930849183e-18
        ],
        [
            0.9999997615814209,
            2.1708065389702824e-07
        ],
        [
            0.9934989213943481,
            0.006501044146716595
        ],
        [
            0.017658520489931107,
            0.9823415279388428
        ],
        [
            0.0011113591026514769,
            0.9988886713981628
        ],
        [
            1.2598100511240773e-05,
            0.9999873638153076
        ],
        [
            1.690627527750621e-06,
            0.9999983310699463
        ],
        [
            6.670474976999685e-05,
            0.9999332427978516
        ],
        [
            3.0405984944081865e-05,
            0.9999696016311646
        ],
        [
            2.7388700800656807e-06,
            0.9999972581863403
        ],
        [
            1.2334657185419928e-05,
            0.9999877214431763
        ],
        [
            5.290253739076434e-06,
            0.9999947547912598
        ],
        [
            2.3622885692020645e-06,
            0.999997615814209
        ],
        [
            3.847129119094461e-05,
            0.9999614953994751
        ],
        [
            9.361217234982178e-05,
            0.9999064207077026
        ],
        [
            5.426585175882792e-06,
            0.9999945163726807
        ],
        [
            1.3841839745509787e-06,
            0.9999985694885254
        ],
        [
            4.463844743440859e-05,
            0.999955415725708
        ],
        [
            1.5093130514287623e-06,
            0.9999984502792358
        ],
        [
            1.999300593524822e-06,
            0.9999979734420776
        ],
        [
            7.722002919763327e-06,
            0.9999922513961792
        ],
        [
            4.4106427594670095e-06,
            0.9999955892562866
        ],
        [
            3.5495334032020764e-06,
            0.9999964237213135
        ],
        [
            2.0285085611249087e-06,
            0.9999979734420776
        ],
        [
            2.9475947940227343e-06,
            0.9999970197677612
        ],
        [
            0.00013227612362243235,
            0.9998676776885986
        ],
        [
            2.0979536202503368e-05,
            0.9999790191650391
        ],
        [
            6.678253703285009e-05,
            0.9999332427978516
        ],
        [
            2.111131470883265e-05,
            0.9999788999557495
        ],
        [
            2.800138190650614e-06,
            0.9999972581863403
        ],
        [
            5.845741270604776e-06,
            0.999994158744812
        ],
        [
            3.807482471529511e-06,
            0.9999961853027344
        ],
        [
            1.1292343060631538e-06,
            0.999998927116394
        ],
        [
            9.649500043451553e-07,
            0.9999990463256836
        ],
        [
            1.4116271813691128e-06,
            0.9999985694885254
        ],
        [
            2.7292195227346383e-05,
            0.9999727010726929
        ],
        [
            1.322875164078141e-06,
            0.9999986886978149
        ],
        [
            1.6004374856493087e-06,
            0.9999984502792358
        ],
        [
            5.331002739694668e-06,
            0.9999946355819702
        ],
        [
            2.487456868038862e-06,
            0.9999974966049194
        ],
        [
            9.015594514494296e-06,
            0.9999909400939941
        ],
        [
            3.923043550457805e-06,
            0.9999960660934448
        ],
        [
            5.610216703644255e-06,
            0.9999943971633911
        ],
        [
            1.5505110013691592e-06,
            0.9999984502792358
        ],
        [
            2.7108751964988187e-05,
            0.999972939491272
        ],
        [
            4.5809524635842536e-06,
            0.9999954700469971
        ],
        [
            1.6078514818218537e-05,
            0.9999839067459106
        ],
        [
            8.72038617671933e-06,
            0.9999912977218628
        ],
        [
            1.0691267561924178e-05,
            0.9999892711639404
        ],
        [
            5.658295776811428e-06,
            0.9999943971633911
        ],
        [
            1.8179899825554457e-06,
            0.9999982118606567
        ],
        [
            3.356839215484797e-06,
            0.9999966621398926
        ],
        [
            2.570637207099935e-06,
            0.9999973773956299
        ],
        [
            1.2549935490824282e-06,
            0.9999986886978149
        ],
        [
            1.8597075950310682e-06,
            0.9999980926513672
        ],
        [
            1.2132141819165554e-05,
            0.9999878406524658
        ],
        [
