{
    "initial_probs": [
        0.9998753070831299,
        0.00012465943291317672
    ],
    "initial_logits": [
        5.315315246582031,
        -3.674484968185425
    ],
    "transition_probs": [
        [
            0.969459056854248,
            0.03054092638194561
        ],
        [
            0.05966225638985634,
            0.9403377175331116
        ]
    ],
    "transition_logits": [
        [
            1.985134243965149,
            -1.472536325454712
        ],
        [
            -0.7474794983863831,
            2.0100600719451904
        ]
    ],
    "posterior_probs": [
        [
            1.0,
            1.6903551475211387e-11
        ],
        [
            1.0,
            6.707678414704102e-35
        ],
        [
            0.9999947547912598,
            5.2110776778135914e-06
        ],
        [
            1.0,
            8.541603885620416e-34
        ],
        [
            1.0,
            4.1944206961372387e-35
        ],
        [
            0.9999983310699463,
            1.6385937442464638e-06
        ],
        [
            1.0,
            3.6737541275256636e-34
        ],
        [
            1.0,
            2.2494590505121463e-34
        ],
        [
            0.9999992847442627,
            7.180919965321664e-07
        ],
        [
            1.0,
            4.5152361849432054e-08
        ],
        [
            1.0,
            6.812684842926702e-35
        ],
        [
            0.9996638298034668,
            0.00033612342667765915
        ],
        [
            0.9994999170303345,
            0.0005000149831175804
        ],
        [
            1.0,
            1.9066006911282185e-13
        ],
        [
            0.9999145269393921,
            8.545008313376456e-05
        ],
        [
            0.9864307641983032,
            0.013569271191954613
        ],
        [
            0.03481006994843483,
            0.9651899933815002
        ],
        [
            9.758776009505254e-09,
            1.0
        ],
        [
            9.866234904620796e-06,
            0.9999901056289673
        ],
        [
            1.909936792054978e-11,
            1.0
        ],
        [
            5.4079787523142464e-12,
            1.0
        ],
        [
            9.998128547294982e-09,
            1.0
        ],
        [
            8.348623481424511e-08,
            0.9999998807907104
        ],
        [
            9.623585839335647e-08,
            0.9999998807907104
        ],
        [
            4.2928994048452296e-07,
            0.9999995231628418
        ],
        [
            2.3013908503344283e-06,
            0.9999977350234985
        ],
        [
            5.897227879358979e-07,
            0.9999994039535522
        ],
        [
            2.138785148986244e-09,
            1.0
        ],
        [
            2.332237691859973e-08,
            1.0
        ],
        [
            2.7322846207766815e-08,
            1.0
        ],
        [
            1.9460427935769076e-08,
            1.0
        ],
        [
            6.4112994913045895e-09,
            1.0
        ],
        [
            2.2212104795471532e-06,
            0.9999977350234985
        ],
        [
            1.7310896510025486e-05,
            0.9999827146530151
        ],
        [
            3.2438201430506908e-12,
            1.0
        ],
        [
            4.643448647811965e-08,
            1.0
        ],
        [
            1.2175794594782019e-08,
            1.0
        ],
        [
            1.437781520507997e-06,
            0.9999985694885254
        ],
        [
            1.3313812985416007e-07,
            0.9999998807907104
        ],
        [
            3.338680243727965e-12,
            1.0
        ],
        [
            9.738842621231925e-09,
            1.0
        ],
        [
            5.7979431034027584e-08,
            1.0
        ],
        [
            0.00035538425436243415,
            0.9996446371078491
        ],
        [
            1.0,
            9.281142609707888e-24
        ],
        [
            0.9957588315010071,
            0.004241113550961018
        ],
        [
            0.9725062251091003,
            0.02749374508857727
        ],
        [
            0.9994851350784302,
            0.0005148100899532437
        ],
        [
            0.9998878240585327,
            0.00011220254236832261
        ],
        [
            0.9999350309371948,
            6.500635208794847e-05
        ],
        [
            0.9993817806243896,
            0.0006182115175761282
        ],
        [
            0.9999624490737915,
            3.756989099201746e-05
        ],
        [
            0.9999504089355469,
            4.9602353101363406e-05
        ],
        [
            0.9998695850372314,
            0.00013034565199632198
        ],
        [
            0.9999854564666748,
            1.4597087101719808e-05
        ],
        [
            0.9999977350234985,
            2.289482154083089e-06
        ],
        [
            0.9999305009841919,
            6.94937989464961e-05
        ],
        [
            0.999285876750946,
            0.0007141100359149277
        ],
        [
            0.9996531009674072,
            0.00034694289206527174
        ],
        [
            0.9999722242355347,
            2.7788515581050888e-05
        ],
        [
            0.999758780002594,
            0.00024124959600158036
        ],
        [
            0.9944085478782654,
            0.005591372027993202
        ],
        [
            0.9987188577651978,
            0.0012811414198949933
        ],
        [
            0.9896327257156372,
            0.010367216542363167
        ],
        [
            8.124764008243801e-07,
            0.9999991655349731
        ],
        [
            0.0001005083104246296,
            0.9998995065689087
        ],
        [
            1.7341299098916352e-05,
            0.9999827146530151
        ],
        [
            5.998458618705627e-06,
            0.9999940395355225
        ],
        [
            6.84686892782338e-05,
            0.9999315738677979
        ],
        [
            0.0025106610264629126,
            0.997489333152771
        ],
        [
            0.0091023501008749,
            0.9908977150917053
        ],
        [
            0.8420814871788025,
            0.1579185128211975
        ],
        [
            0.9863101243972778,
            0.013689890503883362
        ],
        [
            0.9993113279342651,
            0.0006886592600494623
        ],
        [
            0.9998080134391785,
            0.00019206594151910394
        ],
        [
            0.9999226331710815,
            7.737406122032553e-05
        ],
        [
            0.9996935129165649,
            0.0003065577184315771
        ],
        [
            0.9998853206634521,
            0.0001146214417531155
        ],
        [
            0.9999738931655884,
            2.6102945412276313e-05
        ],
        [
            1.0,
            1.0261754589935335e-34
        ],
        [
            0.9991280436515808,
            0.0008719823672436178
        ],
        [
            1.0,
            5.81183635103547e-35
        ],
        [
            0.9999947547912598,
            5.210362360230647e-06
        ],
        [
            0.9999021291732788,
            9.789158502826467e-05
        ],
        [
            0.9999788999557495,
            2.1111194655532017e-05
        ],
        [
            0.9979602098464966,
            0.002039780607447028
        ],
        [
            0.9997351765632629,
            0.0002648252702783793
        ],
        [
            0.9997958540916443,
            0.00020414515165612102
        ],
        [
            0.9999765157699585,
            2.3424670871463604e-05
        ],
        [
            0.9999717473983765,
            2.8225247660884634e-05
        ],
        [
            0.9999642372131348,
