{
    "initial_probs": [
        4.3714437197195366e-05,
        0.9999562501907349
    ],
    "initial_logits": [
        -4.447921276092529,
        5.589867115020752
    ],
    "transition_probs": [
        [
            0.9484565854072571,
            0.05154342204332352
        ],
        [
            0.017934318631887436,
            0.982065737247467
        ]
    ],
    "transition_logits": [
        [
            2.141589879989624,
            -0.7708215117454529
        ],
        [
            -1.3342959880828857,
            2.6686463356018066
        ]
    ],
    "posterior_probs": [
        [
            1.3791344732894117e-09,
            1.0
        ],
        [
            7.363222493950161e-07,
            0.9999992847442627
        ],
        [
            6.439612576514264e-08,
            0.9999998807907104
        ],
        [
            3.004814175255888e-08,
            1.0
        ],
        [
            1.948373437699047e-06,
            0.9999980926513672
        ],
        [
            5.25699988429551e-06,
            0.9999947547912598
        ],
        [
            2.9766742954961956e-06,
            0.9999970197677612
        ],
        [
            9.106700417760294e-06,
            0.9999909400939941
        ],
        [
            2.276404487133732e-08,
            1.0
        ],
        [
            7.087303401931422e-07,
            0.9999992847442627
        ],
        [
            2.859409505617805e-06,
            0.9999971389770508
        ],
        [
            1.1174292069426883e-07,
            0.9999998807907104
        ],
        [
            4.588884985423647e-05,
            0.999954104423523
        ],
        [
            0.007057628128677607,
            0.9929424524307251
        ],
        [
            4.035757592646405e-05,
            0.9999595880508423
        ],
        [
            5.4086676755105145e-06,
            0.9999946355819702
        ],
        [
            2.870968671686569e-07,
            0.9999997615814209
        ],
        [
            2.6052862267533783e-07,
            0.9999997615814209
        ],
        [
            4.2166175262536854e-07,
            0.9999995231628418
        ],
        [
            7.92723426457087e-07,
            0.9999991655349731
        ],
        [
            8.361120308109093e-06,
            0.9999916553497314
        ],
        [
            2.290705197083298e-06,
            0.9999977350234985
        ],
        [
            0.0001534897746751085,
            0.9998464584350586
        ],
        [
            6.564232535311021e-06,
            0.9999934434890747
        ],
        [
            1.311174287366157e-06,
            0.9999986886978149
        ],
        [
            6.301694611465791e-06,
            0.9999936819076538
        ],
        [
            3.9040537558321375e-06,
            0.9999960660934448
        ],
        [
            1.487456188442593e-06,
            0.9999985694885254
        ],
        [
            7.2438695042365e-07,
            0.9999992847442627
        ],
        [
            5.97959399328829e-07,
            0.9999994039535522
        ],
        [
            5.3458694310393184e-05,
            0.9999465942382812
        ],
        [
            1.0872672646655701e-06,
            0.999998927116394
        ],
        [
            1.373895344158882e-07,
            0.9999998807907104
        ],
        [
            2.6489644824323477e-06,
            0.9999973773956299
        ],
        [
            5.571383780988981e-07,
            0.9999994039535522
        ],
        [
            7.114864274626598e-06,
            0.999992847442627
        ],
        [
            3.8997936258056143e-07,
            0.9999996423721313
        ],
        [
            8.973143508228532e-07,
            0.9999990463256836
        ],
        [
            2.070406708298833e-07,
            0.9999997615814209
        ],
        [
            8.573739614803344e-05,
            0.999914288520813
        ],
        [
            2.3711136236670427e-06,
            0.999997615814209
        ],
        [
            2.862613541765313e-07,
            0.9999997615814209
        ],
        [
            2.533799943194026e-06,
            0.9999974966049194
        ],
        [
            1.0149963713956822e-07,
            0.9999998807907104
        ],
        [
            2.4139484366969555e-07,
            0.9999997615814209
        ],
        [
            3.927097580458394e-08,
            1.0
        ],
        [
            2.0386087271617725e-06,
            0.9999979734420776
        ],
        [
            2.2109306883066893e-06,
            0.9999977350234985
        ],
        [
            4.118722245038953e-06,
            0.9999958276748657
        ],
        [
            3.5744500337386853e-07,
            0.9999996423721313
        ],
        [
            1.272799465823482e-07,
            0.9999998807907104
        ],
        [
            4.2803570465821394e-08,
            1.0
        ],
        [
            4.4494242956716334e-07,
            0.9999995231628418
        ],
        [
            6.232231726244208e-07,
            0.9999994039535522
        ],
        [
            3.763522613553505e-07,
            0.9999996423721313
        ],
        [
            3.3185111192324257e-07,
            0.9999996423721313
        ],
        [
            1.0272542567690834e-06,
            0.999998927116394
        ],
        [
            2.2398129573275583e-08,
            1.0
        ],
        [
            2.5465447528461027e-09,
            1.0
        ],
        [
            4.190959543848294e-07,
            0.9999995231628418
        ],
        [
            0.004114852286875248,
            0.9958850741386414
        ],
        [
            0.8360762596130371,
            0.16392378509044647
        ],
        [
            0.0001421797351213172,
            0.9998577833175659
        ],
        [
            2.880165766327991e-06,
            0.9999971389770508
        ],
        [
            6.339848255265679e-07,
            0.9999994039535522
        ],
        [
            2.4624596335343085e-05,
            0.999975323677063
        ],
        [
            0.06151735037565231,
            0.9384825825691223
        ],
        [
            0.48315683007240295,
            0.5168431401252747
        ],
        [
            0.5823723077774048,
            0.4176277220249176
        ],
        [
            0.9999998807907104,
            1.3093008988107613e-07
        ],
        [
            1.0,
            8.207437396379191e-09
        ],
        [
            0.999933123588562,
            6.692662282148376e-05
        ],
        [
            0.9999939203262329,
            6.063612090656534e-06
        ],
        [
            1.0,
            1.0673423950224858e-12
        ],
        [
            1.0,
            2.4267803322430836e-09
        ],
        [
            1.0,
            2.4545172514769346e-15
        ],
        [
            1.0,
            8.49118553247763e-11
        ],
        [
            0.9999635219573975,
            3.6495239328360185e-05
        ],
        [
            0.9999927282333374,
            7.318568350456189e-06
        ],
        [
            1.0,
            4.1607730594250825e-08
        ],
        [
            1.0,
            6.690609438003703e-12
        ],
        [
            1.0,
            1.7168527932653888e-08
        ],
        [
            0.999998927116394,
            1.0651318689269829e-06
        ],
        [
            0.9999990463256836,
            9.8531165804161e-07
        ],
        [
            0.9999970197677612,
            2.9661553071491653e-06
        ],
        [
            1.0,
            1.1614301100720814e-12
        ],
        [
            1.0,
            2.551436928399653e-08
        ],
        [
            1.0,
            1.117249427620427e-16
        ],
