{
    "initial_probs": [
        0.9999234676361084,
        7.657325477339327e-05
    ],
    "initial_logits": [
        5.145234107971191,
        -4.3319525718688965
    ],
    "transition_probs": [
        [
            0.8498410582542419,
            0.15015888214111328
        ],
        [
            0.5058164000511169,
            0.49418365955352783
        ]
    ],
    "transition_logits": [
        [
            1.416972041130066,
            -0.31638336181640625
        ],
        [
            0.8441452383995056,
            0.8208786845207214
        ]
    ],
    "posterior_probs": [
        [
            0.9999983310699463,
            1.7005691006488632e-06
        ],
        [
            0.9959061145782471,
            0.004093896131962538
        ],
        [
            0.9948333501815796,
            0.005166676826775074
        ],
        [
            0.9936439990997314,
            0.006356053054332733
        ],
        [
            0.9953328967094421,
            0.004667055793106556
        ],
        [
            0.9942956566810608,
            0.005704398266971111
        ],
        [
            0.9541560411453247,
            0.04584397003054619
        ],
        [
            0.9939737915992737,
            0.006026220507919788
        ],
        [
            0.9943918585777283,
            0.005608110688626766
        ],
        [
            0.9776638150215149,
            0.022336110472679138
        ],
        [
            0.990906834602356,
            0.009093132801353931
        ],
        [
            0.9949855804443359,
            0.005014369729906321
        ],
        [
            0.9947479367256165,
            0.005251995753496885
        ],
        [
            0.9956259727478027,
            0.00437395554035902
        ],
        [
            0.9879391193389893,
            0.012060868553817272
        ],
        [
            0.9912068247795105,
            0.008793195709586143
        ],
        [
            0.9936890602111816,
            0.0063109188340604305
        ],
        [
            0.9671809673309326,
            0.032819028943777084
        ],
        [
            0.9886018633842468,
            0.011398102156817913
        ],
        [
            0.9541927576065063,
            0.04580727964639664
        ],
        [
            0.9947262406349182,
            0.005273804534226656
        ],
        [
            0.9947369694709778,
            0.005263008642941713
        ],
        [
            0.9557128548622131,
            0.04428718984127045
        ],
        [
            0.9928879141807556,
            0.007112048100680113
        ],
        [
            0.9940279722213745,
            0.005971990525722504
        ],
        [
            0.9873828291893005,
            0.012617153115570545
        ],
        [
            0.9950841069221497,
            0.004915919154882431
        ],
        [
            0.9639113545417786,
            0.036088719964027405
        ],
        [
            1.2710000382349366e-36,
            1.0
        ],
        [
            3.323041528346948e-05,
            0.9999667406082153
        ],
        [
            0.9782957434654236,
            0.021704252809286118
        ],
        [
            0.9939786195755005,
            0.006021378096193075
        ],
        [
            0.9945728182792664,
            0.005427190568298101
        ],
        [
            0.9928048253059387,
            0.007195170968770981
        ],
        [
            0.9717379808425903,
            0.028262026607990265
        ],
        [
            0.943234920501709,
            0.05676506459712982
        ],
        [
            0.9647130966186523,
            0.03528689593076706
        ],
        [
            0.004113101866096258,
            0.9958868622779846
        ],
        [
            0.1374528408050537,
            0.8625470995903015
        ],
        [
            0.9045767784118652,
            0.09542319923639297
        ],
        [
            0.991928219795227,
            0.008071759715676308
        ],
        [
            0.9718896746635437,
            0.028110304847359657
        ],
        [
            2.2314858142635785e-05,
            0.999977707862854
        ],
        [
            0.8945291638374329,
            0.10547082871198654
        ],
        [
            1.2631962142961584e-10,
            1.0
        ],
        [
            1.7928998563565557e-10,
            1.0
        ],
        [
            0.9737681150436401,
            0.026231905445456505
        ],
        [
            0.9436647891998291,
            0.05633522942662239
        ],
        [
            0.0015828483738005161,
            0.9984171390533447
        ],
        [
            0.8409908413887024,
            0.1590091735124588
        ],
        [
            0.9859036803245544,
            0.014096246100962162
        ],
        [
            0.8889366388320923,
            0.11106331646442413
        ],
        [
            0.9767632484436035,
            0.023236729204654694
        ],
        [
            0.3204689919948578,
            0.6795310378074646
        ],
        [
            0.9643151164054871,
            0.03568485006690025
        ],
        [
            0.9836613535881042,
            0.016338657587766647
        ],
        [
            0.9943878054618835,
            0.005612111184746027
        ],
        [
            0.9922041893005371,
            0.007795798592269421
        ],
        [
            0.9176769256591797,
            0.08232308179140091
        ],
        [
            4.496466132763999e-08,
            1.0
        ],
        [
            0.8599047064781189,
            0.14009526371955872
        ],
        [
            0.992130696773529,
            0.007869317196309566
        ],
        [
            0.9514525532722473,
            0.04854742810130119
        ],
        [
            0.12375063449144363,
            0.876249372959137
        ],
        [
            0.8274014592170715,
            0.17259852588176727
        ],
        [
            0.9701228737831116,
            0.02987707033753395
        ],
        [
            0.9803809523582458,
            0.01961909420788288
        ],
        [
            0.9779795408248901,
            0.022020431235432625
        ],
        [
            0.001744328299537301,
            0.9982556700706482
        ],
        [
            2.056197156985462e-10,
            1.0
        ],
        [
            2.7341683802019124e-18,
            1.0
        ],
        [
            0.6727988123893738,
            0.3272012174129486
        ],
        [
            0.9878638386726379,
            0.012136189267039299
        ],
        [
            0.992010772228241,
            0.007989226840436459
        ],
        [
            0.9023705124855042,
            0.09762940555810928
        ],
        [
            0.9936363697052002,
            0.006363670341670513
        ],
        [
            0.9949782490730286,
            0.005021683406084776
        ],
        [
            0.9946751594543457,
            0.0053247977048158646
        ],
        [
            0.9940945506095886,
            0.005905422382056713
        ],
        [
            0.9094720482826233,
            0.0905279889702797
        ],
        [
            0.0021579661406576633,
            0.9978420734405518
        ],
        [
            7.92982755228877e-05,
            0.9999207258224487
        ],
        [
            0.05559757724404335,
            0.9444023966789246
        ],
        [
            0.5311713814735413,
            0.46882864832878113
        ],
        [
            0.81227707862854,
            0.18772295117378235
        ],
        [
            0.049991849809885025,
            0.9500081539154053
        ],
        [
            0.9095348119735718,
            0.09046518802642822
        ],
        [
