{
    "initial_probs": [
        0.9999818801879883,
        1.806475302146282e-05
    ],
    "initial_logits": [
        6.1045660972595215,
        -4.816964149475098
    ],
    "transition_probs": [
        [
            0.9760943055152893,
            0.023905731737613678
        ],
        [
            0.05589969828724861,
            0.9441003203392029
        ]
    ],
    "transition_logits": [
        [
            2.334517478942871,
            -1.3749234676361084
        ],
        [
            -0.7271830439567566,
            2.0994904041290283
        ]
    ],
    "posterior_probs": [
        [
            0.9999998807907104,
            1.424945850203585e-07
        ],
        [
            0.9998148083686829,
            0.00018517488206271082
        ],
        [
            0.9998661279678345,
            0.0001337950670858845
        ],
        [
            0.9999223947525024,
            7.761881715850905e-05
        ],
        [
            0.9995511174201965,
            0.0004488426202442497
        ],
        [
            0.9999290704727173,
            7.097905472619459e-05
        ],
        [
            0.9998815059661865,
            0.00011842559615615755
        ],
        [
            0.9998483657836914,
            0.00015162781346589327
        ],
        [
            0.9999145269393921,
            8.550877828383818e-05
        ],
        [
            0.9998210072517395,
            0.0001790575188351795
        ],
        [
            0.9993687272071838,
            0.0006312434561550617
        ],
        [
            0.9998522996902466,
            0.00014766461390536278
        ],
        [
            0.9998661279678345,
            0.0001338073197985068
        ],
        [
            0.9993718266487122,
            0.0006282281829044223
        ],
        [
            0.9999165534973145,
            8.345170499524102e-05
        ],
        [
            0.9996341466903687,
            0.00036589024239219725
        ],
        [
            0.9959981441497803,
            0.004001811612397432
        ],
        [
            0.9837579131126404,
            0.016242070123553276
        ],
        [
            0.8231064081192017,
            0.1768936812877655
        ],
        [
            0.8463159203529358,
            0.1536840796470642
        ],
        [
            0.9403248429298401,
            0.0596751943230629
        ],
        [
            0.9931550621986389,
            0.006844875868409872
        ],
        [
            0.998846173286438,
            0.0011537534883245826
        ],
        [
            0.999708354473114,
            0.00029156566597521305
        ],
        [
            0.9976502060890198,
            0.002349767368286848
        ],
        [
            0.9998552799224854,
            0.00014472499606199563
        ],
        [
            0.9999208450317383,
            7.912905857665464e-05
        ],
        [
            0.9993764758110046,
            0.0006235800101421773
        ],
        [
            0.9987637996673584,
            0.0012362601701170206
        ],
        [
            0.9995575547218323,
            0.00044237254769541323
        ],
        [
            0.9997431635856628,
            0.00025681269471533597
        ],
        [
            0.9993601441383362,
            0.000639849400613457
        ],
        [
            0.9985077977180481,
            0.001492174924351275
        ],
        [
            0.9979463219642639,
            0.0020537124946713448
        ],
        [
            0.9997633099555969,
            0.0002367217093706131
        ],
        [
            0.9996635913848877,
            0.0003364106814842671
        ],
        [
            0.9990997314453125,
            0.0009002957376651466
        ],
        [
            0.9998722076416016,
            0.00012774101924151182
        ],
        [
            0.9999591112136841,
            4.089063804713078e-05
        ],
        [
            0.9999545812606812,
            4.541242014965974e-05
        ],
        [
            0.9999066591262817,
            9.329384920420125e-05
        ],
        [
            0.9976820945739746,
            0.002317863516509533
        ],
        [
            0.9816732406616211,
            0.018326764926314354
        ],
        [
            0.9640717506408691,
            0.035928234457969666
        ],
        [
            0.4778168201446533,
            0.5221831202507019
        ],
        [
            8.47207866172539e-06,
            0.9999915361404419
        ],
        [
            0.000546158873476088,
            0.9994538426399231
        ],
        [
            1.8936798369395547e-06,
            0.9999980926513672
        ],
        [
            8.380370104532631e-07,
            0.9999991655349731
        ],
        [
            0.006206716410815716,
            0.993793249130249
        ],
        [
            7.621919166922453e-07,
            0.9999992847442627
        ],
        [
            0.0022641539108008146,
            0.997735857963562
        ],
        [
            0.0009473522659391165,
            0.9990525841712952
        ],
        [
            4.213032056554766e-08,
            1.0
        ],
        [
            0.0013375187991186976,
            0.9986624717712402
        ],
        [
            0.00014174007810652256,
            0.9998582601547241
        ],
        [
            0.000679459422826767,
            0.9993205070495605
        ],
        [
            5.043419878347777e-05,
            0.99994957447052
        ],
        [
            7.835396900190972e-06,
            0.9999921321868896
        ],
        [
            0.00036310480209067464,
            0.9996368885040283
        ],
        [
            0.005586708430200815,
            0.9944133162498474
        ],
        [
            1.9536226147920388e-07,
            0.9999997615814209
        ],
        [
            5.597505762394185e-14,
            1.0
        ],
        [
            0.0005808397545479238,
            0.9994192123413086
        ],
        [
            0.002416071482002735,
            0.9975838661193848
        ],
        [
            1.4175214346323628e-05,
            0.9999858140945435
        ],
        [
            1.5437930755979323e-07,
            0.9999998807907104
        ],
        [
            0.000188256919500418,
            0.9998117089271545
        ],
        [
            3.4902934658020968e-06,
            0.999996542930603
        ],
        [
            0.00012213963782414794,
            0.9998778104782104
        ],
        [
            4.051590167364338e-06,
            0.9999959468841553
        ],
        [
            0.003116861218586564,
            0.9968830943107605
        ],
        [
            0.006206716410815716,
            0.993793249130249
        ],
        [
            0.003353379899635911,
            0.9966465830802917
        ],
        [
            0.0008487667073495686,
            0.9991512298583984
        ],
        [
            6.9902521317999344e-06,
            0.9999929666519165
        ],
        [
            5.1389652071520686e-05,
            0.9999486207962036
        ],
        [
            0.0003530286194290966,
            0.9996470212936401
        ],
        [
            5.6633748357626246e-08,
            1.0
        ],
        [
            0.0006700451485812664,
            0.9993299245834351
        ],
        [
            0.4813547730445862,
            0.5186452269554138
        ],
        [
            0.9482796788215637,
            0.05172034725546837
        ],
        [
            0.9978171586990356,
            0.0021828494500368834
        ],
        [
            0.9998863935470581,
            0.000113613365101628
        ],
        [
            0.9994603991508484,
            0.0005395935149863362
        ],
        [
            0.9978737831115723,
