{
    "initial_probs": [
        0.9999967813491821,
        3.1612153179594316e-06
    ],
    "initial_logits": [
        6.963509559631348,
        -5.701041221618652
    ],
    "transition_probs": [
        [
            0.9736122488975525,
            0.0263877734541893
        ],
        [
            0.047106657177209854,
            0.9528933763504028
        ]
    ],
    "transition_logits": [
        [
            2.584540367126465,
            -1.0235719680786133
        ],
        [
            -1.0483742952346802,
            1.9587143659591675
        ]
    ],
    "posterior_probs": [
        [
            0.9999998807907104,
            1.647062077836381e-07
        ],
        [
            0.9991445541381836,
            0.0008554114610888064
        ],
        [
            0.9999885559082031,
            1.1489895769045688e-05
        ],
        [
            0.9999943971633911,
            5.62815830562613e-06
        ],
        [
            0.9999735355377197,
            2.6447327400092036e-05
        ],
        [
            0.999015212059021,
            0.0009847305482253432
        ],
        [
            0.9989996552467346,
            0.0010004054056480527
        ],
        [
            0.9999845027923584,
            1.54401823238004e-05
        ],
        [
            0.9999316930770874,
            6.83027901686728e-05
        ],
        [
            0.9999895095825195,
            1.0458886208652984e-05
        ],
        [
            0.9999946355819702,
            5.34174068889115e-06
        ],
        [
            0.9999276399612427,
            7.239435217343271e-05
        ],
        [
            0.9999945163726807,
            5.4774350246589165e-06
        ],
        [
            0.9999936819076538,
            6.305349415924866e-06
        ],
        [
            0.9999816417694092,
            1.8382819689577445e-05
        ],
        [
            0.9999735355377197,
            2.6467514544492587e-05
        ],
        [
            0.9997240900993347,
            0.00027594156563282013
        ],
        [
            0.9996508359909058,
            0.00034920734469778836
        ],
        [
            0.9999850988388062,
            1.4948600437492132e-05
        ],
        [
            0.9999939203262329,
            6.135462626843946e-06
        ],
        [
            0.9999328851699829,
            6.705130363116041e-05
        ],
        [
            0.999993085861206,
            6.863684120617108e-06
        ],
        [
            0.999985933303833,
            1.4070269571675453e-05
        ],
        [
            0.999962568283081,
            3.742628177860752e-05
        ],
        [
            0.9999657869338989,
            3.422668669372797e-05
        ],
        [
            0.9996541738510132,
            0.00034581220825202763
        ],
        [
            0.9999710321426392,
            2.8929198379046284e-05
        ],
        [
            0.999890923500061,
            0.00010911728168139234
        ],
        [
            0.9999723434448242,
            2.760931420198176e-05
        ],
        [
            0.9999693632125854,
            3.061897950829007e-05
        ],
        [
            0.9999849796295166,
            1.5048494788061362e-05
        ],
        [
            0.9999163150787354,
            8.364482346223667e-05
        ],
        [
            0.9999064207077026,
            9.354399662697688e-05
        ],
        [
            0.9983349442481995,
            0.0016651280457153916
        ],
        [
            0.9997420907020569,
            0.00025794346584007144
        ],
        [
            0.9999163150787354,
            8.36856706882827e-05
        ],
        [
            0.9999593496322632,
            4.067161353304982e-05
        ],
        [
            0.9999754428863525,
            2.4562305043218657e-05
        ],
        [
            0.9999634027481079,
            3.663975076051429e-05
        ],
        [
            0.9998944997787476,
            0.00010543419193709269
        ],
        [
            0.9999796152114868,
            2.0397779735503718e-05
        ],
        [
            0.9999232292175293,
            7.678896508878097e-05
        ],
        [
            0.999832272529602,
            0.00016766888438723981
        ],
        [
            0.999891996383667,
            0.00010794081026688218
        ],
        [
            0.9998761415481567,
            0.00012383778812363744
        ],
        [
            0.9999864101409912,
            1.362573129881639e-05
        ],
        [
            0.9999672174453735,
            3.272422691225074e-05
        ],
        [
            0.9999198913574219,
            8.014241029741243e-05
        ],
        [
            0.9999526739120483,
            4.73183645226527e-05
        ],
        [
            0.9999583959579468,
            4.15491231251508e-05
        ],
        [
            0.9992801547050476,
            0.0007198330713436007
        ],
        [
            0.9791256189346313,
            0.0208743903785944
        ],
        [
            0.9991028308868408,
            0.0008971444913186133
        ],
        [
            0.9999469518661499,
            5.304309888742864e-05
        ],
        [
            0.9999622106552124,
            3.7786339817103e-05
        ],
        [
            0.9999487400054932,
            5.129486453370191e-05
        ],
        [
            0.9998831748962402,
            0.00011679632007144392
        ],
        [
            0.9999072551727295,
            9.273187606595457e-05
        ],
        [
            0.9999890327453613,
            1.099255314329639e-05
        ],
        [
            0.9998655319213867,
            0.00013446013326756656
        ],
        [
            0.9999921321868896,
            7.902817742433399e-06
        ],
        [
            0.9999425411224365,
            5.740204142057337e-05
        ],
        [
            0.9999948740005493,
            5.156461611477425e-06
        ],
        [
            0.9999891519546509,
            1.086481825041119e-05
        ],
        [
            0.9998821020126343,
            0.00011789648851845413
        ],
        [
            0.9999881982803345,
            1.1779070518969093e-05
        ],
        [
            0.9999929666519165,
            6.9915854510327335e-06
        ],
        [
            0.9999954700469971,
            4.534379968390567e-06
        ],
        [
            0.9999344348907471,
            6.554215360665694e-05
        ],
        [
            0.9999747276306152,
            2.529696939745918e-05
        ],
        [
            0.9999791383743286,
            2.0830253561143763e-05
        ],
        [
            0.9999828338623047,
            1.7194410247611813e-05
        ],
        [
            0.999980092048645,
            1.994291778828483e-05
        ],
        [
            0.9999938011169434,
            6.1422060753102414e-06
        ],
        [
            0.9999889135360718,
            1.1033303053409327e-05
        ],
        [
            0.9999222755432129,
            7.772192475385964e-05
        ],
        [
            0.999994158744812,
            5.785631401522551e-06
        ],
        [
            0.9999890327453613,
            1.0971355550282169e-05
        ],
        [
            0.9995781779289246,
            0.00042187562212347984
        ],
        [
            0.9999943971633911,
            5.634431090584258e-06
        ],
        [
            0.9999741315841675,
            2.588993993413169e-05
        ],
        [
            0.9999760389328003,
            2.400981611572206e-05
        ],
        [
            0.9999845027923584,
            1.5547517250524834e-05
        ],
        [
            0.9999239444732666,
            7.609732710989192e-05
        ],
        [
            0.9994795918464661,
