{
    "initial_probs": [
        0.9999723434448242,
        2.7676722311298363e-05
    ],
    "initial_logits": [
        5.4895920753479,
        -5.005299091339111
    ],
    "transition_probs": [
        [
            0.8728942275047302,
            0.1271056979894638
        ],
        [
            0.895081102848053,
            0.10491885989904404
        ]
    ],
    "transition_logits": [
        [
            1.2226649522781372,
            -0.7041304111480713
        ],
        [
            1.4863288402557373,
            -0.6573982834815979
        ]
    ],
    "posterior_probs": [
        [
            0.9999963045120239,
            3.7417673866002588e-06
        ],
        [
            0.07529158890247345,
            0.9247084259986877
        ],
        [
            0.9825019836425781,
            0.017498010769486427
        ],
        [
            0.9883989095687866,
            0.011601079255342484
        ],
        [
            0.9846636056900024,
            0.015336396172642708
        ],
        [
            0.9767852425575256,
            0.02321474812924862
        ],
        [
            0.9104869961738586,
            0.08951303362846375
        ],
        [
            0.7735205888748169,
            0.2264794409275055
        ],
        [
            0.9842385649681091,
            0.01576140522956848
        ],
        [
            0.9753211140632629,
            0.02467888407409191
        ],
        [
            0.9858958125114441,
            0.0141041474416852
        ],
        [
            0.986427366733551,
            0.013572640717029572
        ],
        [
            0.9846689105033875,
            0.015331156551837921
        ],
        [
            0.964393138885498,
            0.03560682758688927
        ],
        [
            0.9847815036773682,
            0.01521852146834135
        ],
        [
            0.9925515651702881,
            0.007448393851518631
        ],
        [
            0.014783797785639763,
            0.9852162599563599
        ],
        [
            0.9417372941970825,
            0.05826269090175629
        ],
        [
            0.9675318002700806,
            0.03246825560927391
        ],
        [
            0.9309358596801758,
            0.0690641701221466
        ],
        [
            0.9287809133529663,
            0.07121913135051727
        ],
        [
            0.9818582534790039,
            0.018141768872737885
        ],
        [
            0.9871215224266052,
            0.012878507375717163
        ],
        [
            0.8700012564659119,
            0.12999866902828217
        ],
        [
            0.8719070553779602,
            0.1280929297208786
        ],
        [
            0.9554276466369629,
            0.044572390615940094
        ],
        [
            0.9523026347160339,
            0.04769734665751457
        ],
        [
            0.037058599293231964,
            0.9629414081573486
        ],
        [
            0.9508969783782959,
            0.04910299554467201
        ],
        [
            0.98482346534729,
            0.015176499262452126
        ],
        [
            0.9905377626419067,
            0.00946222897619009
        ],
        [
            0.9914600849151611,
            0.008539937436580658
        ],
        [
            0.9830566048622131,
            0.016943419352173805
        ],
        [
            0.985564112663269,
            0.014435907825827599
        ],
        [
            0.9884258508682251,
            0.011574209667742252
        ],
        [
            0.9753203988075256,
            0.02467961795628071
        ],
        [
            0.9865291118621826,
            0.013470873236656189
        ],
        [
            0.990344226360321,
            0.009655732661485672
        ],
        [
            0.7953968048095703,
            0.2046031355857849
        ],
        [
            0.9762100577354431,
            0.0237899050116539
        ],
        [
            0.989997386932373,
            0.010002648457884789
        ],
        [
            0.9826899766921997,
            0.01731000281870365
        ],
        [
            0.9771669507026672,
            0.022833088412880898
        ],
        [
            0.1066247969865799,
            0.8933751583099365
        ],
        [
            0.976220965385437,
            0.02377901040017605
        ],
        [
            0.9879312515258789,
            0.012068826705217361
        ],
        [
            0.9891064763069153,
            0.010893491096794605
        ],
        [
            0.9603168964385986,
            0.039683155715465546
        ],
        [
            0.9622499346733093,
            0.03775013983249664
        ],
        [
            0.9881928563117981,
            0.011807182803750038
        ],
        [
            0.9866803288459778,
            0.013319682329893112
        ],
        [
            0.9916200637817383,
            0.008379883132874966
        ],
        [
            0.9511047601699829,
            0.04889519512653351
        ],
        [
            0.9611039757728577,
            0.03889599069952965
        ],
        [
            0.9810422658920288,
            0.01895773410797119
        ],
        [
            0.9709058403968811,
            0.029094206169247627
        ],
        [
            0.9281278848648071,
            0.07187213003635406
        ],
        [
            0.8412864804267883,
            0.15871351957321167
        ],
        [
            0.9425652027130127,
            0.0574348084628582
        ],
        [
            0.9863104820251465,
            0.013689476996660233
        ],
        [
            0.9914040565490723,
            0.00859593041241169
        ],
        [
            0.9676147103309631,
            0.032385312020778656
        ],
        [
            0.9911280870437622,
            0.00887190829962492
        ],
        [
            0.9864740967750549,
            0.013525886461138725
        ],
        [
            0.9882297515869141,
            0.01177025306969881
        ],
        [
            0.9340136051177979,
            0.06598632782697678
        ],
        [
            0.9836469292640686,
            0.016353007405996323
        ],
        [
            0.026483498513698578,
            0.9735165238380432
        ],
        [
            0.9770686030387878,
            0.022931428626179695
        ],
        [
            0.008289175108075142,
            0.9917107820510864
        ],
        [
            0.9929665327072144,
            0.007033421657979488
        ],
        [
            0.9828915596008301,
            0.017108386382460594
        ],
        [
            0.9732499718666077,
            0.026750044897198677
        ],
        [
            0.9893211126327515,
            0.010678917169570923
        ],
        [
            0.9913780689239502,
            0.008621878921985626
        ],
        [
            0.9850778579711914,
            0.014922168105840683
        ],
        [
            0.9671656489372253,
            0.032834287732839584
        ],
        [
            0.9792740941047668,
            0.020725835114717484
        ],
        [
            0.9804294109344482,
            0.01957057975232601
        ],
        [
            0.9158083200454712,
            0.08419166505336761
        ],
        [
            0.9890874624252319,
            0.010912580415606499
        ],
        [
            0.7587026953697205,
            0.24129727482795715
        ],
        [
            0.8604273200035095,
            0.13957266509532928
        ],
        [
            0.9884064197540283,
            0.011593558825552464
        ],
        [
            0.9817509055137634,
            0.01824910007417202
        ],
        [
            0.9310392737388611,
            0.06896074116230011
        ],
        [
            0.9780699014663696,
