{
    "initial_probs": [
        0.9990379810333252,
        0.0009620375349186361
    ],
    "initial_logits": [
        4.11895227432251,
        -2.8265421390533447
    ],
    "transition_probs": [
        [
            0.9165815114974976,
            0.08341851085424423
        ],
        [
            0.00039571174420416355,
            0.9996042847633362
        ]
    ],
    "transition_logits": [
        [
            1.723227858543396,
            -0.6735528707504272
        ],
        [
            -3.4773666858673096,
            4.357062339782715
        ]
    ],
    "posterior_probs": [
        [
            1.0,
            5.311963542642406e-12
        ],
        [
            1.0,
            2.4250035313144735e-09
        ],
        [
            0.9999992847442627,
            7.66858192946529e-07
        ],
        [
            0.9999990463256836,
            1.0014543931902153e-06
        ],
        [
            0.9999837875366211,
            1.621229966985993e-05
        ],
        [
            0.9994046688079834,
            0.0005952861974947155
        ],
        [
            0.9993566870689392,
            0.0006432931404560804
        ],
        [
            0.9999125003814697,
            8.751902350923046e-05
        ],
        [
            0.999785840511322,
            0.00021417201787699014
        ],
        [
            0.9999308586120605,
            6.913317338330671e-05
        ],
        [
            0.9792178869247437,
            0.020782120525836945
        ],
        [
            0.9701940417289734,
            0.029805948957800865
        ],
        [
            0.30908235907554626,
            0.6909176707267761
        ],
        [
            0.10375430434942245,
            0.8962457180023193
        ],
        [
            0.0434190034866333,
            0.9565809965133667
        ],
        [
            0.012848667800426483,
            0.9871513843536377
        ],
        [
            0.004103675018996,
            0.9958963394165039
        ],
        [
            0.0013421738985925913,
            0.9986578226089478
        ],
        [
            0.00040529671241529286,
            0.9995947480201721
        ],
        [
            0.00017135000962298363,
            0.999828577041626
        ],
        [
            5.866064384463243e-05,
            0.999941349029541
        ],
        [
            3.431767618167214e-05,
            0.9999656677246094
        ],
        [
            2.299580410181079e-05,
            0.9999769926071167
        ],
        [
            2.809591023833491e-05,
            0.999971866607666
        ],
        [
            2.8923239369760267e-05,
            0.9999710321426392
        ],
        [
            3.197205296601169e-05,
            0.9999680519104004
        ],
        [
            3.670185833470896e-05,
            0.9999632835388184
        ],
        [
            3.09147362713702e-05,
            0.9999691247940063
        ],
        [
            3.123144415440038e-05,
            0.9999687671661377
        ],
        [
            7.056332833599299e-05,
            0.9999294281005859
        ],
        [
            0.00018031299987342209,
            0.9998196959495544
        ],
        [
            8.467399311484769e-05,
            0.999915361404419
        ],
        [
            5.5952328693820164e-05,
            0.9999440908432007
        ],
        [
            5.4481417464558035e-05,
            0.9999455213546753
        ],
        [
            8.890526078175753e-05,
            0.9999110698699951
        ],
        [
            0.00015443639131262898,
            0.9998455047607422
        ],
        [
            0.00030520925065502524,
            0.99969482421875
        ],
        [
            0.005637458525598049,
            0.994362473487854
        ],
        [
            0.04111918434500694,
            0.9588808417320251
        ],
        [
            0.03005938231945038,
            0.9699406027793884
        ],
        [
            0.025891082361340523,
            0.9741089344024658
        ],
        [
            0.02527790516614914,
            0.9747220277786255
        ],
        [
            0.026532912626862526,
            0.9734670519828796
        ],
        [
            0.031882394105196,
            0.9681175351142883
        ],
        [
            0.012028729543089867,
            0.9879712462425232
        ],
        [
            0.003732473822310567,
            0.9962674975395203
        ],
        [
            0.0008713047136552632,
            0.9991287589073181
        ],
        [
            0.00034848100040107965,
            0.9996515512466431
        ],
        [
            0.00022377110144589096,
            0.9997761845588684
        ],
        [
            0.00010275349632138386,
            0.9998972415924072
        ],
        [
            6.536040746141225e-05,
            0.9999346733093262
        ],
        [
            3.824194936896674e-05,
            0.9999617338180542
        ],
        [
            3.208249472663738e-05,
            0.9999679327011108
        ],
        [
            2.7375659556128085e-05,
            0.9999725818634033
        ],
        [
            2.4884082449716516e-05,
            0.9999750852584839
        ],
        [
            4.116420677746646e-05,
            0.999958872795105
        ],
        [
            8.11823338153772e-05,
            0.9999188184738159
        ],
        [
            0.00016476164455525577,
            0.9998352527618408
        ],
        [
            0.00044057477498427033,
            0.9995594620704651
        ],
        [
            0.0004323733737692237,
            0.9995675683021545
        ],
        [
            0.0004557477368507534,
            0.9995442032814026
        ],
        [
            9.19850281206891e-05,
            0.9999079704284668
        ],
        [
            6.599371408810839e-05,
            0.9999339580535889
        ],
        [
            3.529372770572081e-05,
            0.999964714050293
        ],
        [
            2.060266342596151e-05,
            0.9999793767929077
        ],
        [
            1.600953510205727e-06,
            0.9999984502792358
        ],
        [
            2.354686876060441e-05,
            0.999976396560669
        ],
        [
            2.478102032910101e-05,
            0.9999752044677734
        ],
        [
            2.083661274809856e-05,
            0.9999791383743286
        ],
        [
            8.833389983919915e-06,
            0.9999911785125732
        ],
        [
            4.647507466870593e-06,
            0.9999953508377075
        ],
        [
            2.0701610992546193e-05,
            0.9999792575836182
        ],
        [
            3.1452382245333865e-05,
            0.9999685287475586
        ],
        [
            4.7682558943051845e-05,
            0.9999523162841797
        ],
        [
            0.00010029385157395154,
            0.9998997449874878
        ],
        [
            6.313538324320689e-05,
            0.9999368190765381
        ],
        [
            6.926832429599017e-05,
            0.999930739402771
        ],
        [
            0.00013102355296723545,
            0.9998689889907837
        ],
        [
            5.7865916460286826e-05,
            0.9999421834945679
        ],
        [
            2.9167878892621957e-05,
            0.9999707937240601
        ],
        [
            2.7204105208511464e-05,
            0.9999728202819824
        ],
        [
            1.617523594177328e-05,
            0.9999837875366211
        ],
        [
            2.901075640693307e-05,
            0.9999710321426392
        ],
        [
            3.384033698239364e-05,
            0.9999661445617676
        ],
        [
            4.107135100639425e-05,
            0.999958872795105
        ],
        [
            6.335154466796666e-05,
