{
    "initial_probs": [
        3.314584682811983e-05,
        0.9999668598175049
    ],
    "initial_logits": [
        -4.8408637046813965,
        5.473696231842041
    ],
    "transition_probs": [
        [
            0.9656359553337097,
            0.034364018589258194
        ],
        [
            0.03867463394999504,
            0.9613254070281982
        ]
    ],
    "transition_logits": [
        [
            2.3112237453460693,
            -1.0245531797409058
        ],
        [
            -1.1444847583770752,
            2.0686442852020264
        ]
    ],
    "posterior_probs": [
        [
            5.776017133030109e-06,
            0.9999942779541016
        ],
        [
            0.0076242005452513695,
            0.9923757910728455
        ],
        [
            0.014826362021267414,
            0.9851736426353455
        ],
        [
            0.013829763978719711,
            0.9861702919006348
        ],
        [
            1.1527330186084454e-30,
            1.0
        ],
        [
            0.0031954452861100435,
            0.9968045949935913
        ],
        [
            0.004438449162989855,
            0.9955615997314453
        ],
        [
            0.004999774042516947,
            0.9950002431869507
        ],
        [
            0.0032533123157918453,
            0.9967466592788696
        ],
        [
            0.0,
            1.0
        ],
        [
            8.101528692350257e-06,
            0.9999918937683105
        ],
        [
            0.0014566935133188963,
            0.998543381690979
        ],
        [
            0.0,
            1.0
        ],
        [
            0.8181642889976501,
            0.18183569610118866
        ],
        [
            0.9389072060585022,
            0.0610927976667881
        ],
        [
            0.9627817869186401,
            0.03721820190548897
        ],
        [
            0.9839948415756226,
            0.016005219891667366
        ],
        [
            0.9941340088844299,
            0.005866050720214844
        ],
        [
            0.9965219497680664,
            0.003478078870102763
        ],
        [
            0.9993394017219543,
            0.0006605396629311144
        ],
        [
            0.9981576800346375,
            0.001842267345637083
        ],
        [
            0.999077320098877,
            0.0009226521360687912
        ],
        [
            0.9994266033172607,
            0.0005733722937293351
        ],
        [
            0.998863697052002,
            0.0011363629018887877
        ],
        [
            0.9997114539146423,
            0.0002885745489038527
        ],
        [
            0.9999997615814209,
            1.934504183509489e-07
        ],
        [
            0.9999997615814209,
            2.3111509506179573e-07
        ],
        [
            0.9999998807907104,
            9.338108952761104e-08
        ],
        [
            1.0,
            2.6264901364925208e-08
        ],
        [
            0.9999998807907104,
            1.1917772724245879e-07
        ],
        [
            1.0,
            1.148689854346685e-08
        ],
        [
            0.9999986886978149,
            1.2974913943253341e-06
        ],
        [
            0.9997857213020325,
            0.00021428150648716837
        ],
        [
            0.9999969005584717,
            3.124124305031728e-06
        ],
        [
            0.9983355402946472,
            0.0016644304851070046
        ],
        [
            0.9998830556869507,
            0.00011692113184835762
        ],
        [
            0.9999358654022217,
            6.410412606783211e-05
        ],
        [
            0.9990046620368958,
            0.000995339942164719
        ],
        [
            0.9999840259552002,
            1.5939902368700132e-05
        ],
        [
            0.9997791647911072,
            0.0002208039368269965
        ],
        [
            0.9993327260017395,
            0.0006671904120594263
        ],
        [
            0.9992557168006897,
            0.0007442189962603152
        ],
        [
            0.9997777342796326,
            0.0002222435869043693
        ],
        [
            0.99992835521698,
            7.161324174376205e-05
        ],
        [
            0.99834144115448,
            0.0016585711855441332
        ],
        [
            0.9998268485069275,
            0.00017315537843387574
        ],
        [
            0.9984404444694519,
            0.001559570082463324
        ],
        [
            0.9990304708480835,
            0.0009695450426079333
        ],
        [
            0.9999984502792358,
            1.5445043572981376e-06
        ],
        [
            0.9988313317298889,
            0.001168717397376895
        ],
        [
            0.999943733215332,
            5.6292283261427656e-05
        ],
        [
            1.0,
            2.8673030882117936e-14
        ],
        [
            1.0,
            1.6895134180572313e-08
        ],
        [
            0.9999998807907104,
            6.813844066755337e-08
        ],
        [
            1.0,
            5.9989469480532884e-15
        ],
        [
            0.9999982118606567,
            1.7794363884604536e-06
        ],
        [
            1.0,
            4.3696588569730466e-09
        ],
        [
            1.0,
            2.6042308309826012e-09
        ],
        [
            0.9999998807907104,
            6.613683467548981e-08
        ],
        [
            1.0,
            1.799836546467759e-08
        ],
        [
            1.0,
            6.377588679384871e-09
        ],
        [
            0.9999955892562866,
            4.396012172946939e-06
        ],
        [
            1.0,
            5.0512451860162955e-11
        ],
        [
            1.0,
            1.1393385116376022e-14
        ],
        [
            0.9999994039535522,
            5.719977025364642e-07
        ],
        [
            1.0,
            1.8914354527055366e-09
        ],
        [
            1.0,
            6.872235669419524e-09
        ],
        [
            0.9999982118606567,
            1.7707284314383287e-06
        ],
        [
            0.9999786615371704,
            2.139526986866258e-05
        ],
        [
            0.9997288584709167,
            0.0002711678098421544
        ],
        [
            0.9998759031295776,
            0.000124089332530275
        ],
        [
            0.9943656921386719,
            0.00563429482281208
        ],
        [
            0.0,
            1.0
        ],
        [
            0.7800374031066895,
            0.21996258199214935
        ],
        [
            0.8726986646652222,
            0.12730130553245544
        ],
        [
            0.9997379183769226,
            0.0002620243758428842
        ],
        [
            1.0,
            1.3226989281633905e-08
        ],
        [
            0.9998816251754761,
            0.00011835515761049464
        ],
        [
            0.9999940395355225,
            5.985658390272874e-06
        ],
        [
            0.9383565187454224,
            0.06164344772696495
        ],
        [
            0.0,
            1.0
        ],
        [
            0.005186872556805611,
            0.994813084602356
        ],
        [
            2.0473043278114213e-19,
            1.0
        ],
        [
            0.0,
            1.0
        ],
        [
            0.0074297478422522545,
            0.9925702214241028
        ],
        [
            0.011072661727666855,
            0.9889273643493652
        ],
        [
            0.015019487589597702,
            0.9849804639816284
        ],
        [
            0.0,
            1.0
        ],
        [
            0.0,
            1.0
        ],
        [
            0.005889275576919317,
            0.994110643863678
        ],
        [
            0.0,
            1.0
