{
    "initial_probs": [
        0.0007276099640876055,
        0.9992724061012268
    ],
    "initial_logits": [
        -3.4223480224609375,
        3.8026697635650635
    ],
    "transition_probs": [
        [
            0.005695352330803871,
            0.9943045973777771
        ],
        [
            0.00022729484771844,
            0.9997727274894714
        ]
    ],
    "transition_logits": [
        [
            -2.0995705127716064,
            3.0628225803375244
        ],
        [
            -3.3093020915985107,
            5.079732894897461
        ]
    ],
    "posterior_probs": [
        [
            0.00016272073844447732,
            0.9998372793197632
        ],
        [
            5.5951477406779304e-05,
            0.9999440908432007
        ],
        [
            4.05207829317078e-05,
            0.9999594688415527
        ],
        [
            4.718210766441189e-05,
            0.9999527931213379
        ],
        [
            3.624994133133441e-05,
            0.9999637603759766
        ],
        [
            5.632492684526369e-05,
            0.9999436140060425
        ],
        [
            3.875563925248571e-05,
            0.999961256980896
        ],
        [
            5.85957859584596e-05,
            0.999941349029541
        ],
        [
            0.00018677793559618294,
            0.9998132586479187
        ],
        [
            3.6655128496931866e-05,
            0.9999634027481079
        ],
        [
            0.0005828405846841633,
            0.9994171857833862
        ],
        [
            4.930843715555966e-05,
            0.999950647354126
        ],
        [
            3.8729336665710434e-05,
            0.999961256980896
        ],
        [
            4.788013029610738e-05,
            0.9999520778656006
        ],
        [
            6.719879456795752e-05,
            0.9999327659606934
        ],
        [
            0.00010198971722275019,
            0.9998979568481445
        ],
        [
            3.859542266582139e-05,
            0.9999613761901855
        ],
        [
            4.7898764023557305e-05,
            0.9999520778656006
        ],
        [
            3.703488255268894e-05,
            0.9999629259109497
        ],
        [
            4.278009510017e-05,
            0.9999572038650513
        ],
        [
            4.3606185499811545e-05,
            0.9999563694000244
        ],
        [
            0.0004223005089443177,
            0.9995777010917664
        ],
        [
            8.041677210712805e-05,
            0.9999195337295532
        ],
        [
            0.0003538183809723705,
            0.9996461868286133
        ],
        [
            7.092167652444914e-05,
            0.9999290704727173
        ],
        [
            4.2754971218528226e-05,
            0.9999572038650513
        ],
        [
            3.6526162148220465e-05,
            0.9999635219573975
        ],
        [
            0.00010389165254309773,
            0.9998960494995117
        ],
        [
            6.556966400239617e-05,
            0.9999344348907471
        ],
        [
            5.278756725601852e-05,
            0.999947190284729
        ],
        [
            3.603651566663757e-05,
            0.9999639987945557
        ],
        [
            0.00015828039613552392,
            0.9998416900634766
        ],
        [
            0.00010542696691118181,
            0.9998946189880371
        ],
        [
            6.463546014856547e-05,
            0.9999353885650635
        ],
        [
            0.00015331426402553916,
            0.9998466968536377
        ],
        [
            7.955822366056964e-05,
            0.9999204874038696
        ],
        [
            6.549317913595587e-05,
            0.9999345541000366
        ],
        [
            3.5841843782691285e-05,
            0.9999641180038452
        ],
        [
            8.576291293138638e-05,
            0.999914288520813
        ],
        [
            4.976116542820819e-05,
            0.9999502897262573
        ],
        [
            0.00011669746891129762,
            0.9998832941055298
        ],
        [
            3.6647859815275297e-05,
            0.9999634027481079
        ],
        [
            9.535752178635448e-05,
            0.9999046325683594
        ],
        [
            4.001359411631711e-05,
            0.9999599456787109
        ],
        [
            9.295285417465493e-05,
            0.9999070167541504
        ],
        [
            4.853106293012388e-05,
            0.9999514818191528
        ],
        [
            5.3258412663126364e-05,
            0.9999467134475708
        ],
        [
            0.0003452482633292675,
            0.9996547698974609
        ],
        [
            6.703034887323156e-05,
            0.9999330043792725
        ],
        [
            0.0003446957271080464,
            0.9996552467346191
        ],
        [
            0.00016903915093280375,
            0.999830961227417
        ],
        [
            0.00013466029486153275,
            0.9998652935028076
        ],
        [
            3.689950972329825e-05,
            0.9999630451202393
        ],
        [
            0.00010419166937936097,
            0.9998958110809326
        ],
        [
            4.3353753426345065e-05,
            0.9999566078186035
        ],
        [
            0.0007979429792612791,
            0.9992020726203918
        ],
        [
            0.00021975382696837187,
            0.9997802376747131
        ],
        [
            0.0008356698090210557,
            0.999164342880249
        ],
        [
            0.00035871731233783066,
            0.9996412992477417
        ],
        [
            4.977217031409964e-05,
            0.9999501705169678
        ],
        [
            0.0010035439627245069,
            0.9989964365959167
        ],
        [
            5.811100345454179e-05,
            0.9999419450759888
        ],
        [
            7.989456207724288e-05,
            0.999920129776001
        ],
        [
            4.6292869228636846e-05,
            0.9999537467956543
        ],
        [
            4.7209829062921926e-05,
            0.9999527931213379
        ],
        [
            5.132852675160393e-05,
            0.9999486207962036
        ],
        [
            6.524781201733276e-05,
            0.9999347925186157
        ],
        [
            0.00011988540063612163,
            0.9998800754547119
        ],
        [
            3.748743620235473e-05,
            0.999962568283081
        ],
        [
            4.278499181964435e-05,
            0.9999572038650513
        ],
        [
            5.13633931404911e-05,
            0.9999486207962036
        ],
        [
            4.260422065271996e-05,
            0.9999574422836304
        ],
        [
            5.602707824436948e-05,
            0.9999439716339111
        ],
        [
            3.787436435231939e-05,
            0.9999620914459229
        ],
        [
            7.076872134348378e-05,
            0.9999291896820068
        ],
        [
            8.934924699133262e-05,
            0.9999105930328369
        ],
        [
            4.8863934352993965e-05,
            0.9999511241912842
        ],
        [
            3.805277810897678e-05,
            0.9999619722366333
        ],
        [
            8.711801638128236e-05,
            0.9999128580093384
        ],
        [
            0.0015569705283269286,
            0.998443067073822
        ],
        [
            4.313699537306093e-05,
            0.9999568462371826
        ],
        [
            3.927114448742941e-05,
            0.9999607801437378
        ],
        [
            0.00016233266796916723,
            0.9998376369476318
        ],
        [
            6.72490568831563e-05,
            0.9999327659606934
        ],
        [
            0.00012081357999704778,
