{
    "initial_probs": [
        1.1279511454631574e-05,
        0.9999886751174927
    ],
    "initial_logits": [
        -5.24393367767334,
        6.148577690124512
    ],
    "transition_probs": [
        [
            0.3796520233154297,
            0.6203479766845703
        ],
        [
            0.20787544548511505,
            0.7921245098114014
        ]
    ],
    "transition_logits": [
        [
            0.5992124080657959,
            1.0902378559112549
        ],
        [
            -0.3640706539154053,
            0.9737089276313782
        ]
    ],
    "posterior_probs": [
        [
            2.1583682610071264e-06,
            0.9999978542327881
        ],
        [
            0.04951832443475723,
            0.950481653213501
        ],
        [
            0.08594752848148346,
            0.9140524864196777
        ],
        [
            0.3826369047164917,
            0.6173630356788635
        ],
        [
            0.08394830673933029,
            0.9160516858100891
        ],
        [
            0.09225432574748993,
            0.9077457189559937
        ],
        [
            0.07787671685218811,
            0.9221232533454895
        ],
        [
            0.12475765496492386,
            0.8752423524856567
        ],
        [
            0.06736995279788971,
            0.9326300621032715
        ],
        [
            0.057874083518981934,
            0.9421259164810181
        ],
        [
            0.05548962205648422,
            0.9445104598999023
        ],
        [
            0.08147663623094559,
            0.9185233116149902
        ],
        [
            0.09386830031871796,
            0.9061317443847656
        ],
        [
            0.935926079750061,
            0.06407389044761658
        ],
        [
            1.0,
            1.474266309031691e-08
        ],
        [
            0.09994550794363022,
            0.9000545144081116
        ],
        [
            0.06988674402236938,
            0.9301132559776306
        ],
        [
            0.06115146726369858,
            0.9388485550880432
        ],
        [
            0.1330898553133011,
            0.8669102191925049
        ],
        [
            0.7794657945632935,
            0.22053417563438416
        ],
        [
            0.9847123622894287,
            0.015287680551409721
        ],
        [
            0.13159070909023285,
            0.868409276008606
        ],
        [
            0.08857208490371704,
            0.9114279747009277
        ],
        [
            0.05958973243832588,
            0.9404102563858032
        ],
        [
            0.06427905708551407,
            0.9357209205627441
        ],
        [
            0.3541550934314728,
            0.6458448767662048
        ],
        [
            0.06350357085466385,
            0.9364964365959167
        ],
        [
            0.06998450309038162,
            0.930015504360199
        ],
        [
            0.06839710474014282,
            0.9316028952598572
        ],
        [
            0.06934786587953568,
            0.9306521415710449
        ],
        [
            0.1742815226316452,
            0.8257185220718384
        ],
        [
            0.06589105725288391,
            0.9341089129447937
        ],
        [
            0.04782859608530998,
            0.9521713852882385
        ],
        [
            0.04706981033086777,
            0.9529301524162292
        ],
        [
            0.0647457093000412,
            0.9352542757987976
        ],
        [
            0.11109157651662827,
            0.8889085054397583
        ],
        [
            0.46071773767471313,
            0.5392822623252869
        ],
        [
            0.11579657346010208,
            0.8842034339904785
        ],
        [
            0.05164509266614914,
            0.9483548998832703
        ],
        [
            0.09965420514345169,
            0.9003458023071289
        ],
        [
            0.1646961271762848,
            0.8353039026260376
        ],
        [
            0.9361408948898315,
            0.06385908275842667
        ],
        [
            0.9946802258491516,
            0.00531978951767087
        ],
        [
            0.155509814620018,
            0.8444901704788208
        ],
        [
            0.1114533320069313,
            0.8885466456413269
        ],
        [
            0.28146231174468994,
            0.7185376882553101
        ],
        [
            0.06999977678060532,
            0.9300002455711365
        ],
        [
            0.1560657024383545,
            0.8439342975616455
        ],
        [
            0.08627805858850479,
            0.9137219190597534
        ],
        [
            0.17948082089424133,
            0.8205191493034363
        ],
        [
            0.15725082159042358,
            0.8427491784095764
        ],
        [
            0.9970979690551758,
            0.0029020607471466064
        ],
        [
            0.1341286450624466,
            0.8658713102340698
        ],
        [
            0.07405409216880798,
            0.9259459376335144
        ],
        [
            0.09902364760637283,
            0.9009763598442078
        ],
        [
            0.3023339509963989,
            0.6976660490036011
        ],
        [
            0.09080175310373306,
            0.9091981649398804
        ],
        [
            0.2833830416202545,
            0.7166169881820679
        ],
        [
            0.148805633187294,
            0.8511943221092224
        ],
        [
            0.999984860420227,
            1.5194083971437067e-05
        ],
        [
            0.10843764990568161,
            0.8915624022483826
        ],
        [
            0.11063619703054428,
            0.8893637657165527
        ],
        [
            0.5676566958427429,
            0.4323432743549347
        ],
        [
            0.12823808193206787,
            0.8717619776725769
        ],
        [
            0.09595315903425217,
            0.9040468335151672
        ],
        [
            0.06320340931415558,
            0.9367966055870056
        ],
        [
            0.28714627027511597,
            0.7128537893295288
        ],
        [
            0.9450732469558716,
            0.05492682382464409
        ],
        [
            0.10476284474134445,
            0.8952372074127197
        ],
        [
            0.09314867854118347,
            0.9068513512611389
        ],
        [
            0.16217002272605896,
            0.8378300070762634
        ],
        [
            0.058892201632261276,
            0.9411078095436096
        ],
        [
            0.1633695513010025,
            0.8366304039955139
        ],
        [
            0.9740438461303711,
            0.025956152006983757
        ],
        [
            0.11059904098510742,
            0.8894008994102478
        ],
        [
            0.06721647828817368,
            0.9327835440635681
        ],
        [
            0.11875326931476593,
            0.8812467455863953
        ],
        [
            0.07785315811634064,
            0.9221467971801758
        ],
        [
            0.0740569680929184,
            0.9259430766105652
        ],
        [
            0.056781817227602005,
            0.9432181715965271
        ],
        [
            0.0846550315618515,
            0.9153448939323425
        ],
        [
            0.05267355963587761,
            0.9473264813423157
        ],
        [
            0.07870666682720184,
            0.921293318271637
        ],
        [
            0.06593873351812363,
            0.9340612292289734
        ],
        [
            0.40794456005096436,
            0.5920553803443909
        ],
        [
            0.19244031608104706,
            0.807559609413147
        ],
        [
            0.10848172008991241,
            0.891518235206604
        ],
        [
