{
    "initial_probs": [
        0.00044571160105988383,
        0.9995542168617249
    ],
    "initial_logits": [
        -3.196883201599121,
        4.518509387969971
    ],
    "transition_probs": [
        [
            0.9347361326217651,
            0.06526386737823486
        ],
        [
            0.15427081286907196,
            0.8457292318344116
        ]
    ],
    "transition_logits": [
        [
            1.8177497386932373,
            -0.8440759181976318
        ],
        [
            -0.21210801601409912,
            1.4893816709518433
        ]
    ],
    "posterior_probs": [
        [
            0.0,
            1.0
        ],
        [
            0.8762460350990295,
            0.12375394254922867
        ],
        [
            0.9883312582969666,
            0.011668766848742962
        ],
        [
            0.9995267391204834,
            0.0004732295928988606
        ],
        [
            0.9987553358078003,
            0.0012446725741028786
        ],
        [
            0.998603880405426,
            0.0013960758224129677
        ],
        [
            0.9981659054756165,
            0.0018341343384236097
        ],
        [
            1.0,
            9.497578723483002e-09
        ],
        [
            0.9999436140060425,
            5.6379958550678566e-05
        ],
        [
            1.0,
            2.8354097736382755e-08
        ],
        [
            0.9981529116630554,
            0.0018470857758074999
        ],
        [
            0.9993653893470764,
            0.0006346022128127515
        ],
        [
            1.0,
            2.685053512863078e-09
        ],
        [
            0.9972636699676514,
            0.0027363041881471872
        ],
        [
            0.9998517036437988,
            0.0001482402003603056
        ],
        [
            0.9997053742408752,
            0.0002945833548437804
        ],
        [
            0.9988545179367065,
            0.001145518384873867
        ],
        [
            0.9996780157089233,
            0.0003219468635506928
        ],
        [
            0.9998873472213745,
            0.00011262788757449016
        ],
        [
            0.9997702240943909,
            0.00022973440354689956
        ],
        [
            0.9999058246612549,
            9.417912224307656e-05
        ],
        [
            0.9867680668830872,
            0.013231984339654446
        ],
        [
            0.9999792575836182,
            2.0726896764244884e-05
        ],
        [
            0.9999618530273438,
            3.812600698438473e-05
        ],
        [
            0.998522937297821,
            0.001477042562328279
        ],
        [
            0.9995459914207458,
            0.00045398561633192003
        ],
        [
            0.9999998807907104,
            8.594207656642538e-08
        ],
        [
            1.0,
            3.6451297091844026e-08
        ],
        [
            0.9999195337295532,
            8.046218135859817e-05
        ],
        [
            0.9996353387832642,
            0.00036469785845838487
        ],
        [
            0.9999994039535522,
            6.028332109053736e-07
        ],
        [
            0.9998303651809692,
            0.0001695557002676651
        ],
        [
            0.9999998807907104,
            1.3137034216015309e-07
        ],
        [
            0.9984830021858215,
            0.0015170007245615125
        ],
        [
            0.9997770190238953,
            0.0002229975361842662
        ],
        [
            0.9994491934776306,
            0.0005508263711817563
        ],
        [
            0.9994893074035645,
            0.0005107124452479184
        ],
        [
            0.9997642636299133,
            0.0002357702614972368
        ],
        [
            0.9995259046554565,
            0.0004741254379041493
        ],
        [
            7.989449967427076e-36,
            1.0
        ],
        [
            1.363380448918959e-37,
            1.0
        ],
        [
            1.0073480415120914e-36,
            1.0
        ],
        [
            0.31087741255760193,
            0.6891226172447205
        ],
        [
            0.9814634323120117,
            0.01853656955063343
        ],
        [
            0.9996813535690308,
            0.00031868304358795285
        ],
        [
            0.9987320303916931,
            0.001268011168576777
        ],
        [
            0.9272902607917786,
            0.07270971685647964
        ],
        [
            0.9987596273422241,
            0.0012403551954776049
        ],
        [
            0.9912378191947937,
            0.00876212865114212
        ],
        [
            0.885858416557312,
            0.11414152383804321
        ],
        [
            1.2626410709295623e-34,
            1.0
        ],
        [
            0.7325350046157837,
            0.26746493577957153
        ],
        [
            0.022315463051199913,
            0.9776845574378967
        ],
        [
            6.112957635195926e-05,
            0.9999388456344604
        ],
        [
            1.6497464727649458e-08,
            1.0
        ],
        [
            0.2937051057815552,
            0.7062948942184448
        ],
        [
            9.013703273612782e-37,
            1.0
        ],
        [
            8.811728473626101e-13,
            1.0
        ],
        [
            8.958825286841262e-36,
            1.0
        ],
        [
            0.824068546295166,
            0.17593151330947876
        ],
        [
            0.9895346760749817,
            0.01046536210924387
        ],
        [
            0.99522864818573,
            0.004771330859512091
        ],
        [
            0.9982967972755432,
            0.0017032372998073697
        ],
        [
            0.9679434299468994,
            0.032056648284196854
        ],
        [
            0.9582664370536804,
            0.04173358902335167
        ],
        [
            0.9968559741973877,
            0.003143955022096634
        ],
        [
            0.998829185962677,
            0.0011708479141816497
        ],
        [
            0.9995790123939514,
            0.00042097250116057694
        ],
        [
            0.9963617920875549,
            0.003638186492025852
        ],
        [
            0.9986029267311096,
            0.001397033454850316
        ],
        [
            0.9987772107124329,
            0.0012227316619828343
        ],
        [
            0.9994778037071228,
            0.0005222753970883787
        ],
        [
            0.9987179040908813,
            0.0012821570271626115
        ],
        [
            0.9975155591964722,
            0.0024843933060765266
        ],
        [
            0.9949949979782104,
            0.005005015060305595
        ],
        [
            0.992097020149231,
            0.007902983576059341
        ],
        [
            0.8408601880073547,
            0.15913979709148407
        ],
        [
            0.8551570177078247,
            0.1448429822921753
        ],
        [
            0.31357085704803467,
            0.6864292025566101
        ],
        [
            0.9529060125350952,
            0.04709403216838837
        ],
        [
            0.9997153878211975,
            0.0002845442504622042
        ],
        [
            0.9999995231628418,
            4.923260803479934e-07
        ],
        [
            0.9979286193847656,
            0.0020713945850729942
        ],
        [
            0.9998258948326111,
            0.0001741754385875538
        ],
        [
            0.9999995231628418,
            4.924237373415963e-07
        ],
        [
            0.9996734857559204,
            0.0003265416016802192
        ],
        [
            0.998706579208374,
            0.0012934611877426505
        ],
        [
            0.9975305199623108,
            0.002469463739544153
