{
    "initial_probs": [
        0.9999574422836304,
        4.252104918123223e-05
    ],
    "initial_logits": [
        5.410309791564941,
        -4.655158996582031
    ],
    "transition_probs": [
        [
            0.9849490523338318,
            0.015050932765007019
        ],
        [
            0.9999525547027588,
            4.745058322441764e-05
        ]
    ],
    "transition_logits": [
        [
            2.857816696166992,
            -1.3233331441879272
        ],
        [
            5.465903282165527,
            -4.489871501922607
        ]
    ],
    "posterior_probs": [
        [
            1.0,
            3.716644469029362e-21
        ],
        [
            1.0,
            1.0521553343988219e-18
        ],
        [
            1.0,
            1.2413036231440257e-18
        ],
        [
            1.0,
            2.271327326663685e-18
        ],
        [
            1.0,
            1.448001479162731e-18
        ],
        [
            1.0,
            5.984150460369948e-18
        ],
        [
            1.0,
            1.115621490679989e-18
        ],
        [
            1.0,
            1.3896801764889943e-10
        ],
        [
            1.0,
            1.943125013864642e-18
        ],
        [
            1.0,
            6.179102868678283e-18
        ],
        [
            1.0,
            2.6699553832251866e-18
        ],
        [
            1.0,
            1.5739266993292818e-18
        ],
        [
            1.0,
            5.894521718687071e-18
        ],
        [
            1.0,
            1.9556028266098513e-18
        ],
        [
            1.0,
            5.9818223605359176e-18
        ],
        [
            1.0,
            1.2654674299930778e-18
        ],
        [
            1.0,
            1.205337280714628e-16
        ],
        [
            1.0,
            2.7989219397089417e-18
        ],
        [
            1.0,
            9.996900391996354e-18
        ],
        [
            1.0,
            1.2884393729770177e-18
        ],
        [
            1.0,
            2.7915643749554356e-18
        ],
        [
            1.0,
            3.681219250837603e-18
        ],
        [
            1.0,
            2.6630587648680257e-18
        ],
        [
            1.0,
            4.032523684169486e-18
        ],
        [
            1.0,
            5.264219604498708e-18
        ],
        [
            1.0,
            1.850730593803694e-17
        ],
        [
            1.0,
            1.285091669640439e-18
        ],
        [
            1.0,
            6.975714194513801e-18
        ],
        [
            1.0,
            2.448705869268025e-18
        ],
        [
            1.0,
            2.933267238125823e-18
        ],
        [
            1.0,
            1.4874378318540795e-18
        ],
        [
            1.0,
            1.9099244325313766e-16
        ],
        [
            1.0,
            6.444747587973278e-16
        ],
        [
            1.0,
            1.3427543474234493e-16
        ],
        [
            1.0,
            1.3481214881484843e-18
        ],
        [
            1.0,
            5.7941536985017805e-11
        ],
        [
            1.0,
            2.2383497035927272e-18
        ],
        [
            1.0,
            3.6976935321184415e-14
        ],
        [
            1.0,
            5.730390969901135e-17
        ],
        [
            1.0,
            1.2771965966383234e-14
        ],
        [
            1.0,
            1.963781161326163e-18
        ],
        [
            1.0,
            4.174537691327285e-17
        ],
        [
            1.0,
            2.2039016429058645e-16
        ],
        [
            1.0,
            2.050298669930075e-18
        ],
        [
            1.0,
            2.5488108649894146e-15
        ],
        [
            1.0,
            3.3342916369218905e-18
        ],
        [
            1.0,
            2.945546817037234e-17
        ],
        [
            1.0,
            1.1703392814052186e-18
        ],
        [
            1.0,
            1.3588355657120927e-17
        ],
        [
            1.0,
            4.4142248543431006e-16
        ],
        [
            1.0,
            4.345173140296154e-17
        ],
        [
            1.0,
            3.589600229882862e-17
        ],
        [
            1.0,
            2.2544276876051755e-16
        ],
        [
            1.0,
            2.860382079607091e-18
        ],
        [
            1.0,
            2.0645987615647386e-18
        ],
        [
            1.0,
            1.9643782314757857e-13
        ],
        [
            1.0,
            6.424318906908403e-18
        ],
        [
            1.0,
            1.2732925585878295e-18
        ],
        [
            1.0,
            9.791167338764615e-19
        ],
        [
            1.0,
            2.184059207902163e-15
        ],
        [
            1.0,
            3.10130949241795e-15
        ],
        [
            1.0,
            4.489577434726435e-15
        ],
        [
            1.0,
            1.4151015490308072e-17
        ],
        [
            1.0,
            6.474303880361334e-20
        ],
        [
            0.049920517951250076,
            0.9500795006752014
        ],
        [
            1.0,
            5.029360552546697e-20
        ],
        [
            1.0,
            1.1940232201014134e-18
        ],
        [
            1.0,
            4.571145860514077e-15
        ],
        [
            1.0,
            2.1930305457824782e-18
        ],
        [
            1.0,
            1.1175978319585313e-18
        ],
        [
            1.0,
            1.3646743855019208e-17
        ],
        [
            1.0,
            2.427336493595136e-16
        ],
        [
            1.0,
            5.396661850037843e-13
        ],
        [
            1.0,
            1.3322249390896462e-14
        ],
        [
            1.0,
            1.4190848993091023e-18
        ],
        [
            0.9999786615371704,
            2.128472078766208e-05
        ],
        [
            1.0,
            9.57391869063522e-19
        ],
        [
            1.0,
            4.8225320625761015e-08
        ],
        [
            1.0,
            1.4458488450161383e-18
        ],
        [
            1.0,
            1.9865330897188976e-13
        ],
        [
            1.0,
            9.872862527515736e-10
        ],
        [
            0.0028793993405997753,
            0.9971206188201904
        ],
        [
            1.0,
            1.1032287967585159e-20
        ],
        [
            1.0,
            9.640513760980945e-18
        ],
        [
            1.0,
            5.054677384546163e-18
        ],
        [
            1.0,
            1.097429100672957e-18
        ],
        [
            1.0,
            4.778432478050199e-17
        ],
        [
            1.0,
            9.438852355421988e-16
        ],
        [
            1.0,
            3.149725895683006e-16
        ],
        [
            1.0,
            2.674810668723077e-16
        ],
        [
            1.0,
            1.2651929301068021e-17
        ],
        [
            1.0,
            3.132662681658364e-16
        ],
        [
            1.0,
            1.705467255763664e-17
        ],
        [
            1.0,
            1.1877320152345801e-17
        ],
        [
            1.0,
            3.5431501482774408e-12
        ],
        [
            1.0,
            8.375949239747271e-11
        ],
        [
            1.0,
            3.7908853675247805e-15
        ],
        [
            1.0,
            3.058527611875034e-18
        ],
        [
            1.0,
            1.590597593997099e-18
        ],
        [
            1.0,
            8.653708796901109e-18
        ],
        [
            1.0,
            1.3614654623926132e-18
        ],
        [
            1.0,
