{
    "initial_probs": [
        0.00018074507534038275,
        0.9998193383216858
    ],
    "initial_logits": [
        -3.915069580078125,
        4.70317268371582
    ],
    "transition_probs": [
        [
            0.9825537800788879,
            0.01744621992111206
        ],
        [
            0.2148047536611557,
            0.7851952314376831
        ]
    ],
    "transition_logits": [
        [
            2.3668372631073,
            -1.6641948223114014
        ],
        [
            0.270937979221344,
            1.567140817642212
        ]
    ],
    "posterior_probs": [
        [
            7.438050978071101e-19,
            1.0
        ],
        [
            2.5892084158131434e-13,
            1.0
        ],
        [
            0.8889939188957214,
            0.11100608110427856
        ],
        [
            0.9589024186134338,
            0.041097529232501984
        ],
        [
            0.9675983190536499,
            0.03240169212222099
        ],
        [
            0.9486593008041382,
            0.051340747624635696
        ],
        [
            0.0027791904285550117,
            0.9972207546234131
        ],
        [
            2.0058887457707897e-05,
            0.9999799728393555
        ],
        [
            1.5067829923432938e-15,
            1.0
        ],
        [
            1.1083567992841185e-15,
            1.0
        ],
        [
            3.547161166073012e-15,
            1.0
        ],
        [
            1.277308002646711e-15,
            1.0
        ],
        [
            6.715798008372076e-06,
            0.9999933242797852
        ],
        [
            2.0827811724648607e-14,
            1.0
        ],
        [
            0.07547610998153687,
            0.9245238304138184
        ],
        [
            0.036859285086393356,
            0.9631407260894775
        ],
        [
            0.004547678399831057,
            0.995452344417572
        ],
        [
            0.2556484043598175,
            0.7443515658378601
        ],
        [
            0.926943838596344,
            0.07305615395307541
        ],
        [
            0.9944031238555908,
            0.005596889648586512
        ],
        [
            0.9978681802749634,
            0.002131774788722396
        ],
        [
            0.998364269733429,
            0.0016357251442968845
        ],
        [
            0.9911104440689087,
            0.008889604359865189
        ],
        [
            2.4132234296807276e-13,
            1.0
        ],
        [
            2.4328927544434165e-13,
            1.0
        ],
        [
            0.9464553594589233,
            0.05354466661810875
        ],
        [
            0.9945026636123657,
            0.005497316364198923
        ],
        [
            0.998647153377533,
            0.0013528720010071993
        ],
        [
            0.9997559189796448,
            0.00024411501362919807
        ],
        [
            0.9935954213142395,
            0.006404613610357046
        ],
        [
            0.9507086277008057,
            0.04929142817854881
        ],
        [
            0.751981258392334,
            0.24801872670650482
        ],
        [
            0.9920597076416016,
            0.007940277457237244
        ],
        [
            0.999555766582489,
            0.0004442115896381438
        ],
        [
            0.9996005892753601,
            0.0003994236176367849
        ],
        [
            0.9995965361595154,
            0.00040344020817428827
        ],
        [
            0.999935507774353,
            6.449360080296174e-05
        ],
        [
            0.9999051094055176,
            9.482795576332137e-05
        ],
        [
            0.999882698059082,
            0.00011728918616427109
        ],
        [
            0.9996925592422485,
            0.00030750848236493766
        ],
        [
            0.9981339573860168,
            0.001866116072051227
        ],
        [
            0.9945100545883179,
            0.005489896517246962
        ],
        [
            0.9036442041397095,
            0.09635581076145172
        ],
        [
            0.9987389445304871,
            0.0012611120473593473
        ],
        [
            0.9999005794525146,
            9.946031059371307e-05
        ],
        [
            0.9990366697311401,
            0.0009633867884986103
        ],
        [
            0.9992554783821106,
            0.0007445425144396722
        ],
        [
            0.9999357461929321,
            6.430298526538536e-05
        ],
        [
            0.999951958656311,
            4.807045479537919e-05
        ],
        [
            0.9999871253967285,
            1.2852062354795635e-05
        ],
        [
            0.9999860525131226,
            1.3966741789772641e-05
        ],
        [
            0.9999406337738037,
            5.932038766331971e-05
        ],
        [
            0.9999707937240601,
            2.9189248380134813e-05
        ],
        [
            0.9999500513076782,
            4.991895912098698e-05
        ],
        [
            0.9999327659606934,
            6.719263910781592e-05
        ],
        [
            0.9999127388000488,
            8.724437793716788e-05
        ],
        [
            0.9999241828918457,
            7.58186070015654e-05
        ],
        [
            0.9998776912689209,
            0.00012231867003720254
        ],
        [
            0.9995408058166504,
            0.00045926455641165376
        ],
        [
            0.9997251629829407,
            0.00027480945573188365
        ],
        [
            0.9999128580093384,
            8.719115430722013e-05
        ],
        [
            0.999640703201294,
            0.00035929775913245976
        ],
        [
            0.9972482323646545,
            0.002751711755990982
        ],
        [
            0.9824420809745789,
            0.01755792275071144
        ],
        [
            0.8739159107208252,
            0.1260840892791748
        ],
        [
            0.9999306201934814,
            6.942386244190857e-05
        ],
        [
            0.9991525411605835,
            0.0008475124486722052
        ],
        [
            0.9995110034942627,
            0.0004889445845037699
        ],
        [
            0.999671220779419,
            0.00032876068144105375
        ],
        [
            0.9996613264083862,
            0.000338655459927395
        ],
        [
            0.999550998210907,
            0.00044900013017468154
        ],
        [
            0.9997538924217224,
            0.00024608170497231185
        ],
        [
            0.9993317723274231,
            0.0006682290113531053
        ],
        [
            0.9995933175086975,
            0.00040667137363925576
        ],
        [
            0.9997207522392273,
            0.00027925087488256395
        ],
        [
            0.9985076785087585,
            0.0014923341805115342
        ],
        [
            0.9965975880622864,
            0.0034024363849312067
        ],
        [
            0.9999334812164307,
            6.652650336036459e-05
        ],
        [
            0.9999414682388306,
            5.8507794165052474e-05
        ],
        [
            0.9998887777328491,
            0.00011123268632218242
        ],
        [
            0.9996508359909058,
            0.0003491354000288993
        ],
        [
            0.9998050332069397,
            0.0001950274599948898
        ],
        [
            0.9995850920677185,
            0.00041485970723442733
        ],
        [
            0.999750554561615,
            0.00024943792959675193
        ],
        [
            0.9997225403785706,
            0.0002774420427158475
        ],
        [
            0.9998724460601807,
            0.0001275560207432136
        ],
        [
            0.9997321963310242,
            0.00026782351778820157
