{
    "initial_probs": [
        7.256956450873986e-05,
        0.9999274015426636
    ],
    "initial_logits": [
        -4.1623992919921875,
        5.36849308013916
    ],
    "transition_probs": [
        [
            0.8146911859512329,
            0.1853087842464447
        ],
        [
            0.07109785079956055,
            0.9289021492004395
        ]
    ],
    "transition_logits": [
        [
            0.8834799528121948,
            -0.5973057150840759
        ],
        [
            -0.9651284217834473,
            1.6048178672790527
        ]
    ],
    "posterior_probs": [
        [
            5.920941816839331e-07,
            0.9999994039535522
        ],
        [
            0.0007768509676679969,
            0.9992231130599976
        ],
        [
            0.0007413931307382882,
            0.9992585778236389
        ],
        [
            0.0007364808116108179,
            0.9992634654045105
        ],
        [
            0.0007038080948404968,
            0.9992961883544922
        ],
        [
            0.0008428992587141693,
            0.9991570711135864
        ],
        [
            0.002698016818612814,
            0.9973019361495972
        ],
        [
            0.010194878093898296,
            0.9898051023483276
        ],
        [
            0.006697722245007753,
            0.9933023452758789
        ],
        [
            0.0034578819759190083,
            0.9965421557426453
        ],
        [
            0.047835636883974075,
            0.952164351940155
        ],
        [
            0.3986698091030121,
            0.6013302206993103
        ],
        [
            0.15514245629310608,
            0.8448575139045715
        ],
        [
            0.11937606334686279,
            0.8806239366531372
        ],
        [
            0.2560173571109772,
            0.7439826130867004
        ],
        [
            1.0,
            1.022215090351608e-09
        ],
        [
            0.03418496251106262,
            0.9658150672912598
        ],
        [
            0.0017983390716835856,
            0.9982016086578369
        ],
        [
            0.00092442607274279,
            0.9990755319595337
        ],
        [
            0.000727640523109585,
            0.9992724061012268
        ],
        [
            0.0008841234957799315,
            0.9991158843040466
        ],
        [
            0.0013240535045042634,
            0.9986758828163147
        ],
        [
            0.0008790164138190448,
            0.9991210103034973
        ],
        [
            0.005377424415200949,
            0.9946225881576538
        ],
        [
            0.009197108447551727,
            0.9908028841018677
        ],
        [
            0.0026419467758387327,
            0.9973580241203308
        ],
        [
            0.0009121074108406901,
            0.999087929725647
        ],
        [
            0.0006475053378380835,
            0.9993525147438049
        ],
        [
            0.00075489905430004,
            0.9992451667785645
        ],
        [
            0.0028378195129334927,
            0.9971621632575989
        ],
        [
            0.00106919149402529,
            0.9989307522773743
        ],
        [
            0.0050193206407129765,
            0.9949806332588196
        ],
        [
            0.1072152704000473,
            0.8927847146987915
        ],
        [
            0.03440326824784279,
            0.9655967354774475
        ],
        [
            0.014399264939129353,
            0.9856007695198059
        ],
        [
            0.03002203442156315,
            0.9699779748916626
        ],
        [
            0.004678410943597555,
            0.9953215718269348
        ],
        [
            0.0013716997345909476,
            0.9986283779144287
        ],
        [
            0.0009125524084083736,
            0.9990874528884888
        ],
        [
            0.0028202570974826813,
            0.9971797466278076
        ],
        [
            0.0014774027513340116,
            0.9985225796699524
        ],
        [
            0.0018843658035621047,
            0.9981156587600708
        ],
        [
            0.0008045764407142997,
            0.999195396900177
        ],
        [
            0.0011396670015528798,
            0.9988603591918945
        ],
        [
            0.010094975121319294,
            0.989905059337616
        ],
        [
            0.1192285567522049,
            0.8807713985443115
        ],
        [
            0.9528490900993347,
            0.04715089872479439
        ],
        [
            0.9999738931655884,
            2.613562719488982e-05
        ],
        [
            1.0,
            6.05584915547297e-09
        ],
        [
            0.9997443556785583,
            0.0002556869003456086
        ],
        [
            1.0,
            1.7310576083673368e-08
        ],
        [
            0.9999998807907104,
            6.313035783023224e-08
        ],
        [
            0.9849942326545715,
            0.01500572357326746
        ],
        [
            1.0,
            1.2743000432635654e-08
        ],
        [
            1.0,
            2.460028447615059e-08
        ],
        [
            1.0,
            1.3475364157855552e-09
        ],
        [
            1.0,
            9.522537425254995e-09
        ],
        [
            1.0,
            2.22254038090286e-11
        ],
        [
            0.9999737739562988,
            2.62363155343337e-05
        ],
        [
            0.9999974966049194,
            2.5328336050733924e-06
        ],
        [
            0.9764807224273682,
            0.023519262671470642
        ],
        [
            0.8082659244537354,
            0.19173407554626465
        ],
        [
            0.4805244207382202,
            0.5194756388664246
        ],
        [
            0.27245989441871643,
            0.727540135383606
        ],
        [
            0.1761041283607483,
            0.8238958716392517
        ],
        [
            0.015297159552574158,
            0.9847028851509094
        ],
        [
            0.0037009462248533964,
            0.9962990880012512
        ],
        [
            0.0032816382590681314,
            0.9967183470726013
        ],
        [
            0.03841881453990936,
            0.9615811705589294
        ],
        [
            0.5655986666679382,
            0.434401273727417
        ],
        [
            0.9952758550643921,
            0.004724104888737202
        ],
        [
            0.054606907069683075,
            0.9453930854797363
        ],
        [
            0.0055434731766581535,
            0.9944565296173096
        ],
        [
            0.02852892316877842,
            0.9714710712432861
        ],
        [
            0.42378589510917664,
            0.5762141346931458
        ],
        [
            0.9988341927528381,
            0.0011658086441457272
        ],
        [
            0.9999959468841553,
            4.023067049274687e-06
        ],
        [
            0.8203165531158447,
            0.17968343198299408
        ],
        [
            0.9996441602706909,
            0.0003558833268471062
        ],
        [
            1.0,
            2.572673407641446e-09
        ],
        [
            0.07608526945114136,
            0.9239147305488586
        ],
        [
            0.017547396942973137,
            0.9824526309967041
        ],
        [
            0.08444555103778839,
            0.915554404258728
        ],
        [
            0.11670108139514923,
            0.883298933506012
        ],
        [
            0.027125710621476173,
            0.9728743433952332
        ],
        [
            0.003184285946190357,
            0.9968157410621643
        ],
        [
            0.001510727102868259,
            0.998489260673523
        ],
        [
            0.0008566316682845354,
