{
    "initial_probs": [
        0.9785501956939697,
        0.02144983969628811
    ],
    "initial_logits": [
        2.697340250015259,
        -1.1230146884918213
    ],
    "transition_probs": [
        [
            0.6640008091926575,
            0.33599916100502014
        ],
        [
            0.9999721050262451,
            2.7891686841030605e-05
        ]
    ],
    "transition_logits": [
        [
            0.5319444537162781,
            -0.14923030138015747
        ],
        [
            5.9333109855651855,
            -4.553843021392822
        ]
    ],
    "posterior_probs": [
        [
            0.9482081532478333,
            0.05179186165332794
        ],
        [
            0.9206718802452087,
            0.07932808995246887
        ],
        [
            0.4511442482471466,
            0.5488558411598206
        ],
        [
            0.9969871640205383,
            0.003012821776792407
        ],
        [
            0.9391289949417114,
            0.06087108701467514
        ],
        [
            0.4088759124279022,
            0.5911240577697754
        ],
        [
            0.8495728373527527,
            0.1504271775484085
        ],
        [
            0.6016877889633179,
            0.3983123004436493
        ],
        [
            0.72923743724823,
            0.2707625925540924
        ],
        [
            0.6425919532775879,
            0.3574080467224121
        ],
        [
            0.6840678453445435,
            0.31593215465545654
        ],
        [
            0.7994368076324463,
            0.2005631923675537
        ],
        [
            0.4632715880870819,
            0.5367283821105957
        ],
        [
            0.7430827617645264,
            0.25691717863082886
        ],
        [
            0.8697858452796936,
            0.13021411001682281
        ],
        [
            0.597455620765686,
            0.40254440903663635
        ],
        [
            0.7738599181175232,
            0.2261401265859604
        ],
        [
            1.0,
            1.359405906744448e-17
        ],
        [
            1.0,
            2.5466139419449974e-08
        ],
        [
            0.08269155770540237,
            0.9173084497451782
        ],
        [
            0.9945630431175232,
            0.005436980165541172
        ],
        [
            0.6851986646652222,
            0.31480130553245544
        ],
        [
            0.6461672186851501,
            0.35383278131484985
        ],
        [
            0.7443733215332031,
            0.2556266188621521
        ],
        [
            1.0,
            1.435276342220959e-10
        ],
        [
            0.5369455814361572,
            0.4630544185638428
        ],
        [
            0.6484846472740173,
            0.35151538252830505
        ],
        [
            0.9664582014083862,
            0.033541738986968994
        ],
        [
            0.5137447118759155,
            0.4862552881240845
        ],
        [
            0.7062561511993408,
            0.29374387860298157
        ],
        [
            0.9983886480331421,
            0.0016114127356559038
        ],
        [
            0.0073922304436564445,
            0.992607831954956
        ],
        [
            1.0,
            2.1876673962038988e-17
        ],
        [
            2.4425762603641488e-06,
            0.999997615814209
        ],
        [
            1.0,
            1.0727735144655526e-08
        ],
        [
            0.584399938583374,
            0.4156000018119812
        ],
        [
            0.6886368989944458,
            0.3113630414009094
        ],
        [
            1.0,
            6.596370560885134e-09
        ],
        [
            0.18466641008853912,
            0.8153336048126221
        ],
        [
            0.932048499584198,
            0.06795145571231842
        ],
        [
            0.46541404724121094,
            0.5345859527587891
        ],
        [
            0.8169500231742859,
            0.18304991722106934
        ],
        [
            0.912773847579956,
            0.08722612261772156
        ],
        [
            0.9999861717224121,
            1.386820622428786e-05
        ],
        [
            0.999502420425415,
            0.000497546570841223
        ],
        [
            0.8619908690452576,
            0.138009175658226
        ],
        [
            0.45339226722717285,
            0.5466076731681824
        ],
        [
            0.8319418430328369,
            0.16805806756019592
        ],
        [
            0.982359766960144,
            0.017640233039855957
        ],
        [
            0.8553057909011841,
            0.14469420909881592
        ],
        [
            0.5067105889320374,
            0.49328938126564026
        ],
        [
            0.8123177289962769,
            0.18768224120140076
        ],
        [
            0.5461717844009399,
            0.4538281559944153
        ],
        [
            0.9999934434890747,
            6.6039669945894275e-06
        ],
        [
            0.7924755215644836,
            0.20752444863319397
        ],
        [
            0.36416080594062805,
            0.6358391642570496
        ],
        [
            0.9729127287864685,
            0.02708728052675724
        ],
        [
            1.0,
            1.0154685092800264e-08
        ],
        [
            0.9708568453788757,
            0.029143165796995163
        ],
        [
            0.9318618178367615,
            0.06813821196556091
        ],
        [
            0.8980115652084351,
            0.10198844224214554
        ],
        [
            0.8653614521026611,
            0.13463851809501648
        ],
        [
            0.3316555917263031,
            0.6683443784713745
        ],
        [
            0.9611228108406067,
            0.03887717053294182
        ],
        [
            0.495637983083725,
            0.5043619871139526
        ],
        [
            0.8445037007331848,
            0.155496284365654
        ],
        [
            1.0,
            4.6613692281896435e-25
        ],
        [
            0.373172402381897,
            0.626827597618103
        ],
        [
            0.9982916712760925,
            0.0017083300044760108
        ],
        [
            0.9999854564666748,
            1.4508984349959064e-05
        ],
        [
            0.45590537786483765,
            0.5440946221351624
        ],
        [
            0.9999998807907104,
            1.0549502604817462e-07
        ],
        [
            1.0,
            5.8947467118136855e-18
        ],
        [
            0.08375884592533112,
            0.9162411093711853
        ],
        [
            0.9941284656524658,
            0.005871592555195093
        ],
        [
            0.4167771637439728,
            0.5832228064537048
        ],
        [
            0.9999058246612549,
            9.422295988770202e-05
        ],
        [
            0.9988057613372803,
            0.0011942089768126607
        ],
        [
            0.41261154413223267,
            0.5873885154724121
        ],
        [
            0.9690666198730469,
            0.030933422967791557
        ],
        [
            0.14648646116256714,
            0.8535134792327881
        ],
        [
            0.9999997615814209,
            1.9480263802051923e-07
        ],
        [
            0.9999997615814209,
            1.798629085669745e-07
        ],
        [
            0.18217700719833374,
            0.8178229331970215
        ],
        [
            0.9928452372550964,
            0.007154735736548901
        ],
        [
            0.7572758197784424,
            0.24272410571575165
        ],
        [
            0.6541313529014587,
            0.34586867690086365
        ],
        [
            0.670773446559906,
            0.3292265832424164
        ],
        [
