{
    "initial_probs": [
        2.3495806544815423e-06,
        0.999997615814209
    ],
    "initial_logits": [
        -6.141937255859375,
        6.819334506988525
    ],
    "transition_probs": [
        [
            0.9857341051101685,
            0.014265892095863819
        ],
        [
            0.017916781827807426,
            0.9820832014083862
        ]
    ],
    "transition_logits": [
        [
            2.5252394676208496,
            -1.710275650024414
        ],
        [
            -1.9012629985809326,
            2.102675199508667
        ]
    ],
    "posterior_probs": [
        [
            5.0430315923222224e-08,
            1.0
        ],
        [
            0.0020527823362499475,
            0.9979472756385803
        ],
        [
            0.002484629862010479,
            0.9975154399871826
        ],
        [
            0.006412823684513569,
            0.9935871362686157
        ],
        [
            0.026721259579062462,
            0.9732787609100342
        ],
        [
            0.10728868097066879,
            0.8927112817764282
        ],
        [
            0.32739102840423584,
            0.6726089715957642
        ],
        [
            0.5432173013687134,
            0.4567826986312866
        ],
        [
            0.8653894662857056,
            0.13461051881313324
        ],
        [
            0.9240837693214417,
            0.07591623067855835
        ],
        [
            0.9541631937026978,
            0.04583679884672165
        ],
        [
            0.9749801158905029,
            0.025019878521561623
        ],
        [
            0.9956342577934265,
            0.004365790635347366
        ],
        [
            0.9988176226615906,
            0.0011824009707197547
        ],
        [
            0.9998972415924072,
            0.00010272331564920023
        ],
        [
            0.9999648332595825,
            3.51927665178664e-05
        ],
        [
            0.9997997879981995,
            0.00020017371571157128
        ],
        [
            0.9999982118606567,
            1.7407041923434008e-06
        ],
        [
            0.9993096590042114,
            0.0006903177709318697
        ],
        [
            0.9999905824661255,
            9.415113709110301e-06
        ],
        [
            0.998188316822052,
            0.0018116383580490947
        ],
        [
            0.9978294968605042,
            0.0021705126855522394
        ],
        [
            0.998521625995636,
            0.0014783371007069945
        ],
        [
            0.9983795881271362,
            0.0016203854465857148
        ],
        [
            0.9951736330986023,
            0.004826404619961977
        ],
        [
            0.9960733652114868,
            0.003926622681319714
        ],
        [
            0.9954734444618225,
            0.0045265210792422295
        ],
        [
            0.996819257736206,
            0.0031807764898985624
        ],
        [
            0.9989470839500427,
            0.0010529938153922558
        ],
        [
            0.9992183446884155,
            0.0007816957077011466
        ],
        [
            0.9999364614486694,
            6.351582851493731e-05
        ],
        [
            0.9999955892562866,
            4.35711262980476e-06
        ],
        [
            1.0,
            1.0992735610670934e-09
        ],
        [
            0.9990354776382446,
            0.0009645402897149324
        ],
        [
            0.997431218624115,
            0.002568834228441119
        ],
        [
            0.9963669776916504,
            0.003633046057075262
        ],
        [
            0.9952869415283203,
            0.0047129797749221325
        ],
        [
            0.9996086955070496,
            0.00039133382961153984
        ],
        [
            0.9999998807907104,
            1.405966685297244e-07
        ],
        [
            0.9998156428337097,
            0.00018432579236105084
        ],
        [
            0.9999996423721313,
            3.5615741467154294e-07
        ],
        [
            0.9999889135360718,
            1.110559514927445e-05
        ],
        [
            0.9992249011993408,
            0.0007750349468551576
        ],
        [
            0.9998905658721924,
            0.00010940984066110104
        ],
        [
            0.9998785257339478,
            0.0001214386647916399
        ],
        [
            0.9999507665634155,
            4.919027196592651e-05
        ],
        [
            0.9999979734420776,
            2.061372924799798e-06
        ],
        [
            0.9966042041778564,
            0.0033957292325794697
        ],
        [
            0.9967585206031799,
            0.0032415082678198814
        ],
        [
            0.9996267557144165,
            0.0003731794422492385
        ],
        [
            0.9999740123748779,
            2.604059045552276e-05
        ],
        [
            0.9996716976165771,
            0.00032829339033924043
        ],
        [
            0.9999967813491821,
            3.172789092786843e-06
        ],
        [
            0.99960857629776,
            0.00039146520430222154
        ],
        [
            0.9999998807907104,
            1.0167402564320582e-07
        ],
        [
            0.9999707937240601,
            2.9158089091652073e-05
        ],
        [
            0.9999947547912598,
            5.255536052573007e-06
        ],
        [
            0.9999737739562988,
            2.6174237063969485e-05
        ],
        [
            0.9998632669448853,
            0.00013676131493411958
        ],
        [
            0.999948263168335,
            5.168630741536617e-05
        ],
        [
            0.9999887943267822,
            1.1234873454668559e-05
        ],
        [
            0.9999877214431763,
            1.2229101230332162e-05
        ],
        [
            0.9998878240585327,
            0.0001121259483625181
        ],
        [
            0.9999774694442749,
            2.256902189401444e-05
        ],
        [
            0.9994451403617859,
            0.0005548669141717255
        ],
        [
            0.9987308382987976,
            0.0012691711308434606
        ],
        [
            0.9999314546585083,
            6.852851947769523e-05
        ],
        [
            0.9999998807907104,
            6.843671229717074e-08
        ],
        [
            0.999215841293335,
            0.0007841756450943649
        ],
        [
            0.9824796915054321,
            0.017520323395729065
        ],
        [
            0.980042576789856,
            0.019957376644015312
        ],
        [
            0.9833564758300781,
            0.01664348505437374
        ],
        [
            0.9812417030334473,
            0.018758274614810944
        ],
        [
            0.9850994944572449,
            0.014900540001690388
        ],
        [
            0.9857274889945984,
            0.014272484928369522
        ],
        [
            0.9881658554077148,
            0.01183418557047844
        ],
        [
            0.9859325289726257,
            0.014067488722503185
        ],
        [
            0.9803320169448853,
            0.01966802030801773
        ],
        [
            0.9716235399246216,
            0.028376443311572075
        ],
        [
            0.5722400546073914,
            0.42775988578796387
        ],
        [
            0.5157151818275452,
            0.48428481817245483
        ],
        [
            0.48505082726478577,
            0.5149491429328918
        ],
        [
            0.38327062129974365,
            0.6167293787002563
        ],
        [
            0.25445324182510376,
            0.7455467581748962
        ],
        [
            0.15274769067764282,
            0.8472523093223572
        ],
        [
            0.0489124059677124,
