{
    "initial_probs": [
        5.955867891316302e-05,
        0.9999403953552246
    ],
    "initial_logits": [
        -4.189627647399902,
        5.5388617515563965
    ],
    "transition_probs": [
        [
            0.9999861717224121,
            1.3826186659571249e-05
        ],
        [
            0.3333333134651184,
            0.6666666865348816
        ]
    ],
    "transition_logits": [
        [
            6.456222057342529,
            -4.732710361480713
        ],
        [
            0.34029144048690796,
            1.0334386825561523
        ]
    ],
    "posterior_probs": [
        [
            0.0,
            1.0
        ],
        [
            0.0,
            1.0
        ],
        [
            5.24293770207927e-25,
            1.0
        ],
        [
            1.0,
            3.874080611865338e-09
        ],
        [
            1.0,
            1.453899798947375e-13
        ],
        [
            1.0,
            6.427665474526001e-14
        ],
        [
            1.0,
            6.133736677378405e-16
        ],
        [
            1.0,
            8.701906956833349e-18
        ],
        [
            1.0,
            2.706092654256362e-16
        ],
        [
            1.0,
            3.9804725169439743e-16
        ],
        [
            1.0,
            2.1040160174019829e-13
        ],
        [
            1.0,
            1.1236925425523944e-13
        ],
        [
            1.0,
            2.9283956571698653e-16
        ],
        [
            1.0,
            5.185480645949255e-15
        ],
        [
            1.0,
            6.954487912815078e-17
        ],
        [
            1.0,
            4.744575644706158e-17
        ],
        [
            1.0,
            6.766629086479153e-14
        ],
        [
            1.0,
            4.909664271950153e-15
        ],
        [
            1.0,
            1.2423766815392989e-14
        ],
        [
            1.0,
            5.864434643194222e-14
        ],
        [
            1.0,
            5.447104220587459e-14
        ],
        [
            1.0,
            2.4028695022213983e-14
        ],
        [
            1.0,
            1.0186162758543324e-13
        ],
        [
            1.0,
            1.434332660239443e-13
        ],
        [
            1.0,
            6.694738350927071e-14
        ],
        [
            1.0,
            3.512409818291068e-14
        ],
        [
            1.0,
            1.6828336865189255e-19
        ],
        [
            1.0,
            7.589399113772533e-15
        ],
        [
            1.0,
            5.661901738670725e-17
        ],
        [
            1.0,
            9.996866808463484e-17
        ],
        [
            1.0,
            2.368297132501209e-15
        ],
        [
            1.0,
            7.38130852962057e-15
        ],
        [
            1.0,
            1.8484262989042037e-14
        ],
        [
            1.0,
            1.1667959912128017e-17
        ],
        [
            1.0,
            8.482362422591698e-15
        ],
        [
            1.0,
            1.1706875244431034e-18
        ],
        [
            1.0,
            5.800890231491204e-14
        ],
        [
            1.0,
            8.077447798337877e-17
        ],
        [
            1.0,
            3.421552268044508e-16
        ],
        [
            1.0,
            2.298874947418957e-16
        ],
        [
            1.0,
            1.7524120650143186e-15
        ],
        [
            1.0,
            7.810529981905714e-16
        ],
        [
            1.0,
            2.7797689862155826e-18
        ],
        [
            1.0,
            3.003344904286519e-17
        ],
        [
            1.0,
            8.824030949558612e-15
        ],
        [
            1.0,
            6.517604200489071e-17
        ],
        [
            1.0,
            2.803443474373279e-17
        ],
        [
            1.0,
            2.1548673274514254e-18
        ],
        [
            1.0,
            2.853400524690272e-15
        ],
        [
            1.0,
            2.2167060058773944e-19
        ],
        [
            1.0,
            1.736653440547126e-15
        ],
        [
            1.0,
            1.3041469827342923e-14
        ],
        [
            1.0,
            2.7515518008047572e-15
        ],
        [
            1.0,
            1.3632352388050998e-14
        ],
        [
            1.0,
            3.319207659307935e-15
        ],
        [
            1.0,
            2.3246250137132836e-16
        ],
        [
            1.0,
            1.0888281370478154e-15
        ],
        [
            1.0,
            2.7850819388349976e-14
        ],
        [
            1.0,
            4.699312321587257e-16
        ],
        [
            1.0,
            5.0184305021576565e-15
        ],
        [
            1.0,
            4.481120273969244e-17
        ],
        [
            1.0,
            3.71771363228283e-18
        ],
        [
            1.0,
            4.328916375752681e-14
        ],
        [
            1.0,
            8.712153990852317e-14
        ],
        [
            1.0,
            4.769238597152243e-16
        ],
        [
            1.0,
            2.3938668972448007e-14
        ],
        [
            1.0,
            9.022236489809529e-14
        ],
        [
            1.0,
            1.0623727570062218e-15
        ],
        [
            1.0,
            3.3835259626632114e-14
        ],
        [
            1.0,
            1.1811828370868888e-13
        ],
        [
            1.0,
            3.8011050185567506e-17
        ],
        [
            1.0,
            3.328122554022844e-14
        ],
        [
            1.0,
            7.684537669119679e-17
        ],
        [
            1.0,
            3.0240580651717603e-19
        ],
        [
            1.0,
            1.5698935114190804e-15
        ],
        [
            1.0,
            1.2792042447178173e-16
        ],
        [
            1.0,
            3.2512788925733657e-19
        ],
        [
            1.0,
            3.0346596461720615e-16
        ],
        [
            1.0,
            6.766054184042028e-16
        ],
        [
            1.0,
            4.138377330707363e-14
        ],
        [
            1.0,
            4.286759299798884e-17
        ],
        [
            1.0,
            1.4559567274037403e-16
        ],
        [
            1.0,
            4.6515294063225184e-17
        ],
        [
            1.0,
            3.269853696449387e-16
        ],
        [
            1.0,
            4.161214127764771e-17
        ],
        [
            1.0,
            2.381915770578811e-14
        ],
        [
            1.0,
            6.217264432648111e-18
        ],
        [
            1.0,
            6.121394348545725e-16
        ],
        [
            1.0,
            2.4516911260484206e-15
        ],
        [
            1.0,
            3.612091366029385e-14
        ],
        [
            1.0,
            2.4933332986145154e-14
        ],
        [
            1.0,
            8.266755360710028e-18
        ],
        [
            1.0,
            5.777216677054983e-14
        ],
        [
            1.0,
            1.8893690594250917e-13
        ],
        [
            1.0,
            6.098791719040542e-14
        ],
        [
            1.0,
            3.1375046660920045e-17
        ],
        [
            1.0,
            1.3892835877518021e-16
        ],
        [
            1.0,
            7.250724848274163e-16
        ],
        [
            1.0,
            1.1059182485044356e-18
        ],
        [
            1.0,
            6.756930220419913e-14
        ],
        [
            1.0,
            3.918137244773162e-14
        ],
        [
            1.0,
            3.2361784828511056e-14
        ],
        [
            1.0,
