{
    "initial_probs": [
        9.657903137849644e-05,
        0.9999034404754639
    ],
    "initial_logits": [
        -4.154220104217529,
        5.090832710266113
    ],
    "transition_probs": [
        [
            0.597449779510498,
            0.40255019068717957
        ],
        [
            0.048817314207553864,
            0.9511827230453491
        ]
    ],
    "transition_logits": [
        [
            0.5492764711380005,
            0.1544259935617447
        ],
        [
            -1.2423341274261475,
            1.7272870540618896
        ]
    ],
    "posterior_probs": [
        [
            2.5653987449913984e-06,
            0.9999973773956299
        ],
        [
            0.002557700965553522,
            0.9974422454833984
        ],
        [
            0.0015058841090649366,
            0.9984941482543945
        ],
        [
            0.0023709938395768404,
            0.9976289868354797
        ],
        [
            0.00373060186393559,
            0.9962693452835083
        ],
        [
            0.004375526215881109,
            0.9956244826316833
        ],
        [
            0.0685439482331276,
            0.9314560890197754
        ],
        [
            0.9943246245384216,
            0.005675294902175665
        ],
        [
            0.9999997615814209,
            2.3661840486965957e-07
        ],
        [
            1.0,
            4.4802007437283464e-08
        ],
        [
            1.0,
            2.782954311442154e-09
        ],
        [
            1.0,
            4.078238302618331e-10
        ],
        [
            0.9999994039535522,
            6.215469738890533e-07
        ],
        [
            0.6127976775169373,
            0.38720235228538513
        ],
        [
            0.052586447447538376,
            0.9474135637283325
        ],
        [
            0.006841765716671944,
            0.9931582808494568
        ],
        [
            0.018048977479338646,
            0.9819509983062744
        ],
        [
            0.11287865787744522,
            0.8871213793754578
        ],
        [
            0.9968282580375671,
            0.0031717782840132713
        ],
        [
            0.5744963884353638,
            0.42550355195999146
        ],
        [
            0.03062230907380581,
            0.9693776965141296
        ],
        [
            0.003524916945025325,
            0.9964750409126282
        ],
        [
            0.02237984724342823,
            0.9776201844215393
        ],
        [
            0.011504179798066616,
            0.9884958267211914
        ],
        [
            0.0020160414278507233,
            0.9979839324951172
        ],
        [
            0.0021150552202016115,
            0.9978849291801453
        ],
        [
            0.002720475662499666,
            0.9972795844078064
        ],
        [
            0.04243156686425209,
            0.9575684666633606
        ],
        [
            0.9997395873069763,
            0.0002603589091449976
        ],
        [
            0.1148124486207962,
            0.8851875066757202
        ],
        [
            0.010894684121012688,
            0.9891052842140198
        ],
        [
            0.002482616575434804,
            0.9975173473358154
        ],
        [
            0.020323997363448143,
            0.9796760082244873
        ],
        [
            0.028771499171853065,
            0.9712284803390503
        ],
        [
            0.0028659047093242407,
            0.9971340894699097
        ],
        [
            0.007580885663628578,
            0.9924191236495972
        ],
        [
            0.006870141252875328,
            0.9931297898292542
        ],
        [
            0.015064391307532787,
            0.9849356412887573
        ],
        [
            0.002307490911334753,
            0.9976925849914551
        ],
        [
            0.0015539106680080295,
            0.9984461665153503
        ],
        [
            0.0057119326665997505,
            0.9942881464958191
        ],
        [
            0.0035235174000263214,
            0.9964764714241028
        ],
        [
            0.0018351891776546836,
            0.9981648325920105
        ],
        [
            0.002649849047884345,
            0.9973500967025757
        ],
        [
            0.002850060351192951,
            0.9971500039100647
        ],
        [
            0.004659760743379593,
            0.9953402280807495
        ],
        [
            0.026054320856928825,
            0.973945677280426
        ],
        [
            0.0028103666845709085,
            0.9971895813941956
        ],
        [
            0.002763871569186449,
            0.9972361922264099
        ],
        [
            0.0024061622098088264,
            0.9975938200950623
        ],
        [
            0.0030932221561670303,
            0.9969068169593811
        ],
        [
            0.0019594214390963316,
            0.9980406165122986
        ],
        [
            0.014200427569448948,
            0.9857995510101318
        ],
        [
            0.13594834506511688,
            0.8640516996383667
        ],
        [
            0.017747974023222923,
            0.9822520017623901
        ],
        [
            0.0023901730310171843,
            0.9976098537445068
        ],
        [
            0.0022177977953106165,
            0.9977821707725525
        ],
        [
            0.0021816198714077473,
            0.9978183507919312
        ],
        [
            0.004345426335930824,
            0.9956545829772949
        ],
        [
            0.0023231361992657185,
            0.9976769089698792
        ],
        [
            0.002713921945542097,
            0.9972860813140869
        ],
        [
            0.005241921171545982,
            0.9947580695152283
        ],
        [
            0.018664279952645302,
            0.9813357591629028
        ],
        [
            0.011479543522000313,
            0.9885204434394836
        ],
        [
            0.0022073634900152683,
            0.9977926015853882
        ],
        [
            0.0016696014208719134,
            0.9983304142951965
        ],
        [
            0.00916242878884077,
            0.9908375144004822
        ],
        [
            0.05154755711555481,
            0.9484524130821228
        ],
        [
            0.9975981116294861,
            0.002401843899860978
        ],
        [
            0.07841713726520538,
            0.9215829372406006
        ],
        [
            0.009495323523879051,
            0.9905046820640564
        ],
        [
            0.007590749766677618,
            0.9924092292785645
        ],
        [
            0.0017472533509135246,
            0.9982526898384094
        ],
        [
            0.0015066183404996991,
            0.9984933137893677
        ],
        [
            0.006382185500115156,
            0.9936177730560303
        ],
        [
            0.10026699304580688,
            0.8997330665588379
        ],
        [
            0.005478723905980587,
            0.9945212602615356
        ],
        [
            0.0039964709430933,
            0.9960035681724548
        ],
        [
            0.0017122378339990973,
            0.9982877373695374
        ],
        [
            0.0015226824907585979,
            0.9984772801399231
        ],
        [
            0.0021767551079392433,
            0.9978232383728027
        ],
        [
            0.001442065928131342,
            0.998557984828949
        ],
        [
            0.0017326599918305874,
            0.9982672929763794
        ],
        [
            0.0017386748222634196,
            0.9982613921165466
        ],
        [
            0.0014706902438774705,
            0.998529314994812
        ],
        [
            0.004058186896145344,
            0.9959418177604675
        ],
        [
