{
    "initial_probs": [
        3.2430460123578086e-05,
        0.9999675750732422
    ],
    "initial_logits": [
        -4.909192085266113,
        5.427187442779541
    ],
    "transition_probs": [
        [
            0.8805361986160278,
            0.1194637194275856
        ],
        [
            0.02973039820790291,
            0.9702696800231934
        ]
    ],
    "transition_logits": [
        [
            1.413551688194275,
            -0.5839666128158569
        ],
        [
            -1.018883228302002,
            2.4665207862854004
        ]
    ],
    "posterior_probs": [
        [
            2.6709375333666685e-07,
            0.9999997615814209
        ],
        [
            0.00034714670618996024,
            0.9996528625488281
        ],
        [
            0.0012203303631395102,
            0.9987797141075134
        ],
        [
            0.00667709531262517,
            0.9933229088783264
        ],
        [
            0.047730106860399246,
            0.9522698521614075
        ],
        [
            0.6595661640167236,
            0.3404337763786316
        ],
        [
            0.9904160499572754,
            0.009583991020917892
        ],
        [
            0.9971541166305542,
            0.002845905488356948
        ],
        [
            0.13359348475933075,
            0.8664064407348633
        ],
        [
            0.009309578686952591,
            0.9906904697418213
        ],
        [
            0.0012647495605051517,
            0.998735249042511
        ],
        [
            0.0006125061772763729,
            0.9993875026702881
        ],
        [
            0.0019510503625497222,
            0.9980489015579224
        ],
        [
            0.0006996511947363615,
            0.9993003606796265
        ],
        [
            0.00043767807073891163,
            0.9995623230934143
        ],
        [
            0.0004290525976102799,
            0.999570906162262
        ],
        [
            0.0006241127266548574,
            0.9993758797645569
        ],
        [
            0.0003822108556050807,
            0.9996178150177002
        ],
        [
            0.00034077223972417414,
            0.9996591806411743
        ],
        [
            0.0013731218641623855,
            0.9986269474029541
        ],
        [
            0.0008308106334879994,
            0.9991692304611206
        ],
        [
            0.0006123146740719676,
            0.9993876218795776
        ],
        [
            0.0005275026196613908,
            0.9994725584983826
        ],
        [
            0.0033249424304813147,
            0.9966750144958496
        ],
        [
            0.03261573612689972,
            0.9673842787742615
        ],
        [
            0.1354820877313614,
            0.864517867565155
        ],
        [
            0.032397862523794174,
            0.9676020741462708
        ],
        [
            0.003160160733386874,
            0.9968398809432983
        ],
        [
            0.0008415189804509282,
            0.999158501625061
        ],
        [
            0.0005372000741772354,
            0.9994627833366394
        ],
        [
            0.00048286060336977243,
            0.9995172023773193
        ],
        [
            0.0009251662413589656,
            0.9990748167037964
        ],
        [
            0.003779865801334381,
            0.9962201714515686
        ],
        [
            0.022420404478907585,
            0.977579653263092
        ],
        [
            0.15955780446529388,
            0.8404421806335449
        ],
        [
            0.4523318111896515,
            0.5476682186126709
        ],
        [
            0.9276013374328613,
            0.0723986029624939
        ],
        [
            0.9279204607009888,
            0.07207953929901123
        ],
        [
            0.13983720541000366,
            0.8601627945899963
        ],
        [
            0.01931632123887539,
            0.9806836247444153
        ],
        [
            0.0035886340774595737,
            0.9964113831520081
        ],
        [
            0.0014942680718377233,
            0.998505711555481
        ],
        [
            0.0005847591673955321,
            0.9994152784347534
        ],
        [
            0.0005218374426476657,
            0.9994781613349915
        ],
        [
            0.000914599746465683,
            0.9990854263305664
        ],
        [
            0.0025671925395727158,
            0.9974327683448792
        ],
        [
            0.0004862637724727392,
            0.9995137453079224
        ],
        [
            0.0008359692874364555,
            0.9991641044616699
        ],
        [
            0.007068756967782974,
            0.9929312467575073
        ],
        [
            0.0547974556684494,
            0.9452025294303894
        ],
        [
            0.04231315106153488,
            0.9576868414878845
        ],
        [
            0.13717088103294373,
            0.8628291487693787
        ],
        [
            0.9900796413421631,
            0.00992036983370781
        ],
        [
            0.9817728400230408,
            0.0182271059602499
        ],
        [
            1.0,
            1.7432943977269133e-11
        ],
        [
            0.9998999834060669,
            0.0001000027623376809
        ],
        [
            0.9999990463256836,
            8.990137416731159e-07
        ],
        [
            1.0,
            1.4014560345554372e-10
        ],
        [
            0.9999985694885254,
            1.4859589327897993e-06
        ],
        [
            0.9999939203262329,
            6.025565653544618e-06
        ],
        [
            0.9999804496765137,
            1.957779750227928e-05
        ],
        [
            0.9999279975891113,
            7.195386569947004e-05
        ],
        [
            0.9899336695671082,
            0.010066348128020763
        ],
        [
            0.9956024885177612,
            0.004397475626319647
        ],
        [
            0.9998179078102112,
            0.00018216416356153786
        ],
        [
            0.9999812841415405,
            1.8764700143947266e-05
        ],
        [
            0.9995964169502258,
            0.00040355714736506343
        ],
        [
            0.9999821186065674,
            1.7880844097817317e-05
        ],
        [
            0.9999911785125732,
            8.850186532072257e-06
        ],
        [
            0.9995013475418091,
            0.0004985834239050746
        ],
        [
            0.9999558925628662,
            4.4055934267817065e-05
        ],
        [
            0.9995038509368896,
            0.0004961900995112956
        ],
        [
            0.999488353729248,
            0.0005116362008266151
        ],
        [
            0.9995046854019165,
            0.0004953281604684889
        ],
        [
            0.9999985694885254,
            1.452700075788016e-06
        ],
        [
            0.9999618530273438,
            3.813531657215208e-05
        ],
        [
            0.9999997615814209,
            2.4680846877345175e-07
        ],
        [
            0.9999971389770508,
            2.824652028721175e-06
        ],
        [
            1.0,
            2.781425978426455e-09
        ],
        [
            0.502983033657074,
            0.49701693654060364
        ],
        [
            0.13060303032398224,
            0.869396984577179
        ],
        [
            0.038319721817970276,
            0.9616802334785461
        ],
        [
            0.014473077841103077,
            0.9855269193649292
        ],
        [
            0.017037775367498398,
            0.9829621911048889
        ],
        [
            0.014432542957365513,
            0.9855674505233765
        ],
        [
            0.006515275686979294,
            0.9934846758842468
        ],
        [
