{
    "initial_probs": [
        7.378732698271051e-05,
        0.9999262094497681
    ],
    "initial_logits": [
        -4.033027172088623,
        5.481223106384277
    ],
    "transition_probs": [
        [
            0.9033680558204651,
            0.09663192927837372
        ],
        [
            0.03471677750349045,
            0.9652831554412842
        ]
    ],
    "transition_logits": [
        [
            1.8724710941314697,
            -0.36274969577789307
        ],
        [
            -1.1419377326965332,
            2.183260679244995
        ]
    ],
    "posterior_probs": [
        [
            5.4385250081168124e-08,
            1.0
        ],
        [
            2.705343285924755e-05,
            0.999972939491272
        ],
        [
            3.6427365557756275e-05,
            0.9999635219573975
        ],
        [
            9.62609046837315e-05,
            0.999903678894043
        ],
        [
            3.037375608982984e-05,
            0.9999696016311646
        ],
        [
            1.4380872016772628e-05,
            0.9999855756759644
        ],
        [
            1.3628017768496647e-05,
            0.9999864101409912
        ],
        [
            4.12786757806316e-05,
            0.9999587535858154
        ],
        [
            5.413621693151072e-06,
            0.9999946355819702
        ],
        [
            0.00031900402973406017,
            0.9996809959411621
        ],
        [
            2.5975012249546126e-05,
            0.9999740123748779
        ],
        [
            1.1603960956563242e-06,
            0.9999988079071045
        ],
        [
            0.002019844250753522,
            0.9979801774024963
        ],
        [
            0.0012091301614418626,
            0.9987909197807312
        ],
        [
            0.000583040586207062,
            0.9994169473648071
        ],
        [
            0.00010004932119045407,
            0.9998999834060669
        ],
        [
            0.0002626086352393031,
            0.9997374415397644
        ],
        [
            0.0005455344798974693,
            0.9994544386863708
        ],
        [
            0.00025664822896942496,
            0.9997434020042419
        ],
        [
            0.002658928046002984,
            0.9973410964012146
        ],
        [
            0.00013618818775285035,
            0.9998637437820435
        ],
        [
            3.974404535256326e-05,
            0.9999603033065796
        ],
        [
            0.0022206278517842293,
            0.9977794289588928
        ],
        [
            0.006024484522640705,
            0.9939755797386169
        ],
        [
            0.13590800762176514,
            0.8640919327735901
        ],
        [
            0.9974948167800903,
            0.002505164360627532
        ],
        [
            0.9999748468399048,
            2.5107196051976644e-05
        ],
        [
            0.9999929666519165,
            6.99868360243272e-06
        ],
        [
            0.9999971389770508,
            2.8128888516221195e-06
        ],
        [
            0.9999899864196777,
            1.0070502867165487e-05
        ],
        [
            0.9999052286148071,
            9.475854312768206e-05
        ],
        [
            0.9608215093612671,
            0.03917847201228142
        ],
        [
            0.8291118741035461,
            0.17088817059993744
        ],
        [
            0.8437261581420898,
            0.15627381205558777
        ],
        [
            0.010563150979578495,
            0.9894368648529053
        ],
        [
            0.0028426162898540497,
            0.9971573352813721
        ],
        [
            0.010789422318339348,
            0.9892106056213379
        ],
        [
            0.0006122166523709893,
            0.9993877410888672
        ],
        [
            0.006671986076980829,
            0.9933279752731323
        ],
        [
            0.0001301886368310079,
            0.9998698234558105
        ],
        [
            0.00043987645767629147,
            0.9995600581169128
        ],
        [
            6.0047990700695664e-05,
            0.9999399185180664
        ],
        [
            0.00022901355987414718,
            0.9997709393501282
        ],
        [
            0.0004701864381786436,
            0.9995298385620117
        ],
        [
            0.00010684140579542145,
            0.9998931884765625
        ],
        [
            0.004523497074842453,
            0.9954765439033508
        ],
        [
            0.000125720544019714,
            0.9998742341995239
        ],
        [
            0.0010617534862831235,
            0.998938262462616
        ],
        [
            0.1490701287984848,
            0.850929856300354
        ],
        [
            0.1322166472673416,
            0.8677833080291748
        ],
        [
            0.7587229609489441,
            0.2412770390510559
        ],
        [
            1.0,
            3.0466058564826426e-09
        ],
        [
            0.9999983310699463,
            1.7113458170570084e-06
        ],
        [
            0.9999938011169434,
            6.22523793936125e-06
        ],
        [
            1.0,
            5.4671177307508145e-11
        ],
        [
            0.9998887777328491,
            0.00011123948206659406
        ],
        [
            0.9999994039535522,
            5.647733019031875e-07
        ],
        [
            0.9999995231628418,
            5.135655101184966e-07
        ],
        [
            0.9999942779541016,
            5.7801171351457015e-06
        ],
        [
            0.9999982118606567,
            1.8172203226640704e-06
        ],
        [
            0.9999991655349731,
            8.722852840037376e-07
        ],
        [
            0.9997714161872864,
            0.00022858077136334032
        ],
        [
            0.9999998807907104,
            7.98700412474318e-08
        ],
        [
            1.0,
            9.766437658598193e-11
        ],
        [
            0.9999459981918335,
            5.405416595749557e-05
        ],
        [
            0.9999996423721313,
            3.402343224934157e-07
        ],
        [
            0.9999872446060181,
            1.2714744116237853e-05
        ],
        [
            0.9944550395011902,
            0.005544987507164478
        ],
        [
            0.7626257538795471,
            0.2373742163181305
        ],
        [
            0.18278081715106964,
            0.8172191977500916
        ],
        [
            0.15896835923194885,
            0.8410316705703735
        ],
        [
            0.22782617807388306,
            0.7721738815307617
        ],
        [
            0.1456879824399948,
            0.8543120622634888
        ],
        [
            0.05707632377743721,
            0.9429236650466919
        ],
        [
            0.04008735716342926,
            0.9599125981330872
        ],
        [
            0.9646293520927429,
            0.03537061810493469
        ],
        [
            0.9999527931213379,
            4.722351877717301e-05
        ],
        [
            0.9903951287269592,
            0.009604870341718197
        ],
        [
            0.9956936836242676,
            0.004306239541620016
        ],
        [
            0.37387940287590027,
            0.6261206269264221
        ],
        [
            0.0005812119343318045,
            0.9994188547134399
        ],
        [
            0.0005551441572606564,
            0.9994449019432068
        ],
        [
            1.0128445865120739e-05,
            0.9999898672103882
        ],
        [
            2.3757269445923157e-05,
            0.9999762773513794
        ],
        [
            6.310553726507351e-05,
            0.9999369382858276
        ],
        [
            1.835129296523519e-05,
            0.9999816417694092
        ],
