{
    "initial_probs": [
        0.9999021291732788,
        9.785070142243057e-05
    ],
    "initial_logits": [
        5.163139820098877,
        -4.068830490112305
    ],
    "transition_probs": [
        [
            0.4837116003036499,
            0.5162883400917053
        ],
        [
            0.13494257628917694,
            0.8650574088096619
        ]
    ],
    "transition_logits": [
        [
            0.47936296463012695,
            0.5445395112037659
        ],
        [
            -0.43682870268821716,
            1.4211177825927734
        ]
    ],
    "posterior_probs": [
        [
            0.9999983310699463,
            1.6342364688171074e-06
        ],
        [
            0.9999730587005615,
            2.696688534342684e-05
        ],
        [
            0.5163820385932922,
            0.4836178719997406
        ],
        [
            0.06058581545948982,
            0.9394142031669617
        ],
        [
            0.03867442160844803,
            0.9613255858421326
        ],
        [
            0.02358628809452057,
            0.9764136672019958
        ],
        [
            0.02716096304357052,
            0.9728389978408813
        ],
        [
            0.016656413674354553,
            0.9833435416221619
        ],
        [
            0.014627872034907341,
            0.9853721261024475
        ],
        [
            0.015552056021988392,
            0.9844479560852051
        ],
        [
            0.04214436188340187,
            0.9578557014465332
        ],
        [
            0.016642924398183823,
            0.9833570718765259
        ],
        [
            0.019250817596912384,
            0.980749249458313
        ],
        [
            0.054302070289850235,
            0.9456979036331177
        ],
        [
            0.07499413937330246,
            0.9250058531761169
        ],
        [
            0.05327274277806282,
            0.9467273354530334
        ],
        [
            0.017866134643554688,
            0.9821339249610901
        ],
        [
            0.021024299785494804,
            0.9789757132530212
        ],
        [
            0.08073489367961884,
            0.9192650318145752
        ],
        [
            0.049908943474292755,
            0.9500911235809326
        ],
        [
            0.04841966554522514,
            0.9515803456306458
        ],
        [
            0.020902320742607117,
            0.9790976643562317
        ],
        [
            0.05731865018606186,
            0.9426813125610352
        ],
        [
            0.025800032541155815,
            0.9741999506950378
        ],
        [
            0.017712697386741638,
            0.9822873473167419
        ],
        [
            0.016664912924170494,
            0.983335018157959
        ],
        [
            0.03919857740402222,
            0.960801362991333
        ],
        [
            0.025329086929559708,
            0.974670946598053
        ],
        [
            0.04499815031886101,
            0.9550018310546875
        ],
        [
            0.02130357176065445,
            0.9786964654922485
        ],
        [
            0.017157014459371567,
            0.9828429818153381
        ],
        [
            0.01583002135157585,
            0.9841699600219727
        ],
        [
            0.015249653719365597,
            0.9847503900527954
        ],
        [
            0.018191099166870117,
            0.9818089604377747
        ],
        [
            0.0641881451010704,
            0.9358118176460266
        ],
        [
            0.1893734633922577,
            0.8106265068054199
        ],
        [
            0.9995904564857483,
            0.00040950343827717006
        ],
        [
            0.7888870239257812,
            0.21111299097537994
        ],
        [
            0.11120425164699554,
            0.8887957334518433
        ],
        [
            0.03983709588646889,
            0.960162878036499
        ],
        [
            0.04462456330657005,
            0.9553754329681396
        ],
        [
            0.023303838446736336,
            0.9766961932182312
        ],
        [
            0.036049194633960724,
            0.9639507532119751
        ],
        [
            0.10546506941318512,
            0.8945349454879761
        ],
        [
            0.033627912402153015,
            0.9663720726966858
        ],
        [
            0.05159663036465645,
            0.9484033584594727
        ],
        [
            0.4700181782245636,
            0.5299818515777588
        ],
        [
            0.2788578271865845,
            0.7211421728134155
        ],
        [
            0.24933727085590363,
            0.7506627440452576
        ],
        [
            0.04044114053249359,
            0.9595587849617004
        ],
        [
            0.07140126824378967,
            0.9285987019538879
        ],
        [
            0.15910612046718597,
            0.8408939242362976
        ],
        [
            0.03355509415268898,
            0.9664448499679565
        ],
        [
            0.0276041142642498,
            0.9723958373069763
        ],
        [
            0.057070985436439514,
            0.9429290294647217
        ],
        [
            0.03604309633374214,
            0.9639568328857422
        ],
        [
            0.06930023431777954,
            0.9306997656822205
        ],
        [
            0.031936366111040115,
            0.9680635929107666
        ],
        [
            0.19322586059570312,
            0.8067740797996521
        ],
        [
            0.9103438258171082,
            0.08965614438056946
        ],
        [
            0.9993322491645813,
            0.0006676636985503137
        ],
        [
            0.8812034130096436,
            0.11879659444093704
        ],
        [
            0.2572559714317322,
            0.7427440285682678
        ],
        [
            0.03714664652943611,
            0.9628534317016602
        ],
        [
            0.08157233148813248,
            0.9184277057647705
        ],
        [
            0.9998179078102112,
            0.0001821419136831537
        ],
        [
            0.4181232452392578,
            0.5818767547607422
        ],
        [
            0.04815705120563507,
            0.9518429636955261
        ],
        [
            0.05403393134474754,
            0.9459661245346069
        ],
        [
            0.5629087686538696,
            0.43709129095077515
        ],
        [
            0.9877075552940369,
            0.012292487546801567
        ],
        [
            0.08214975893497467,
            0.9178502559661865
        ],
        [
            0.019584491848945618,
            0.9804155230522156
        ],
        [
            0.029828906059265137,
            0.9701711535453796
        ],
        [
            0.22680504620075226,
            0.7731949687004089
        ],
        [
            0.03720781207084656,
            0.962792158126831
        ],
        [
            0.1015852689743042,
            0.8984147310256958
        ],
        [
            0.9937556982040405,
            0.006244288291782141
        ],
        [
            0.07875633239746094,
            0.9212436676025391
        ],
        [
            0.04571632295846939,
            0.9542837142944336
        ],
        [
            0.051476918160915375,
            0.9485230445861816
        ],
        [
            0.2251436412334442,
            0.7748563289642334
        ],
        [
            0.17593371868133545,
            0.8240662813186646
        ],
        [
            0.033303402364254,
            0.966696560382843
        ],
        [
            0.02287687547504902,
            0.9771231412887573
        ],
        [
            0.05400741472840309,
            0.9459925889968872
        ],
        [
            0.07962644100189209,
