{
    "initial_probs": [
        0.9991124272346497,
        0.0008875854546204209
    ],
    "initial_logits": [
        3.884437322616577,
        -3.1416804790496826
    ],
    "transition_probs": [
        [
            0.004332289565354586,
            0.9956676959991455
        ],
        [
            0.00029515710775740445,
            0.9997047781944275
        ]
    ],
    "transition_logits": [
        [
            -2.0869951248168945,
            3.3503222465515137
        ],
        [
            -3.604325294494629,
            4.523382186889648
        ]
    ],
    "posterior_probs": [
        [
            0.9995063543319702,
            0.0004936803015880287
        ],
        [
            0.004106318112462759,
            0.9958937168121338
        ],
        [
            0.0005374695174396038,
            0.9994625449180603
        ],
        [
            9.852953371591866e-05,
            0.9999014139175415
        ],
        [
            7.930462743388489e-05,
            0.9999207258224487
        ],
        [
            0.0005105186719447374,
            0.999489426612854
        ],
        [
            0.0004462589859031141,
            0.9995537400245667
        ],
        [
            0.00020735454745590687,
            0.9997926354408264
        ],
        [
            0.0003973644052166492,
            0.9996026158332825
        ],
        [
            0.000607385765761137,
            0.9993926286697388
        ],
        [
            8.46413749968633e-05,
            0.999915361404419
        ],
        [
            0.00043146099778823555,
            0.999568521976471
        ],
        [
            0.00029739795718342066,
            0.9997026324272156
        ],
        [
            0.00029963607084937394,
            0.9997004270553589
        ],
        [
            0.0004687347391154617,
            0.9995312690734863
        ],
        [
            1.8544884369475767e-05,
            0.9999814033508301
        ],
        [
            0.00015198273467831314,
            0.9998480081558228
        ],
        [
            9.439238056074828e-05,
            0.9999055862426758
        ],
        [
            3.3415590223739855e-06,
            0.9999966621398926
        ],
        [
            0.0006466542254202068,
            0.9993533492088318
        ],
        [
            8.09488665254321e-06,
            0.9999918937683105
        ],
        [
            1.6763910025474615e-05,
            0.9999831914901733
        ],
        [
            2.648028930707369e-05,
            0.9999735355377197
        ],
        [
            6.586594281543512e-06,
            0.9999934434890747
        ],
        [
            2.049814611382317e-06,
            0.9999979734420776
        ],
        [
            0.0009281823877245188,
            0.9990718364715576
        ],
        [
            0.00010976158228004351,
            0.9998902082443237
        ],
        [
            0.0007606268627569079,
            0.999239444732666
        ],
        [
            0.0002418866497464478,
            0.9997580647468567
        ],
        [
            0.0002755472087301314,
            0.9997244477272034
        ],
        [
            5.717676003769157e-07,
            0.9999994039535522
        ],
        [
            0.00040877959690988064,
            0.9995912909507751
        ],
        [
            1.0471580935700331e-05,
            0.9999895095825195
        ],
        [
            9.334492642665282e-05,
            0.9999066591262817
        ],
        [
            0.00010308245691703632,
            0.9998968839645386
        ],
        [
            0.00032746815122663975,
            0.999672532081604
        ],
        [
            0.00011139402340631932,
            0.99988853931427
        ],
        [
            8.843446266837418e-05,
            0.9999115467071533
        ],
        [
            4.67733625555411e-05,
            0.9999532699584961
        ],
        [
            9.319923992734402e-05,
            0.9999067783355713
        ],
        [
            9.360788681078702e-05,
            0.9999064207077026
        ],
        [
            9.544667409500107e-05,
            0.9999045133590698
        ],
        [
            0.00010399077291367576,
            0.9998960494995117
        ],
        [
            0.0002061897685052827,
            0.9997938275337219
        ],
        [
            0.00015330841415561736,
            0.9998466968536377
        ],
        [
            0.0003991024277638644,
            0.9996009469032288
        ],
        [
            0.00011733482824638486,
            0.999882698059082
        ],
        [
            9.922405297402292e-05,
            0.9999008178710938
        ],
        [
            0.00011270781396888196,
            0.999887228012085
        ],
        [
            0.0001041140130837448,
            0.9998959302902222
        ],
        [
            9.63861821219325e-05,
            0.9999035596847534
        ],
        [
            9.395719825988635e-05,
            0.999906063079834
        ],
        [
            0.0003944222116842866,
            0.9996055960655212
        ],
        [
            0.00010555813059909269,
            0.999894380569458
        ],
        [
            0.00034262516419403255,
            0.999657392501831
        ],
        [
            0.0005887352745048702,
            0.9994112253189087
        ],
        [
            6.387407483998686e-05,
            0.9999361038208008
        ],
        [
            0.00024145531642716378,
            0.9997585415840149
        ],
        [
            0.0002983476151712239,
            0.9997016787528992
        ],
        [
            0.0003398365806788206,
            0.9996601343154907
        ],
        [
            0.00040220527444034815,
            0.9995978474617004
        ],
        [
            0.0002802959643304348,
            0.9997196793556213
        ],
        [
            0.00037330755731090903,
            0.999626636505127
        ],
        [
            0.0004703747108578682,
            0.9995296001434326
        ],
        [
            0.0004498251946642995,
            0.9995501637458801
        ],
        [
            0.00042611139360815287,
            0.9995738863945007
        ],
        [
            0.00011623369209701195,
            0.999883770942688
        ],
        [
            0.00011019365774700418,
            0.9998898506164551
        ],
        [
            9.498688450548798e-05,
            0.999904990196228
        ],
        [
            9.469748329138383e-05,
            0.9999053478240967
        ],
        [
            0.0004833394486922771,
            0.9995166063308716
        ],
        [
            9.968971426133066e-05,
            0.9999003410339355
        ],
        [
            9.771512122824788e-05,
            0.9999022483825684
        ],
        [
            0.00011102457210654393,
            0.9998890161514282
        ],
        [
            9.355237853014842e-05,
            0.9999064207077026
        ],
        [
            9.614201553631574e-05,
            0.9999037981033325
        ],
        [
            9.753248741617426e-05,
            0.9999024868011475
        ],
        [
            9.41606194828637e-05,
            0.9999058246612549
        ],
        [
            9.543065243633464e-05,
            0.9999045133590698
        ],
        [
            9.473468526266515e-05,
            0.9999052286148071
        ],
        [
            0.0001067106713890098,
            0.999893307685852
        ],
        [
            0.00022223807172849774,
            0.9997777342796326
        ],
        [
            0.00018989098316524178,
            0.9998101592063904
        ],
        [
            0.0004667497705668211,
            0.9995332956314087
        ],
        [
            0.0005788170383311808,
            0.999421238899231
