{
    "initial_probs": [
        0.0020889658480882645,
        0.9979110360145569
    ],
    "initial_logits": [
        -2.8956780433654785,
        3.2733168601989746
    ],
    "transition_probs": [
        [
            0.9982686042785645,
            0.0017314102733507752
        ],
        [
            0.998021125793457,
            0.001978942658752203
        ]
    ],
    "transition_logits": [
        [
            3.5064995288848877,
            -2.8505866527557373
        ],
        [
            3.5790727138519287,
            -2.644139051437378
        ]
    ],
    "posterior_probs": [
        [
            0.0008095599478110671,
            0.9991903901100159
        ],
        [
            0.9972062706947327,
            0.002793706953525543
        ],
        [
            0.9995818734169006,
            0.00041817835881374776
        ],
        [
            0.998067319393158,
            0.0019326710607856512
        ],
        [
            0.9978786706924438,
            0.002121299970895052
        ],
        [
            0.9985009431838989,
            0.001499059610068798
        ],
        [
            0.9984233379364014,
            0.001576657174155116
        ],
        [
            0.9985166192054749,
            0.0014833459863439202
        ],
        [
            0.9984439015388489,
            0.0015561257023364305
        ],
        [
            0.998205304145813,
            0.0017946313600987196
        ],
        [
            0.9984997510910034,
            0.0015002534491941333
        ],
        [
            0.9984911680221558,
            0.0015088323270902038
        ],
        [
            0.9984580278396606,
            0.001542021636851132
        ],
        [
            0.9984017014503479,
            0.0015983263729140162
        ],
        [
            0.9985356330871582,
            0.0014643595786765218
        ],
        [
            0.9984532594680786,
            0.0015466712648048997
        ],
        [
            0.9982568621635437,
            0.0017431596061214805
        ],
        [
            0.9985197186470032,
            0.001480303704738617
        ],
        [
            0.9981485605239868,
            0.0018514726543799043
        ],
        [
            0.9984409213066101,
            0.0015591216506436467
        ],
        [
            0.9984695315361023,
            0.001530506182461977
        ],
        [
            0.9984484910964966,
            0.001551533117890358
        ],
        [
            0.9971132278442383,
            0.00288676330819726
        ],
        [
            0.9984402060508728,
            0.0015598165336996317
        ],
        [
            0.9969774484634399,
            0.0030226176604628563
        ],
        [
            0.9984720349311829,
            0.0015279373619705439
        ],
        [
            0.9983119964599609,
            0.0016880013281479478
        ],
        [
            0.9985136389732361,
            0.0014864116674289107
        ],
        [
            0.9984849095344543,
            0.0015151239931583405
        ],
        [
            0.9984254837036133,
            0.00157452083658427
        ],
        [
            0.9990516304969788,
            0.0009483348112553358
        ],
        [
            0.9980915188789368,
            0.0019084349041804671
        ],
        [
            0.9972763657569885,
            0.0027235925663262606
        ],
        [
            0.9970648884773254,
            0.002935152966529131
        ],
        [
            0.9976052045822144,
            0.0023947341833263636
        ],
        [
            0.9983748197555542,
            0.0016251567285507917
        ],
        [
            0.9982263445854187,
            0.0017736422596499324
        ],
        [
            0.998449444770813,
            0.0015504903858527541
        ],
        [
            0.9997870326042175,
            0.00021299536456353962
        ],
        [
            0.9989708662033081,
            0.0010291753569617867
        ],
        [
            0.9983684420585632,
            0.0016315194079652429
        ],
        [
            0.9999465942382812,
            5.344870442058891e-05
        ],
        [
            0.9992048144340515,
            0.0007952512823976576
        ],
        [
            0.9991809725761414,
            0.000819037260953337
        ],
        [
            0.9999903440475464,
            9.628673069528304e-06
        ],
        [
            0.9989540576934814,
            0.001045923330821097
        ],
        [
            0.9983275532722473,
            0.0016724078450351954
        ],
        [
            0.999163031578064,
            0.0008370022987946868
        ],
        [
            0.9985236525535583,
            0.0014763816725462675
        ],
        [
            0.9986855387687683,
            0.0013144867261871696
        ],
        [
            0.9991365075111389,
            0.0008634975529275835
        ],
        [
            0.9924252033233643,
            0.007574818097054958
        ],
        [
            0.9999878406524658,
            1.2138727470301092e-05
        ],
        [
            0.9979718327522278,
            0.002028107875958085
        ],
        [
            0.9970864653587341,
            0.002913552336394787
        ],
        [
            0.9951673746109009,
            0.004832601174712181
        ],
        [
            0.9998146891593933,
            0.00018536002608016133
        ],
        [
            0.999915599822998,
            8.439378871116787e-05
        ],
        [
            0.9987986087799072,
            0.0012014198582619429
        ],
        [
            0.9984226226806641,
            0.001577426097355783
        ],
        [
            0.9999217987060547,
            7.821172766853124e-05
        ],
        [
            0.9999583959579468,
            4.1568942833691835e-05
        ],
        [
            0.9997856020927429,
            0.00021435997041407973
        ],
        [
            0.999991774559021,
            8.255865395767614e-06
        ],
        [
            0.999868631362915,
            0.00013131822925060987
        ],
        [
            0.9999527931213379,
            4.723883466795087e-05
        ],
        [
            0.9997263550758362,
            0.00027368724113330245
        ],
        [
            0.9973915815353394,
            0.002608437556773424
        ],
        [
            0.9998975992202759,
            0.00010242245480185375
        ],
        [
            0.9963312745094299,
            0.0036687215324491262
        ],
        [
            0.9970667958259583,
            0.0029332221020013094
        ],
        [
            0.9983383417129517,
            0.0016616120701655746
        ],
        [
            0.9985112547874451,
            0.0014887573197484016
        ],
        [
            0.9906964302062988,
            0.009303598664700985
        ],
        [
            0.9969184398651123,
            0.0030815983191132545
        ],
        [
            0.9977847933769226,
            0.0022152417805045843
        ],
        [
            0.9983205199241638,
            0.0016794571420177817
        ],
        [
            0.9978761672973633,
            0.0021238047629594803
        ],
        [
            0.9964475631713867,
            0.0035523977130651474
        ],
        [
            0.9999922513961792,
            7.690297934459522e-06
        ],
        [
            0.9999827146530151,
            1.7234464394277893e-05
        ],
        [
            0.9961045980453491,
            0.003895473899319768
        ],
        [
            0.99997878074646,
            2.1273523088893853e-05
        ],
        [
            0.9999924898147583,
            7.569686658825958e-06
        ],
        [
            0.9999887943267822,
            1.115331360779237e-05
        ],
        [
