{
    "initial_probs": [
        0.0009726203861646354,
        0.9990273714065552
    ],
    "initial_logits": [
        -2.998483419418335,
        3.9360604286193848
    ],
    "transition_probs": [
        [
            0.001743973814882338,
            0.9982560276985168
        ],
        [
            0.010124637745320797,
            0.9898753762245178
        ]
    ],
    "transition_logits": [
        [
            -2.920557737350464,
            3.429285764694214
        ],
        [
            -1.6717228889465332,
            2.9108846187591553
        ]
    ],
    "posterior_probs": [
        [
            4.557965439744294e-06,
            0.9999954700469971
        ],
        [
            2.4687802579137497e-05,
            0.999975323677063
        ],
        [
            2.593580211396329e-05,
            0.9999740123748779
        ],
        [
            0.00029422855004668236,
            0.9997057318687439
        ],
        [
            0.00012051167141180485,
            0.9998794794082642
        ],
        [
            8.256074943346903e-05,
            0.9999173879623413
        ],
        [
            0.00020111576304771006,
            0.9997989535331726
        ],
        [
            0.00023823419178370386,
            0.9997617602348328
        ],
        [
            9.1939627964166e-06,
            0.9999908208847046
        ],
        [
            8.033522317418829e-05,
            0.9999196529388428
        ],
        [
            2.101221434713807e-05,
            0.9999790191650391
        ],
        [
            7.664382428629324e-05,
            0.9999233484268188
        ],
        [
            0.00022209109738469124,
            0.9997779726982117
        ],
        [
            0.00012632524885702878,
            0.9998736381530762
        ],
        [
            5.658938243868761e-05,
            0.9999433755874634
        ],
        [
            7.198131788754836e-05,
            0.9999279975891113
        ],
        [
            7.453523721778765e-06,
            0.9999924898147583
        ],
        [
            7.386434299405664e-05,
            0.9999260902404785
        ],
        [
            4.545643969322555e-05,
            0.9999545812606812
        ],
        [
            2.3329998839471955e-06,
            0.999997615814209
        ],
        [
            6.847391341580078e-05,
            0.9999315738677979
        ],
        [
            0.00023081812832970172,
            0.9997691512107849
        ],
        [
            1.1494348655105568e-06,
            0.9999988079071045
        ],
        [
            0.000295478937914595,
            0.9997045397758484
        ],
        [
            0.005979422479867935,
            0.9940205216407776
        ],
        [
            6.462461169576272e-05,
            0.9999353885650635
        ],
        [
            5.659974704030901e-05,
            0.9999433755874634
        ],
        [
            6.050553929526359e-05,
            0.9999394416809082
        ],
        [
            9.321702236775309e-05,
            0.9999067783355713
        ],
        [
            2.1762551114079542e-05,
            0.9999781847000122
        ],
        [
            9.26774155232124e-05,
            0.9999072551727295
        ],
        [
            0.00014633580576628447,
            0.9998536109924316
        ],
        [
            2.6890664230450056e-05,
            0.9999730587005615
        ],
        [
            7.309469947358593e-05,
            0.9999269247055054
        ],
        [
            2.7225492885918356e-05,
            0.9999728202819824
        ],
        [
            1.8105147319147363e-05,
            0.9999818801879883
        ],
        [
            0.00035561740514822304,
            0.99964439868927
        ],
        [
            0.00012645927199628204,
            0.9998735189437866
        ],
        [
            6.670386210316792e-05,
            0.9999332427978516
        ],
        [
            4.590530807035975e-05,
            0.999954104423523
        ],
        [
            1.4612350241804961e-05,
            0.9999853372573853
        ],
        [
            0.00034501400659792125,
            0.99965500831604
        ],
        [
            4.507132416620152e-06,
            0.9999954700469971
        ],
        [
            0.012965600937604904,
            0.9870343804359436
        ],
        [
            4.0131297282641754e-05,
            0.9999598264694214
        ],
        [
            4.234337029629387e-05,
            0.9999576807022095
        ],
        [
            0.00012005013559246436,
            0.9998799562454224
        ],
        [
            5.786900510429405e-05,
            0.9999421834945679
        ],
        [
            1.5921672456897795e-05,
            0.9999840259552002
        ],
        [
            0.00022474613797385246,
            0.999775230884552
        ],
        [
            9.970569226425141e-05,
            0.9999003410339355
        ],
        [
            1.4911353900970425e-05,
            0.9999850988388062
        ],
        [
            2.9920661290816497e-06,
            0.9999970197677612
        ],
        [
            7.235569501062855e-05,
            0.9999276399612427
        ],
        [
            1.1313058166706469e-05,
            0.9999886751174927
        ],
        [
            8.852490282151848e-05,
            0.9999114274978638
        ],
        [
            0.0002101826830767095,
            0.9997897744178772
        ],
        [
            6.008786294842139e-05,
            0.9999399185180664
        ],
        [
            0.0002856118662748486,
            0.9997143149375916
        ],
        [
            9.806423622649163e-05,
            0.9999018907546997
        ],
        [
            0.00019134939066134393,
            0.9998087286949158
        ],
        [
            5.621678155875998e-06,
            0.9999943971633911
        ],
        [
            1.0,
            8.195165379643043e-11
        ],
        [
            3.999558975920081e-05,
            0.9999599456787109
        ],
        [
            0.00012587313540279865,
            0.9998741149902344
        ],
        [
            0.00011763416841858998,
            0.9998823404312134
        ],
        [
            0.00022016488946974277,
            0.9997798800468445
        ],
        [
            4.352195446699625e-06,
            0.9999955892562866
        ],
        [
            0.00012239707575645298,
            0.9998775720596313
        ],
        [
            7.33063425286673e-05,
            0.9999266862869263
        ],
        [
            8.218128641601652e-06,
            0.999991774559021
        ],
        [
            0.0003514918789733201,
            0.9996484518051147
        ],
        [
            0.0001068446654244326,
            0.9998931884765625
        ],
        [
            6.151406068966025e-07,
            0.9999994039535522
        ],
        [
            1.9865623471559957e-05,
            0.999980092048645
        ],
        [
            3.9499202102888376e-05,
            0.9999605417251587
        ],
        [
            0.0005828494904562831,
            0.9994171857833862
        ],
        [
            3.383594594197348e-05,
            0.9999661445617676
        ],
        [
            8.877039363142103e-05,
            0.9999111890792847
        ],
        [
            3.568713873391971e-05,
            0.9999643564224243
        ],
        [
            5.893651905353181e-05,
            0.9999411106109619
        ],
        [
            2.4248942281701602e-05,
            0.9999758005142212
        ],
        [
            0.0005901071708649397,
            0.9994099140167236
        ],
        [
            4.969666770193726e-05,
            0.9999502897262573
        ],
        [
            8.341669308720157e-05,
            0.9999165534973145
