{
    "initial_probs": [
        0.9997733235359192,
        0.00022671825718134642
    ],
    "initial_logits": [
        4.7017388343811035,
        -3.6898372173309326
    ],
    "transition_probs": [
        [
            0.0022599936928600073,
            0.9977400302886963
        ],
        [
            0.0014502572594210505,
            0.99854975938797
        ]
    ],
    "transition_logits": [
        [
            -2.480177402496338,
            3.6099531650543213
        ],
        [
            -3.159208059310913,
            3.375354766845703
        ]
    ],
    "posterior_probs": [
        [
            0.9998645782470703,
            0.0001354592968709767
        ],
        [
            0.0007567920256406069,
            0.9992432594299316
        ],
        [
            0.000787032360676676,
            0.9992129802703857
        ],
        [
            0.002177173737436533,
            0.9978228807449341
        ],
        [
            0.0020086332224309444,
            0.9979913234710693
        ],
        [
            0.003234699135646224,
            0.9967652559280396
        ],
        [
            0.002382888924330473,
            0.9976170659065247
        ],
        [
            0.0009316803188994527,
            0.9990683197975159
        ],
        [
            0.0008593688253313303,
            0.9991406202316284
        ],
        [
            0.0027630515396595,
            0.997236967086792
        ],
        [
            0.0009363149292767048,
            0.9990636706352234
        ],
        [
            0.0010206840233877301,
            0.9989792704582214
        ],
        [
            0.0031013137195259333,
            0.9968986511230469
        ],
        [
            0.002635802375152707,
            0.9973642230033875
        ],
        [
            0.0026779226027429104,
            0.997322142124176
        ],
        [
            0.0008807669510133564,
            0.999119222164154
        ],
        [
            0.0009736625361256301,
            0.9990262985229492
        ],
        [
            0.0003563164791557938,
            0.9996436834335327
        ],
        [
            0.00076995266135782,
            0.9992300271987915
        ],
        [
            0.0010848359670490026,
            0.9989151954650879
        ],
        [
            0.0006721533136442304,
            0.9993278980255127
        ],
        [
            0.00010903572547249496,
            0.999890923500061
        ],
        [
            0.0007668129401281476,
            0.9992332458496094
        ],
        [
            0.0008588579948991537,
            0.9991410970687866
        ],
        [
            0.00046617709449492395,
            0.9995338916778564
        ],
        [
            0.00016729964409023523,
            0.9998326301574707
        ],
        [
            6.831399514339864e-05,
            0.9999316930770874
        ],
        [
            0.00059836934087798,
            0.9994016885757446
        ],
        [
            0.00018082678434439003,
            0.9998192191123962
        ],
        [
            0.0002935650700237602,
            0.9997064471244812
        ],
        [
            0.001232483540661633,
            0.9987674951553345
        ],
        [
            8.030488243093714e-05,
            0.9999196529388428
        ],
        [
            0.0004544185649137944,
            0.9995455145835876
        ],
        [
            0.0016505371313542128,
            0.9983494281768799
        ],
        [
            0.0007176522049121559,
            0.9992824196815491
        ],
        [
            0.0004803009214811027,
            0.9995197057723999
        ],
        [
            3.543915954651311e-05,
            0.9999645948410034
        ],
        [
            0.002571807010099292,
            0.9974281191825867
        ],
        [
            0.0017411030130460858,
            0.9982588887214661
        ],
        [
            0.0010961593361571431,
            0.9989038705825806
        ],
        [
            0.000843346060719341,
            0.9991567134857178
        ],
        [
            0.001870968146249652,
            0.9981290698051453
        ],
        [
            0.0009906438644975424,
            0.999009370803833
        ],
        [
            0.001013471046462655,
            0.998986542224884
        ],
        [
            0.0018389382166787982,
            0.9981610178947449
        ],
        [
            0.0020742902997881174,
            0.9979256391525269
        ],
        [
            0.0020763997454196215,
            0.9979236125946045
        ],
        [
            0.00170996377710253,
            0.9982900023460388
        ],
        [
            0.006231353618204594,
            0.9937686920166016
        ],
        [
            0.005604367703199387,
            0.9943956136703491
        ],
        [
            0.0026355416048318148,
            0.9973644614219666
        ],
        [
            0.04392467811703682,
            0.9560753703117371
        ],
        [
            0.0014601488364860415,
            0.9985398054122925
        ],
        [
            0.0012352996272966266,
            0.9987647533416748
        ],
        [
            0.0021430267952382565,
            0.9978569149971008
        ],
        [
            0.029574505984783173,
            0.9704254269599915
        ],
        [
            0.0019741086289286613,
            0.9980258941650391
        ],
        [
            0.002137478906661272,
            0.9978625178337097
        ],
        [
            0.002151159103959799,
            0.9978488683700562
        ],
        [
            0.0015185964293777943,
            0.9984814524650574
        ],
        [
            0.0008158047567121685,
            0.9991841912269592
        ],
        [
            0.0013812851393595338,
            0.9986187219619751
        ],
        [
            0.0015143105993047357,
            0.9984857439994812
        ],
        [
            0.0019424676429480314,
            0.9980575442314148
        ],
        [
            0.0012402702122926712,
            0.9987597465515137
        ],
        [
            5.4849246225785464e-05,
            0.9999451637268066
        ],
        [
            1.0745862709882203e-05,
            0.9999892711639404
        ],
        [
            6.694040348520502e-05,
            0.9999330043792725
        ],
        [
            0.0004368410736788064,
            0.9995631575584412
        ],
        [
            0.0006773594650439918,
            0.9993226528167725
        ],
        [
            0.0006749468739144504,
            0.9993250370025635
        ],
        [
            0.001975281396880746,
            0.9980247020721436
        ],
        [
            0.0006781346164643764,
            0.9993219375610352
        ],
        [
            0.0007837990997359157,
            0.9992161989212036
        ],
        [
            0.0006993364659138024,
            0.9993005990982056
        ],
        [
            0.0005874898051843047,
            0.9994125366210938
        ],
        [
            0.0007870203698985279,
            0.9992129802703857
        ],
        [
            0.0008053189376369119,
            0.9991946816444397
        ],
        [
            0.0006747205043211579,
            0.9993252754211426
        ],
        [
            0.000696277420502156,
            0.9993036985397339
        ],
        [
            0.0008527745958417654,
            0.9991471767425537
        ],
        [
            0.0008314189035445452,
            0.9991686344146729
        ],
        [
            0.0018654906889423728,
            0.9981344938278198
        ],
        [
            0.0008026467985473573,
            0.9991974234580994
        ],
        [
            0.0004042224900331348,
            0.9995958209037781
        ],
        [
