{
    "initial_probs": [
        1.3096347174723633e-05,
        0.9999868869781494
    ],
    "initial_logits": [
        -5.41348934173584,
        5.829675197601318
    ],
    "transition_probs": [
        [
            0.9094609618186951,
            0.09053903818130493
        ],
        [
            0.033061206340789795,
            0.9669387936592102
        ]
    ],
    "transition_logits": [
        [
            1.7947942018508911,
            -0.512276828289032
        ],
        [
            -1.2969083786010742,
            2.0788662433624268
        ]
    ],
    "posterior_probs": [
        [
            2.4974065127025824e-07,
            0.9999997615814209
        ],
        [
            0.001629445469006896,
            0.9983705878257751
        ],
        [
            0.010027269832789898,
            0.989972710609436
        ],
        [
            0.002032788470387459,
            0.9979671835899353
        ],
        [
            0.0010336086852476,
            0.9989663362503052
        ],
        [
            0.0016515370225533843,
            0.9983484745025635
        ],
        [
            0.0010904892114922404,
            0.9989094734191895
        ],
        [
            0.0024339002557098866,
            0.9975661039352417
        ],
        [
            0.001540113938972354,
            0.9984599351882935
        ],
        [
            0.005160759203135967,
            0.9948392510414124
        ],
        [
            0.020148830488324165,
            0.9798511862754822
        ],
        [
            0.06813626736402512,
            0.9318636655807495
        ],
        [
            0.021131977438926697,
            0.9788680076599121
        ],
        [
            0.012313717976212502,
            0.987686276435852
        ],
        [
            0.004966108128428459,
            0.995033860206604
        ],
        [
            0.003415214130654931,
            0.9965847730636597
        ],
        [
            0.001248805085197091,
            0.998751163482666
        ],
        [
            0.0015371718909591436,
            0.9984627962112427
        ],
        [
            0.000790333142504096,
            0.9992096424102783
        ],
        [
            0.000669085537083447,
            0.999330997467041
        ],
        [
            0.0006951687973923981,
            0.9993047714233398
        ],
        [
            0.0008720687474124134,
            0.9991279244422913
        ],
        [
            0.002047888236120343,
            0.9979521632194519
        ],
        [
            0.0009362471755594015,
            0.9990637898445129
        ],
        [
            0.0017871165182441473,
            0.9982129335403442
        ],
        [
            0.0012204046361148357,
            0.9987795948982239
        ],
        [
            0.001255541224963963,
            0.9987444877624512
        ],
        [
            0.00211166450753808,
            0.9978883862495422
        ],
        [
            0.0009022261947393417,
            0.9990978240966797
        ],
        [
            0.000705516547895968,
            0.9992945194244385
        ],
        [
            0.0007760223234072328,
            0.9992239475250244
        ],
        [
            0.0014735697768628597,
            0.9985264539718628
        ],
        [
            0.0007934542954899371,
            0.9992066025733948
        ],
        [
            0.0010911209974437952,
            0.9989088773727417
        ],
        [
            0.0010413259733468294,
            0.9989587068557739
        ],
        [
            0.000991334905847907,
            0.9990087151527405
        ],
        [
            0.0017777093453332782,
            0.998222291469574
        ],
        [
            0.003521957201883197,
            0.9964780211448669
        ],
        [
            0.018910540267825127,
            0.9810894131660461
        ],
        [
            0.038357701152563095,
            0.961642324924469
        ],
        [
            0.09065055847167969,
            0.9093495011329651
        ],
        [
            0.06055629253387451,
            0.9394436478614807
        ],
        [
            0.0840970128774643,
            0.9159029722213745
        ],
        [
            0.25296464562416077,
            0.7470353841781616
        ],
        [
            0.850204586982727,
            0.14979548752307892
        ],
        [
            0.8572918176651001,
            0.1427081972360611
        ],
        [
            0.3156964182853699,
            0.6843035817146301
        ],
        [
            0.20376943051815033,
            0.7962306141853333
        ],
        [
            0.05623675510287285,
            0.9437633156776428
        ],
        [
            0.027921661734580994,
            0.9720783233642578
        ],
        [
            0.028476743027567863,
            0.9715232849121094
        ],
        [
            0.07712630182504654,
            0.9228736758232117
        ],
        [
            0.3812807500362396,
            0.6187192797660828
        ],
        [
            0.9993253946304321,
            0.0006746845319867134
        ],
        [
            0.9568278193473816,
            0.043172191828489304
        ],
        [
            0.8854806423187256,
            0.11451929807662964
        ],
        [
            0.830297589302063,
            0.16970238089561462
        ],
        [
            0.8488724231719971,
            0.1511276215314865
        ],
        [
            0.9975782036781311,
            0.002421834273263812
        ],
        [
            0.9999998807907104,
            7.331355789119698e-08
        ],
        [
            0.9992995262145996,
            0.0007004998042248189
        ],
        [
            0.9998239874839783,
            0.0001760992017807439
        ],
        [
            0.9998359680175781,
            0.00016405682254116982
        ],
        [
            0.9995564818382263,
            0.0004434669390320778
        ],
        [
            0.9999963045120239,
            3.74893966181844e-06
        ],
        [
            0.9653610587120056,
            0.034638989716768265
        ],
        [
            0.9333444833755493,
            0.06665552407503128
        ],
        [
            0.9494768381118774,
            0.05052316188812256
        ],
        [
            0.9999990463256836,
            9.5566724667151e-07
        ],
        [
            0.9993428587913513,
            0.0006571740377694368
        ],
        [
            0.9985131621360779,
            0.0014868078287690878
        ],
        [
            0.8929868936538696,
            0.10701315104961395
        ],
        [
            0.8791938424110413,
            0.1208062395453453
        ],
        [
            0.9894150495529175,
            0.010584941133856773
        ],
        [
            0.9999986886978149,
            1.3195437986723846e-06
        ],
        [
            0.9625911116600037,
            0.03740894794464111
        ],
        [
            0.9729998111724854,
            0.027000153437256813
        ],
        [
            0.9997655749320984,
            0.00023438598145730793
        ],
        [
            0.9999885559082031,
            1.1386399819457438e-05
        ],
        [
            1.0,
            9.322451393744408e-15
        ],
        [
            0.9999972581863403,
            2.7946211957896594e-06
        ],
        [
            1.0,
            3.135879822480092e-08
        ],
        [
            0.9983741044998169,
            0.0016258624382317066
        ],
        [
            0.9953210949897766,
            0.0046789082698524
        ],
        [
            0.9999923706054688,
            7.603836365888128e-06
        ],
        [
            0.9903731346130371,
            0.009626812301576138
        ],
        [
