{
    "initial_probs": [
        0.0006204202072694898,
        0.9993795156478882
    ],
    "initial_logits": [
        -3.4896445274353027,
        3.894848346710205
    ],
    "transition_probs": [
        [
            0.9999572038650513,
            4.2799030779860914e-05
        ],
        [
            0.04057864472270012,
            0.9594212770462036
        ]
    ],
    "transition_logits": [
        [
            5.602205276489258,
            -4.456747055053711
        ],
        [
            -1.0942107439041138,
            2.0688774585723877
        ]
    ],
    "posterior_probs": [
        [
            0.0,
            1.0
        ],
        [
            3.288447942395578e-06,
            0.9999966621398926
        ],
        [
            0.0,
            1.0
        ],
        [
            0.0,
            1.0
        ],
        [
            0.0,
            1.0
        ],
        [
            1.771193662389117e-18,
            1.0
        ],
        [
            0.0,
            1.0
        ],
        [
            3.243399078201037e-06,
            0.9999967813491821
        ],
        [
            1.1934788801681862e-07,
            0.9999998807907104
        ],
        [
            7.997156943857253e-23,
            1.0
        ],
        [
            0.0,
            1.0
        ],
        [
            0.0,
            1.0
        ],
        [
            0.0,
            1.0
        ],
        [
            0.0,
            1.0
        ],
        [
            5.247942969077712e-09,
            1.0
        ],
        [
            1.3428616512101144e-05,
            0.9999865293502808
        ],
        [
            1.4244163139665034e-05,
            0.9999858140945435
        ],
        [
            9.621921315261517e-11,
            1.0
        ],
        [
            2.996452394654625e-06,
            0.9999970197677612
        ],
        [
            2.5695808290038258e-06,
            0.9999973773956299
        ],
        [
            2.3701535525888495e-12,
            1.0
        ],
        [
            8.61508488014806e-06,
            0.9999914169311523
        ],
        [
            0.054314613342285156,
            0.9456854462623596
        ],
        [
            0.09023819863796234,
            0.9097617864608765
        ],
        [
            0.2800807058811188,
            0.7199192643165588
        ],
        [
            0.8946284651756287,
            0.10537153482437134
        ],
        [
            0.9860186576843262,
            0.013981350697577
        ],
        [
            0.9952267408370972,
            0.004773287568241358
        ],
        [
            0.9995354413986206,
            0.00046459067380055785
        ],
        [
            0.9999086856842041,
            9.128040255745873e-05
        ],
        [
            0.9999728202819824,
            2.7185018552700058e-05
        ],
        [
            0.9999885559082031,
            1.1443442417657934e-05
        ],
        [
            0.9999964237213135,
            3.604385256039677e-06
        ],
        [
            0.9999998807907104,
            1.786764443068023e-07
        ],
        [
            0.9999997615814209,
            1.8873141982567176e-07
        ],
        [
            0.9999997615814209,
            1.9617776558789046e-07
        ],
        [
            0.9999994039535522,
            6.342364144984458e-07
        ],
        [
            0.9999994039535522,
            5.60737476007489e-07
        ],
        [
            0.9999998807907104,
            1.7018754761011223e-07
        ],
        [
            1.0,
            2.5280685989059748e-08
        ],
        [
            0.9999998807907104,
            1.208173756594988e-07
        ],
        [
            0.9999998807907104,
            9.614485918518767e-08
        ],
        [
            0.9999991655349731,
            8.044947321650397e-07
        ],
        [
            1.0,
            2.9120295064188895e-10
        ],
        [
            0.9999992847442627,
            6.676013413198234e-07
        ],
        [
            1.0,
            1.4279856463961238e-10
        ],
        [
            1.0,
            4.5386524760715474e-08
        ],
        [
            1.0,
            1.8668135481902937e-08
        ],
        [
            1.0,
            3.439888729417362e-08
        ],
        [
            1.0,
            6.46574256102141e-19
        ],
        [
            1.0,
            9.807302539521778e-14
        ],
        [
            1.0,
            1.712118465142717e-22
        ],
        [
            1.0,
            7.833181125222952e-15
        ],
        [
            1.0,
            2.0021050111838565e-14
        ],
        [
            1.0,
            3.9648197715951884e-15
        ],
        [
            1.0,
            6.281239634323144e-13
        ],
        [
            1.0,
            2.3246576538737962e-11
        ],
        [
            1.0,
            4.3522764059389374e-08
        ],
        [
            1.0,
            3.584032182146757e-09
        ],
        [
            0.9999995231628418,
            4.4759130446436757e-07
        ],
        [
            0.9999992847442627,
            7.594985049763636e-07
        ],
        [
            1.0,
            3.447875940310041e-08
        ],
        [
            1.0,
            2.5393577018917313e-08
        ],
        [
            0.9999998807907104,
            1.703278371678607e-07
        ],
        [
            1.0,
            7.3820634050036915e-09
        ],
        [
            0.9999992847442627,
            6.815585038566496e-07
        ],
        [
            1.0,
            3.691926053761563e-08
        ],
        [
            1.0,
            1.63250371554291e-10
        ],
        [
            1.0,
            3.463212572621388e-12
        ],
        [
            0.9999997615814209,
            2.9507347676371865e-07
        ],
        [
            1.0,
            4.037007883539445e-08
        ],
        [
            1.0,
            2.2642181463083944e-09
        ],
        [
            0.9999997615814209,
            2.2833540924693807e-07
        ],
        [
            1.0,
            4.827602727297542e-12
        ],
        [
            1.0,
            7.919798150624047e-09
        ],
        [
            0.9999986886978149,
            1.3288990885484964e-06
        ],
        [
            0.9999997615814209,
            2.1681789519334416e-07
        ],
        [
            0.9999998807907104,
            6.64088588564482e-08
        ],
        [
            1.0,
            2.66661605990981e-11
        ],
        [
            0.9999998807907104,
            6.22218365720073e-08
        ],
        [
            1.0,
            4.763439775956613e-08
        ],
        [
            0.9999994039535522,
            5.406730565482576e-07
        ],
        [
            1.0,
            1.775952362947919e-08
        ],
        [
            0.9999998807907104,
            1.4373276258083933e-07
        ],
        [
            1.0,
            2.4903181738977764e-08
        ],
        [
            1.0,
            1.4314371736545706e-11
        ],
        [
            0.9999997615814209,
            2.941384593668772e-07
        ],
        [
            1.0,
            3.999780975177947e-12
        ],
        [
            0.9999998807907104,
            1.7157994136596244e-07
        ],
        [
            1.0,
            6.393540696869593e-10
        ],
        [
            0.9999998807907104,
            6.118244044728272e-08
        ],
        [
            1.0,
            7.341623753376325e-09
        ],
        [
            1.0,
            5.237863032192536e-09
        ],
        [
            0.9999997615814209,
            2.87587909042486e-07
        ],
        [
            1.0,
            2.3102855184475857e-09
        ],
        [
            1.0,
