{
    "initial_probs": [
        0.9964767098426819,
        0.003523272695019841
    ],
    "initial_logits": [
        3.6378681659698486,
        -2.006967544555664
    ],
    "transition_probs": [
        [
            0.9997484087944031,
            0.00025152851594612
        ],
        [
            0.9918827414512634,
            0.008117327466607094
        ]
    ],
    "transition_logits": [
        [
            4.466904163360596,
            -3.82079815864563
        ],
        [
            2.4751601219177246,
            -2.330443859100342
        ]
    ],
    "posterior_probs": [
        [
            0.9964711666107178,
            0.0035288454964756966
        ],
        [
            0.99972003698349,
            0.00027999308076687157
        ],
        [
            0.9995943903923035,
            0.0004056554171256721
        ],
        [
            0.9997459053993225,
            0.0002540616551414132
        ],
        [
            0.9997319579124451,
            0.00026799921761266887
        ],
        [
            0.9996583461761475,
            0.0003416909312363714
        ],
        [
            0.9996034502983093,
            0.00039660074980929494
        ],
        [
            0.9997130036354065,
            0.0002869197051040828
        ],
        [
            0.9996722936630249,
            0.0003276692295912653
        ],
        [
            0.9997833371162415,
            0.00021668947010766715
        ],
        [
            0.9998114705085754,
            0.000188512698514387
        ],
        [
            0.9997239708900452,
            0.00027602785849012434
        ],
        [
            0.9998384714126587,
            0.00016152855823747814
        ],
        [
            0.9999018907546997,
            9.81008997769095e-05
        ],
        [
            0.9999183416366577,
            8.163321035681292e-05
        ],
        [
            0.9998990297317505,
            0.00010096786718349904
        ],
        [
            0.9999030828475952,
            9.69566244748421e-05
        ],
        [
            0.9999185800552368,
            8.142174920067191e-05
        ],
        [
            0.999593198299408,
            0.0004068202688358724
        ],
        [
            0.9998021721839905,
            0.000197811154066585
        ],
        [
            0.9998260140419006,
            0.0001739868603181094
        ],
        [
            0.9999212026596069,
            7.878331962274387e-05
        ],
        [
            0.9996669292449951,
            0.0003331374318804592
        ],
        [
            0.9998776912689209,
            0.00012229441199451685
        ],
        [
            0.9998406171798706,
            0.00015935010742396116
        ],
        [
            0.9998791217803955,
            0.00012084768241038546
        ],
        [
            0.9999079704284668,
            9.202153160003945e-05
        ],
        [
            0.9998214840888977,
            0.0001785092754289508
        ],
        [
            0.9999197721481323,
            8.025007991818711e-05
        ],
        [
            0.9999200105667114,
            7.999579975148663e-05
        ],
        [
            0.9998214840888977,
            0.00017857465718407184
        ],
        [
            0.9997307658195496,
            0.00026918333605863154
        ],
        [
            0.9998157620429993,
            0.00018431246280670166
        ],
        [
            0.9998631477355957,
            0.00013686098100151867
        ],
        [
            0.999506950378418,
            0.0004930256982333958
        ],
        [
            0.9998428821563721,
            0.00015713871107436717
        ],
        [
            0.9997884631156921,
            0.00021154824935365468
        ],
        [
            0.9996101260185242,
            0.0003899366420228034
        ],
        [
            0.9997856020927429,
            0.00021438777912408113
        ],
        [
            0.999548614025116,
            0.0004513413878157735
        ],
        [
            0.9998836517333984,
            0.00011635878763627261
        ],
        [
            0.9998000264167786,
            0.00019993490423075855
        ],
        [
            0.9995946288108826,
            0.0004054203745909035
        ],
        [
            0.9999034404754639,
            9.659930219640955e-05
        ],
        [
            0.9999244213104248,
            7.5614130764734e-05
        ],
        [
            0.9999134540557861,
            8.651003736304119e-05
        ],
        [
            0.9997208714485168,
            0.00027911458164453506
        ],
        [
            0.9999042749404907,
            9.567229426465929e-05
        ],
        [
            0.9997976422309875,
            0.0002023436827585101
        ],
        [
            0.999880313873291,
            0.00011962046846747398
        ],
        [
            0.9998300075531006,
            0.0001699882559478283
        ],
        [
            0.9999097585678101,
            9.024458995554596e-05
        ],
        [
            0.9998871088027954,
            0.00011290660768281668
        ],
        [
            0.9997065663337708,
            0.00029341730987653136
        ],
        [
            0.9997614026069641,
            0.00023854876053519547
        ],
        [
            0.9996685981750488,
            0.000331424264004454
        ],
        [
            0.9997709393501282,
            0.00022901355987414718
        ],
        [
            0.9998892545700073,
            0.00011078218813054264
        ],
        [
            0.9998747110366821,
            0.00012530118692666292
        ],
        [
            0.9998714923858643,
            0.00012843281729146838
        ],
        [
            0.9998120665550232,
            0.0001880015042843297
        ],
        [
            0.9998032450675964,
            0.00019681781122926623
        ],
        [
            0.9997875094413757,
            0.0002125283790519461
        ],
        [
            0.9996625185012817,
            0.000337474572006613
        ],
        [
            0.9996017813682556,
            0.00039827992441132665
        ],
        [
            0.9997366070747375,
            0.0002633266558405012
        ],
        [
            0.999518871307373,
            0.0004811697581317276
        ],
        [
            0.999360978603363,
            0.0006390108028426766
        ],
        [
            0.9998304843902588,
            0.0001694936363492161
        ],
        [
            0.9997031092643738,
            0.0002968568878713995
        ],
        [
            0.9998217225074768,
            0.0001782507315510884
        ],
        [
            0.9999109506607056,
            8.902606350602582e-05
        ],
        [
            0.9997804760932922,
            0.000219594658119604
        ],
        [
            0.9998879432678223,
            0.00011201609595445916
        ],
        [
            0.9998834133148193,
            0.00011653643741738051
        ],
        [
            0.9980033040046692,
            0.0019966938998550177
        ],
        [
            0.9998947381973267,
            0.00010529595601838082
        ],
        [
            0.9999274015426636,
            7.265106978593394e-05
        ],
        [
            0.9999182224273682,
            8.181027078535408e-05
        ],
        [
            0.9996935129165649,
            0.0003065109485760331
        ],
        [
            0.9995057582855225,
            0.000494237756356597
        ],
        [
            0.9998103976249695,
            0.00018958270084112883
        ],
        [
            0.9998021721839905,
            0.00019789570069406182
        ],
        [
            0.9997047781944275,
            0.0002952311479020864
        ],
        [
            0.9998879432678223,
