{
    "initial_probs": [
        6.200045390869491e-06,
        0.9999938011169434
    ],
    "initial_logits": [
        -5.207964897155762,
        6.782982349395752
    ],
    "transition_probs": [
        [
            0.8851512670516968,
            0.11484873294830322
        ],
        [
            0.03241937607526779,
            0.9675806760787964
        ]
    ],
    "transition_logits": [
        [
            1.5518138408660889,
            -0.490328848361969
        ],
        [
            -0.7814116477966309,
            2.614630937576294
        ]
    ],
    "posterior_probs": [
        [
            4.0234942844108446e-07,
            0.9999996423721313
        ],
        [
            0.0016421917825937271,
            0.9983578324317932
        ],
        [
            0.00023678308934904635,
            0.9997631907463074
        ],
        [
            0.00017510127509012818,
            0.9998249411582947
        ],
        [
            0.0002071537746815011,
            0.9997928738594055
        ],
        [
            0.000930917332880199,
            0.9990691542625427
        ],
        [
            0.00033645174698904157,
            0.9996635913848877
        ],
        [
            0.00020936342480126768,
            0.999790608882904
        ],
        [
            0.00025023065973073244,
            0.9997497200965881
        ],
        [
            0.000748155580367893,
            0.9992517828941345
        ],
        [
            0.0028511497657746077,
            0.9971488118171692
        ],
        [
            0.0006341475527733564,
            0.9993658661842346
        ],
        [
            0.0002650738169904798,
            0.9997349381446838
        ],
        [
            0.0002644720079842955,
            0.9997355341911316
        ],
        [
            0.00033990529482252896,
            0.9996601343154907
        ],
        [
            0.000561632914468646,
            0.9994383454322815
        ],
        [
            0.0027494728565216064,
            0.997250497341156
        ],
        [
            0.06848198175430298,
            0.9315179586410522
        ],
        [
            0.10467307269573212,
            0.8953269124031067
        ],
        [
            0.08003386855125427,
            0.9199661016464233
        ],
        [
            0.03583058714866638,
            0.964169442653656
        ],
        [
            0.04909301921725273,
            0.9509069323539734
        ],
        [
            0.007856997661292553,
            0.9921430349349976
        ],
        [
            0.0010676687816157937,
            0.9989323019981384
        ],
        [
            0.0010303995804861188,
            0.998969554901123
        ],
        [
            0.0012838190887123346,
            0.9987162351608276
        ],
        [
            0.0013360928278416395,
            0.9986639022827148
        ],
        [
            0.008225230500102043,
            0.9917747974395752
        ],
        [
            0.07225988805294037,
            0.9277401566505432
        ],
        [
            0.96856689453125,
            0.031433116644620895
        ],
        [
            1.0,
            1.372955638068163e-10
        ],
        [
            1.0,
            2.921041186709772e-10
        ],
        [
            0.9999959468841553,
            4.0419572542305104e-06
        ],
        [
            1.0,
            1.8448735872311772e-09
        ],
        [
            0.9994680285453796,
            0.000532006670255214
        ],
        [
            0.04926747828722,
            0.9507325291633606
        ],
        [
            0.003712328616529703,
            0.9962877035140991
        ],
        [
            0.0010715571697801352,
            0.9989283680915833
        ],
        [
            0.00021638718317262828,
            0.9997835755348206
        ],
        [
            0.0004675976815633476,
            0.9995324611663818
        ],
        [
            0.00019409837841521949,
            0.9998058676719666
        ],
        [
            0.00016968250565696508,
            0.9998302459716797
        ],
        [
            0.00023697462165728211,
            0.9997630715370178
        ],
        [
            0.0007231113268062472,
            0.9992769360542297
        ],
        [
            0.013839339837431908,
            0.9861606359481812
        ],
        [
            0.0012470363872125745,
            0.9987529516220093
        ],
        [
            0.0011070016771554947,
            0.9988930821418762
        ],
        [
            0.01677139475941658,
            0.9832286834716797
        ],
        [
            0.0014885872369632125,
            0.9985113739967346
        ],
        [
            0.0022789377253502607,
            0.9977210164070129
        ],
        [
            0.00034015168785117567,
            0.9996598958969116
        ],
        [
            0.0003225318214390427,
            0.9996775388717651
        ],
        [
            0.0005328226834535599,
            0.9994671940803528
        ],
        [
            0.0010678560938686132,
            0.9989321827888489
        ],
        [
            0.004663761239498854,
            0.9953362345695496
        ],
        [
            0.0560164749622345,
            0.9439835548400879
        ],
        [
            0.15844272077083588,
            0.8415572047233582
        ],
        [
            0.7070887088775635,
            0.29291120171546936
        ],
        [
            0.9831042289733887,
            0.01689576730132103
        ],
        [
            0.9404945969581604,
            0.05950545892119408
        ],
        [
            0.9615169167518616,
            0.03848312795162201
        ],
        [
            0.9998388290405273,
            0.00016118759231176227
        ],
        [
            0.9999998807907104,
            1.1788095832798717e-07
        ],
        [
            1.0,
            5.6100679657333785e-09
        ],
        [
            0.9999996423721313,
            3.2023319818108575e-07
        ],
        [
            0.9910092353820801,
            0.008990729227662086
        ],
        [
            1.0,
            2.960418576947177e-08
        ],
        [
            1.0,
            2.819895983385834e-10
        ],
        [
            0.9999932050704956,
            6.8048698267375585e-06
        ],
        [
            0.9999295473098755,
            7.039126649033278e-05
        ],
        [
            0.9999994039535522,
            6.003089083606028e-07
        ],
        [
            0.9365244507789612,
            0.06347555667161942
        ],
        [
            0.994629442691803,
            0.005370573606342077
        ],
        [
            0.9512842297554016,
            0.048715803772211075
        ],
        [
            0.6375210881233215,
            0.36247894167900085
        ],
        [
            0.05279456079006195,
            0.9472054839134216
        ],
        [
            0.004044856410473585,
            0.9959551095962524
        ],
        [
            0.00041695949039421976,
            0.9995830655097961
        ],
        [
            0.00039226911030709743,
            0.9996077418327332
        ],
        [
            0.00031343294540420175,
            0.999686598777771
        ],
        [
            0.0008446938591077924,
            0.9991552829742432
        ],
        [
            0.016359882429242134,
            0.9836401343345642
        ],
        [
            0.1095493882894516,
            0.890450656414032
        ],
        [
            0.48861318826675415,
            0.5113868117332458
        ],
        [
            0.05531543865799904,
            0.9446845650672913
        ],
        [
            0.02997519075870514,
            0.970024824142456
        ],
        [
            0.0022460268810391426,
