{
    "initial_probs": [
        0.9999756813049316,
        2.430807398923207e-05
    ],
    "initial_logits": [
        5.475586891174316,
        -5.149090766906738
    ],
    "transition_probs": [
        [
            0.00013502637739293277,
            0.999864935874939
        ],
        [
            0.019878888502717018,
            0.9801211357116699
        ]
    ],
    "transition_logits": [
        [
            -3.9872915744781494,
            4.922613620758057
        ],
        [
            -1.2635518312454224,
            2.6344661712646484
        ]
    ],
    "posterior_probs": [
        [
            1.0,
            7.176513750666372e-15
        ],
        [
            1.2732216418953612e-05,
            0.9999872446060181
        ],
        [
            0.002538518514484167,
            0.9974614381790161
        ],
        [
            0.002225060947239399,
            0.9977748990058899
        ],
        [
            0.024869849905371666,
            0.9751302003860474
        ],
        [
            0.05260830745100975,
            0.9473917484283447
        ],
        [
            0.0025747837498784065,
            0.9974251985549927
        ],
        [
            0.014720643870532513,
            0.9852793216705322
        ],
        [
            0.0017786709358915687,
            0.9982213377952576
        ],
        [
            0.0013973102904856205,
            0.9986026883125305
        ],
        [
            0.003570185275748372,
            0.9964298605918884
        ],
        [
            0.0016057518078014255,
            0.9983941912651062
        ],
        [
            0.0019474438158795238,
            0.9980525970458984
        ],
        [
            0.0015158456517383456,
            0.998484194278717
        ],
        [
            0.0015587029047310352,
            0.9984412789344788
        ],
        [
            0.0030419626273214817,
            0.9969580173492432
        ],
        [
            0.0017346309032291174,
            0.9982654452323914
        ],
        [
            0.003260842291638255,
            0.9967392086982727
        ],
        [
            3.593055225792341e-05,
            0.9999641180038452
        ],
        [
            0.9999006986618042,
            9.931321983458474e-05
        ],
        [
            4.1119004890788347e-05,
            0.999958872795105
        ],
        [
            0.0020705745555460453,
            0.9979294538497925
        ],
        [
            0.0013667757157236338,
            0.9986332058906555
        ],
        [
            0.0014445040142163634,
            0.9985554814338684
        ],
        [
            0.007508932147175074,
            0.9924910664558411
        ],
        [
            0.001378110609948635,
            0.998621940612793
        ],
        [
            0.0013892853166908026,
            0.9986107349395752
        ],
        [
            0.010693433694541454,
            0.9893065094947815
        ],
        [
            0.0014533789362758398,
            0.9985465407371521
        ],
        [
            0.0013264770386740565,
            0.9986735582351685
        ],
        [
            0.012051599100232124,
            0.9879484176635742
        ],
        [
            0.001350832637399435,
            0.9986491799354553
        ],
        [
            0.0014591035433113575,
            0.9985408782958984
        ],
        [
            0.0037725181318819523,
            0.996227502822876
        ],
        [
            0.0017356880707666278,
            0.9982643723487854
        ],
        [
            0.0014453405747190118,
            0.9985546469688416
        ],
        [
            0.0014979381812736392,
            0.9985021352767944
        ],
        [
            0.0021151879336684942,
            0.9978848099708557
        ],
        [
            0.013925506733357906,
            0.9860745072364807
        ],
        [
            0.0013320677680894732,
            0.9986679553985596
        ],
        [
            0.001307332655414939,
            0.9986926913261414
        ],
        [
            0.049507103860378265,
            0.9504928588867188
        ],
        [
            0.002462407574057579,
            0.9975376129150391
        ],
        [
            0.012835514731705189,
            0.9871644973754883
        ],
        [
            0.0030885906890034676,
            0.9969114661216736
        ],
        [
            0.002292247023433447,
            0.997707724571228
        ],
        [
            0.0013181348331272602,
            0.9986818432807922
        ],
        [
            0.0013260325649753213,
            0.9986740350723267
        ],
        [
            0.006123695522546768,
            0.9938762784004211
        ],
        [
            0.003656318411231041,
            0.9963436722755432
        ],
        [
            0.06151558831334114,
            0.9384843707084656
        ],
        [
            0.003060063812881708,
            0.996940016746521
        ],
        [
            0.007287311367690563,
            0.992712676525116
        ],
        [
            0.00998668186366558,
            0.9900133609771729
        ],
        [
            0.0014962501591071486,
            0.9985038042068481
        ],
        [
            0.0013689849292859435,
            0.998630940914154
        ],
        [
            0.001461105770431459,
            0.9985388517379761
        ],
        [
            0.0015481949085369706,
            0.998451828956604
        ],
        [
            0.0020344452932476997,
            0.9979655742645264
        ],
        [
            0.0020277027506381273,
            0.997972309589386
        ],
        [
            0.0015199619811028242,
            0.9984800219535828
        ],
        [
            0.0030845527071505785,
            0.9969154596328735
        ],
        [
            0.0015481477603316307,
            0.998451828956604
        ],
        [
            0.011319451965391636,
            0.9886804819107056
        ],
        [
            0.011459648609161377,
            0.9885403513908386
        ],
        [
            0.0030492828227579594,
            0.9969507455825806
        ],
        [
            0.003830534406006336,
            0.9961695075035095
        ],
        [
            0.0016745013417676091,
            0.998325526714325
        ],
        [
            0.001309805316850543,
            0.9986901879310608
        ],
        [
            0.0014765026280656457,
            0.9985235333442688
        ],
        [
            0.007166234776377678,
            0.9928337335586548
        ],
        [
            0.019900452345609665,
            0.9800994992256165
        ],
        [
            0.0032861330546438694,
            0.9967138767242432
        ],
        [
            0.005049894563853741,
            0.9949500560760498
        ],
        [
            0.0021362914703786373,
            0.9978637099266052
        ],
        [
            0.0024302355013787746,
            0.997569739818573
        ],
        [
            0.0016942579532042146,
            0.9983056783676147
        ],
        [
            0.005568765569478273,
            0.99443119764328
        ],
        [
            0.0019020114559680223,
            0.9980979561805725
        ],
        [
            0.002910052193328738,
            0.9970898628234863
        ],
        [
            0.005507252644747496,
            0.994492769241333
        ],
        [
            0.0015097606228664517,
            0.9984902143478394
        ],
        [
            0.018909411504864693,
            0.9810906052589417
        ],
        [
            0.06843820214271545,
            0.9315618276596069
        ],
        [
            8.908104973670561e-06,
            0.9999910593032837
        ],
        [
            1.0,
            1.7459028697644323e-34
