{
    "initial_probs": [
        0.00018362341506872326,
        0.999816358089447
    ],
    "initial_logits": [
        -3.8684468269348145,
        4.733992576599121
    ],
    "transition_probs": [
        [
            0.975569486618042,
            0.024430492892861366
        ],
        [
            0.07948435842990875,
            0.9205155968666077
        ]
    ],
    "transition_logits": [
        [
            2.058093309402466,
            -1.6290960311889648
        ],
        [
            -0.6891815066337585,
            1.7601922750473022
        ]
    ],
    "posterior_probs": [
        [
            1.6792527901543508e-07,
            0.9999998807907104
        ],
        [
            0.00011140847345814109,
            0.99988853931427
        ],
        [
            2.4741728338995017e-05,
            0.9999752044677734
        ],
        [
            0.00014972672215662897,
            0.9998502731323242
        ],
        [
            2.1747379452818905e-09,
            1.0
        ],
        [
            9.210720600094646e-05,
            0.9999078512191772
        ],
        [
            2.982311798405135e-06,
            0.9999970197677612
        ],
        [
            4.60080336779356e-05,
            0.9999539852142334
        ],
        [
            2.3291197067010216e-05,
            0.9999767541885376
        ],
        [
            0.0019145956030115485,
            0.9980853796005249
        ],
        [
            0.012991893105208874,
            0.9870081543922424
        ],
        [
            0.05606894567608833,
            0.9439311027526855
        ],
        [
            0.9794301986694336,
            0.02056986279785633
        ],
        [
            0.9987807869911194,
            0.001219233381561935
        ],
        [
            0.9999779462814331,
            2.20012752834009e-05
        ],
        [
            0.9999938011169434,
            6.2437889027933124e-06
        ],
        [
            0.9999990463256836,
            9.85071096692991e-07
        ],
        [
            0.9999992847442627,
            7.555914862678037e-07
        ],
        [
            0.9999988079071045,
            1.1331263749525533e-06
        ],
        [
            0.9997085928916931,
            0.0002913967182394117
        ],
        [
            1.0,
            1.4183993535255013e-08
        ],
        [
            0.9999991655349731,
            8.614061925982242e-07
        ],
        [
            0.9999996423721313,
            3.401668493552279e-07
        ],
        [
            0.9999896287918091,
            1.0412549272587057e-05
        ],
        [
            0.9997519850730896,
            0.0002480055845808238
        ],
        [
            0.999984622001648,
            1.5375178918475285e-05
        ],
        [
            0.9999943971633911,
            5.563564172916813e-06
        ],
        [
            0.999187171459198,
            0.0008128746994771063
        ],
        [
            0.999961256980896,
            3.8695663533871993e-05
        ],
        [
            0.9999853372573853,
            1.464236993342638e-05
        ],
        [
            0.9993340373039246,
            0.0006659300997853279
        ],
        [
            0.9997298121452332,
            0.0002701603516470641
        ],
        [
            0.9997976422309875,
            0.00020241316815372556
        ],
        [
            0.9999977350234985,
            2.3196887468657224e-06
        ],
        [
            0.9999985694885254,
            1.3924827726441436e-06
        ],
        [
            0.9999586343765259,
            4.133760376134887e-05
        ],
        [
            0.9882379174232483,
            0.011762046255171299
        ],
        [
            0.9997838139533997,
            0.00021618428581859916
        ],
        [
            0.9995450377464294,
            0.0004549490986391902
        ],
        [
            0.999976634979248,
            2.338039303140249e-05
        ],
        [
            0.999843955039978,
            0.00015598621394019574
        ],
        [
            0.9996968507766724,
            0.0003031930245924741
        ],
        [
            0.9999797344207764,
            2.022916669375263e-05
        ],
        [
            0.9999991655349731,
            7.895004046076792e-07
        ],
        [
            0.9998666048049927,
            0.00013338337885215878
        ],
        [
            0.9999438524246216,
            5.619831426884048e-05
        ],
        [
            0.9999954700469971,
            4.5324081838771235e-06
        ],
        [
            0.9999994039535522,
            6.383237973750511e-07
        ],
        [
            0.9944207072257996,
            0.005579252727329731
        ],
        [
            0.9992825388908386,
            0.0007175264181569219
        ],
        [
            0.9996606111526489,
            0.0003393431834410876
        ],
        [
            0.9999940395355225,
            5.907985269004712e-06
        ],
        [
            0.9999996423721313,
            3.005330313499144e-07
        ],
        [
            0.9999325275421143,
            6.7429369664751e-05
        ],
        [
            0.9996531009674072,
            0.00034691643668338656
        ],
        [
            0.9999544620513916,
            4.552897735266015e-05
        ],
        [
            0.9989226460456848,
            0.0010772726964205503
        ],
        [
            0.9993610978126526,
            0.000638962141238153
        ],
        [
            0.9994551539421082,
            0.000544827722478658
        ],
        [
            0.9999693632125854,
            3.0597027944168076e-05
        ],
        [
            0.9903296232223511,
            0.009670408442616463
        ],
        [
            0.008542392402887344,
            0.9914576411247253
        ],
        [
            0.0015856479294598103,
            0.9984142780303955
        ],
        [
            0.0004505848337430507,
            0.9995494484901428
        ],
        [
            0.00010560968075878918,
            0.999894380569458
        ],
        [
            0.0003770688490476459,
            0.9996229410171509
        ],
        [
            0.0009828933980315924,
            0.9990171194076538
        ],
        [
            0.9981253743171692,
            0.0018746333662420511
        ],
        [
            0.9999182224273682,
            8.17765758256428e-05
        ],
        [
            0.9999065399169922,
            9.344770660391077e-05
        ],
        [
            1.0,
            1.684493788900454e-08
        ],
        [
            0.9999790191650391,
            2.0981457055313513e-05
        ],
        [
            0.9990954399108887,
            0.0009046019986271858
        ],
        [
            0.9999446868896484,
            5.527856410481036e-05
        ],
        [
            0.9999877214431763,
            1.2317072105361149e-05
        ],
        [
            0.9999998807907104,
            7.757942910302518e-08
        ],
        [
            0.9999700784683228,
            2.9932998586446047e-05
        ],
        [
            0.9999980926513672,
            1.8601440388010815e-06
        ],
        [
            0.9999860525131226,
            1.3922271136834752e-05
        ],
        [
            0.9999281167984009,
            7.185896538430825e-05
        ],
        [
            0.9999902248382568,
            9.762232366483659e-06
        ],
        [
            0.9985504746437073,
            0.001449464587494731
        ],
        [
            0.9995438456535339,
            0.0004561093228403479
        ],
        [
            0.999958872795105,
            4.1140658140648156e-05
        ],
        [
            0.9999998807907104,
            1.2046210429161874e-07
        ],
        [
            0.9999998807907104,
