{
    "initial_probs": [
        0.9999270439147949,
        7.294624083442613e-05
    ],
    "initial_logits": [
        4.847449779510498,
        -4.678265571594238
    ],
    "transition_probs": [
        [
            0.6927588582038879,
            0.30724117159843445
        ],
        [
            0.9122447967529297,
            0.0877552404999733
        ]
    ],
    "transition_logits": [
        [
            1.0409539937973022,
            0.2279050201177597
        ],
        [
            1.692257046699524,
            -0.6490997076034546
        ]
    ],
    "posterior_probs": [
        [
            0.9999680519104004,
            3.1935731385601684e-05
        ],
        [
            0.8292803764343262,
            0.17071959376335144
        ],
        [
            0.7534921765327454,
            0.24650785326957703
        ],
        [
            0.9424555897712708,
            0.05754435434937477
        ],
        [
            0.8390551209449768,
            0.160944864153862
        ],
        [
            0.7685778737068176,
            0.23142215609550476
        ],
        [
            0.8759649395942688,
            0.12403509020805359
        ],
        [
            0.8877649307250977,
            0.11223506927490234
        ],
        [
            0.0008246302604675293,
            0.9991753697395325
        ],
        [
            0.9749873876571655,
            0.02501262165606022
        ],
        [
            0.7487679719924927,
            0.25123196840286255
        ],
        [
            0.7723033428192139,
            0.22769667208194733
        ],
        [
            0.9472317695617676,
            0.05276824161410332
        ],
        [
            0.8661550879478455,
            0.13384494185447693
        ],
        [
            0.6227336525917053,
            0.37726643681526184
        ],
        [
            0.9922854900360107,
            0.007714517880231142
        ],
        [
            0.023327205330133438,
            0.9766727685928345
        ],
        [
            0.9985755681991577,
            0.001424396294169128
        ],
        [
            0.9475762248039246,
            0.052423808723688126
        ],
        [
            1.887000325950794e-05,
            0.999981164932251
        ],
        [
            0.9108556509017944,
            0.08914437890052795
        ],
        [
            0.89703369140625,
            0.10296627134084702
        ],
        [
            0.9828367233276367,
            0.017163189128041267
        ],
        [
            0.7600383162498474,
            0.23996175825595856
        ],
        [
            0.9621063470840454,
            0.03789367899298668
        ],
        [
            0.8789476752281189,
            0.12105238437652588
        ],
        [
            0.9998880624771118,
            0.00011188969074282795
        ],
        [
            0.9721294641494751,
            0.027870560064911842
        ],
        [
            0.9999979734420776,
            2.0184816094115376e-06
        ],
        [
            0.9943488240242004,
            0.005651203915476799
        ],
        [
            0.9210968613624573,
            0.07890315353870392
        ],
        [
            0.38098740577697754,
            0.6190125346183777
        ],
        [
            0.8043314814567566,
            0.1956685185432434
        ],
        [
            0.8388031125068665,
            0.16119693219661713
        ],
        [
            0.9449490904808044,
            0.055050913244485855
        ],
        [
            0.9911682605743408,
            0.008831781335175037
        ],
        [
            0.4669329524040222,
            0.5330670475959778
        ],
        [
            0.9771612882614136,
            0.02283870428800583
        ],
        [
            0.32762545347213745,
            0.6723745465278625
        ],
        [
            0.9584742784500122,
            0.041525691747665405
        ],
        [
            1.6646264384689857e-06,
            0.9999983310699463
        ],
        [
            0.9665171504020691,
            0.033482927829027176
        ],
        [
            0.8791857361793518,
            0.12081433832645416
        ],
        [
            0.9229179620742798,
            0.07708205282688141
        ],
        [
            2.735925477281853e-07,
            0.9999997615814209
        ],
        [
            0.9889678359031677,
            0.011032217182219028
        ],
        [
            0.9498936533927917,
            0.05010628700256348
        ],
        [
            0.00914608035236597,
            0.9908539056777954
        ],
        [
            0.9892645478248596,
            0.010735487565398216
        ],
        [
            0.9825405478477478,
            0.01745942421257496
        ],
        [
            0.771405816078186,
            0.228594109416008
        ],
        [
            0.9838719367980957,
            0.016128119081258774
        ],
        [
            0.6654139757156372,
            0.3345860540866852
        ],
        [
            0.9200239181518555,
            0.07997602969408035
        ],
        [
            0.9734400510787964,
            0.026559924706816673
        ],
        [
            0.0045283096842467785,
            0.995471715927124
        ],
        [
            0.9918211698532104,
            0.008178869262337685
        ],
        [
            0.709628701210022,
            0.2903713285923004
        ],
        [
            0.8803485631942749,
            0.1196514293551445
        ],
        [
            0.8547937273979187,
            0.1452062427997589
        ],
        [
            0.9296123385429382,
            0.07038767635822296
        ],
        [
            0.7979815006256104,
            0.20201854407787323
        ],
        [
            0.8818396329879761,
            0.11816032230854034
        ],
        [
            0.9321901798248291,
            0.06780977547168732
        ],
        [
            0.023035330697894096,
            0.9769645929336548
        ],
        [
            0.9898172616958618,
            0.010182722471654415
        ],
        [
            0.5871832370758057,
            0.41281676292419434
        ],
        [
            0.9812129139900208,
            0.018787086009979248
        ],
        [
            0.9891393780708313,
            0.010860700160264969
        ],
        [
            0.004337429068982601,
            0.9956626296043396
        ],
        [
            0.9848960638046265,
            0.015103978104889393
        ],
        [
            0.38970527052879333,
            0.6102946996688843
        ],
        [
            0.973874032497406,
            0.02612600103020668
        ],
        [
            0.9647165536880493,
            0.03528338670730591
        ],
        [
            0.01195560023188591,
            0.9880444407463074
        ],
        [
            0.0009387016762048006,
            0.9990612864494324
        ],
        [
            0.9945642948150635,
            0.005435680039227009
        ],
        [
            0.9985564351081848,
            0.0014435359044000506
        ],
        [
            0.00010089317947858945,
            0.99989914894104
        ],
        [
            0.9992945194244385,
            0.0007055138703435659
        ],
        [
            0.4657832682132721,
            0.5342167019844055
        ],
        [
            0.9314479231834412,
            0.06855211406946182
        ],
        [
            0.8376588225364685,
            0.16234111785888672
        ],
        [
            0.8683905005455017,
            0.1316094547510147
        ],
        [
            0.826688826084137,
            0.17331115901470184
        ],
        [
            0.8683404326438904,
            0.1316596120595932
        ],
        [
            0.7990316152572632,
