{
    "initial_probs": [
        0.9997783303260803,
        0.00022167430142872036
    ],
    "initial_logits": [
        4.6889777183532715,
        -3.7251014709472656
    ],
    "transition_probs": [
        [
            0.9979950189590454,
            0.002005050191655755
        ],
        [
            0.9851932525634766,
            0.014806832186877728
        ]
    ],
    "transition_logits": [
        [
            3.84220027923584,
            -2.3678786754608154
        ],
        [
            2.513046979904175,
            -1.6847023963928223
        ]
    ],
    "posterior_probs": [
        [
            0.9999616146087646,
            3.834243761957623e-05
        ],
        [
            0.9998018145561218,
            0.00019819781300611794
        ],
        [
            0.9994043111801147,
            0.0005956675740890205
        ],
        [
            0.9992782473564148,
            0.0007217398378998041
        ],
        [
            0.9996477365493774,
            0.0003522378974594176
        ],
        [
            0.9994691014289856,
            0.0005309003172442317
        ],
        [
            0.9995396137237549,
            0.0004604569112416357
        ],
        [
            0.9996618032455444,
            0.00033824247657321393
        ],
        [
            0.9996625185012817,
            0.0003375363885425031
        ],
        [
            0.9998857975006104,
            0.00011413282481953502
        ],
        [
            0.9995378255844116,
            0.00046225826372392476
        ],
        [
            0.9996625185012817,
            0.000337474572006613
        ],
        [
            0.9996139407157898,
            0.0003860367287416011
        ],
        [
            0.999238133430481,
            0.0007618832169100642
        ],
        [
            0.9994858503341675,
            0.0005141039728187025
        ],
        [
            0.9996325969696045,
            0.00036744505632668734
        ],
        [
            0.9995561242103577,
            0.0004438797477632761
        ],
        [
            0.99982750415802,
            0.0001724093744996935
        ],
        [
            0.9996436834335327,
            0.0003562689234968275
        ],
        [
            0.9996670484542847,
            0.00033299007918685675
        ],
        [
            0.9996373653411865,
            0.00036263433867134154
        ],
        [
            0.9996423721313477,
            0.00035767373628914356
        ],
        [
            0.9995286464691162,
            0.0004714143287856132
        ],
        [
            0.9983951449394226,
            0.001604822464287281
        ],
        [
            0.9996634721755981,
            0.0003364979347679764
        ],
        [
            0.999976396560669,
            2.3593984224135056e-05
        ],
        [
            0.999657392501831,
            0.00034261992550455034
        ],
        [
            0.9994747042655945,
            0.0005252788541838527
        ],
        [
            0.9995864033699036,
            0.0004136403149459511
        ],
        [
            0.9997785687446594,
            0.00022144490503706038
        ],
        [
            0.9996151924133301,
            0.00038478459464386106
        ],
        [
            0.9996365308761597,
            0.00036350381560623646
        ],
        [
            0.9995701909065247,
            0.00042982224840670824
        ],
        [
            0.999595582485199,
            0.0004044691741000861
        ],
        [
            0.9993181228637695,
            0.0006818985566496849
        ],
        [
            0.9720107316970825,
            0.02798924781382084
        ],
        [
            0.9972913861274719,
            0.0027086304035037756
        ],
        [
            0.9992766976356506,
            0.0007233484066091478
        ],
        [
            0.9993264675140381,
            0.0006735280621796846
        ],
        [
            0.9985584616661072,
            0.0014415578916668892
        ],
        [
            0.9955326318740845,
            0.004467297811061144
        ],
        [
            0.9990377426147461,
            0.0009622712968848646
        ],
        [
            0.9990905523300171,
            0.0009094415581785142
        ],
        [
            0.9996517896652222,
            0.0003482578322291374
        ],
        [
            0.9996819496154785,
            0.0003181196516379714
        ],
        [
            0.9996520280838013,
            0.00034798169508576393
        ],
        [
            0.999413013458252,
            0.0005870465538464487
        ],
        [
            0.999679446220398,
            0.00032058454235084355
        ],
        [
            0.9993114471435547,
            0.0006885227630846202
        ],
        [
            0.9996836185455322,
            0.00031635817140340805
        ],
        [
            0.9994866847991943,
            0.0005133205559104681
        ],
        [
            0.9996808767318726,
            0.0003191208525095135
        ],
        [
            0.9996317625045776,
            0.000368264241842553
        ],
        [
            0.9996874332427979,
            0.00031261646654456854
        ],
        [
            0.9999985694885254,
            1.4594654658139916e-06
        ],
        [
            0.9995653033256531,
            0.00043472746619954705
        ],
        [
            0.9992262125015259,
            0.000773777486756444
        ],
        [
            0.9996142387390137,
            0.0003857777628581971
        ],
        [
            0.9996204376220703,
            0.00037949797115288675
        ],
        [
            0.9996188879013062,
            0.00038105243584141135
        ],
        [
            0.9996782541275024,
            0.00032178976107388735
        ],
        [
            0.9995742440223694,
            0.0004258028056938201
        ],
        [
            0.9996494054794312,
            0.00035060837399214506
        ],
        [
            0.9996485710144043,
            0.0003513846604619175
        ],
        [
            0.9983110427856445,
            0.0016889497637748718
        ],
        [
            0.9973996877670288,
            0.0026003816165030003
        ],
        [
            0.9996737241744995,
            0.00032633746741339564
        ],
        [
            0.9996411800384521,
            0.0003588048566598445
        ],
        [
            0.997887909412384,
            0.002112098503857851
        ],
        [
            0.9996640682220459,
            0.00033594403066672385
        ],
        [
            0.9996291399002075,
            0.0003708289295900613
        ],
        [
            0.999645471572876,
            0.00035451797884888947
        ],
        [
            0.9899175763130188,
            0.010082478635013103
        ],
        [
            0.9993613362312317,
            0.000638718600384891
        ],
        [
            0.9889117479324341,
            0.01108821015805006
        ],
        [
            0.9996141195297241,
            0.0003858247946482152
        ],
        [
            0.9991307854652405,
            0.0008692614501342177
        ],
        [
            0.9989294409751892,
            0.0010704960441216826
        ],
        [
            0.999996542930603,
            3.4115225844288943e-06
        ],
        [
            0.9996069073677063,
            0.0003930596576537937
        ],
        [
            0.9996393918991089,
            0.00036054945667274296
        ],
        [
            0.9996438026428223,
            0.0003561330959200859
        ],
        [
            0.999649167060852,
            0.00035083838156424463
        ],
        [
            0.9995369911193848,
            0.00046300614485517144
        ],
        [
            0.9995819926261902,
            0.0004180165415164083
