{
    "initial_probs": [
        0.00011487299343571067,
        0.999885082244873
    ],
    "initial_logits": [
        -4.322792053222656,
        4.748776435852051
    ],
    "transition_probs": [
        [
            0.9070197939872742,
            0.09298016130924225
        ],
        [
            0.46756863594055176,
            0.532431423664093
        ]
    ],
    "transition_logits": [
        [
            1.5026655197143555,
            -0.775112509727478
        ],
        [
            0.663562536239624,
            0.7934705018997192
        ]
    ],
    "posterior_probs": [
        [
            4.230860781717638e-07,
            0.9999995231628418
        ],
        [
            1.8209611596375908e-09,
            1.0
        ],
        [
            0.0,
            1.0
        ],
        [
            0.7019302248954773,
            0.2980697751045227
        ],
        [
            0.8636254072189331,
            0.1363745927810669
        ],
        [
            0.8718674182891846,
            0.12813256680965424
        ],
        [
            0.7428241968154907,
            0.25717583298683167
        ],
        [
            5.954800144536421e-05,
            0.9999403953552246
        ],
        [
            0.9999866485595703,
            1.3378306903177872e-05
        ],
        [
            0.9631526470184326,
            0.03684736788272858
        ],
        [
            0.9343559145927429,
            0.06564413756132126
        ],
        [
            0.9587277770042419,
            0.04127227142453194
        ],
        [
            0.973344624042511,
            0.02665536291897297
        ],
        [
            0.9648613929748535,
            0.03513864055275917
        ],
        [
            0.979488730430603,
            0.02051122672855854
        ],
        [
            0.9620084762573242,
            0.03799157217144966
        ],
        [
            0.9999006986618042,
            9.93314097286202e-05
        ],
        [
            0.895399808883667,
            0.10460016131401062
        ],
        [
            0.9895371198654175,
            0.010462833568453789
        ],
        [
            1.0,
            1.1158558799184704e-10
        ],
        [
            0.9966841340065002,
            0.0033158529549837112
        ],
        [
            0.9942104816436768,
            0.005789491347968578
        ],
        [
            0.9391574859619141,
            0.060842517763376236
        ],
        [
            0.9825329780578613,
            0.017467085272073746
        ],
        [
            0.920414924621582,
            0.07958506792783737
        ],
        [
            0.7898168563842773,
            0.21018311381340027
        ],
        [
            0.03074938990175724,
            0.9692506194114685
        ],
        [
            0.17732954025268555,
            0.8226704597473145
        ],
        [
            5.658592999679968e-05,
            0.9999433755874634
        ],
        [
            4.33137574873399e-05,
            0.9999567270278931
        ],
        [
            0.7976159453392029,
            0.2023840844631195
        ],
        [
            0.9969653487205505,
            0.003034659894183278
        ],
        [
            0.9902965426445007,
            0.009703490883111954
        ],
        [
            0.20911112427711487,
            0.7908889055252075
        ],
        [
            0.6956741213798523,
            0.3043258786201477
        ],
        [
            0.8074606657028198,
            0.19253936409950256
        ],
        [
            0.9710133671760559,
            0.028986643999814987
        ],
        [
            0.9669013619422913,
            0.033098675310611725
        ],
        [
            0.9981094598770142,
            0.001890575047582388
        ],
        [
            0.9777563810348511,
            0.022243669256567955
        ],
        [
            1.0,
            3.360841049904195e-10
        ],
        [
            0.9758782982826233,
            0.024121705442667007
        ],
        [
            0.977948009967804,
            0.02205200120806694
        ],
        [
            0.9951635599136353,
            0.004836473613977432
        ],
        [
            1.0,
            5.10955687482717e-12
        ],
        [
            0.9800267815589905,
            0.01997320167720318
        ],
        [
            0.9947819113731384,
            0.005218065809458494
        ],
        [
            0.9999951124191284,
            4.888861894869478e-06
        ],
        [
            0.9761760830879211,
            0.023823948577046394
        ],
        [
            0.9291154742240906,
            0.07088451087474823
        ],
        [
            0.9798232913017273,
            0.020176714286208153
        ],
        [
            0.9480764865875244,
            0.05192353203892708
        ],
        [
            0.9933388829231262,
            0.006661073304712772
        ],
        [
            0.9874293208122253,
            0.012570664286613464
        ],
        [
            0.9735591411590576,
            0.026440845802426338
        ],
        [
            0.9999860525131226,
            1.394906394125428e-05
        ],
        [
            0.9528669714927673,
            0.047133080661296844
        ],
        [
            0.9518170356750488,
            0.04818293824791908
        ],
        [
            0.8232395648956299,
            0.17676039040088654
        ],
        [
            3.972437752963742e-06,
            0.9999960660934448
        ],
        [
            6.004481567209766e-17,
            1.0
        ],
        [
            0.7145533561706543,
            0.2854466438293457
        ],
        [
            0.9119938611984253,
            0.08800617605447769
        ],
        [
            0.9509589672088623,
            0.04904104769229889
        ],
        [
            0.9999221563339233,
            7.782515604048967e-05
        ],
        [
            0.9712767004966736,
            0.028723249211907387
        ],
        [
            0.9832733869552612,
            0.016726665198802948
        ],
        [
            0.9474828839302063,
            0.052517119795084
        ],
        [
            0.9539312124252319,
            0.04606876149773598
        ],
        [
            0.999997615814209,
            2.3657651126995916e-06
        ],
        [
            0.9542600512504578,
            0.04573995992541313
        ],
        [
            0.892404317855835,
            0.10759560018777847
        ],
        [
            0.9297001361846924,
            0.07029986381530762
        ],
        [
            0.9624300003051758,
            0.03756999596953392
        ],
        [
            0.9999860525131226,
            1.3912927897763439e-05
        ],
        [
            0.9999998807907104,
            1.6274137237815012e-07
        ],
        [
            0.9230000972747803,
            0.07699986547231674
        ],
        [
            0.8355799913406372,
            0.1644200086593628
        ],
        [
            0.9999998807907104,
            1.5777285966578347e-07
        ],
        [
            0.821956992149353,
            0.17804297804832458
        ],
        [
            0.9346192479133606,
            0.06538069993257523
        ],
        [
            2.772538228883594e-24,
            1.0
        ],
        [
            0.7286577820777893,
            0.2713421881198883
        ],
        [
            0.9219086170196533,
            0.0780913457274437
        ],
        [
            0.9685954451560974,
            0.031404558569192886
        ],
        [
            0.9641878604888916,
            0.0358121395111084
        ],
        [
            0.9812770485877991,
            0.01872291974723339
        ],
        [
            0.9753549098968506,
            0.024645116180181503
