{
    "initial_probs": [
        0.9999617338180542,
        3.8248876080615446e-05
    ],
    "initial_logits": [
        5.583969593048096,
        -4.58738899230957
    ],
    "transition_probs": [
        [
            0.9836496114730835,
            0.01635041832923889
        ],
        [
            0.14184272289276123,
            0.8581573367118835
        ]
    ],
    "transition_logits": [
        [
            2.3735857009887695,
            -1.7234303951263428
        ],
        [
            -0.2913277745246887,
            1.508740782737732
        ]
    ],
    "posterior_probs": [
        [
            0.9999990463256836,
            9.597737289368524e-07
        ],
        [
            0.9995751976966858,
            0.0004247843462508172
        ],
        [
            0.9993041753768921,
            0.0006957839359529316
        ],
        [
            0.9971730709075928,
            0.0028269593603909016
        ],
        [
            0.9997398257255554,
            0.000260211993008852
        ],
        [
            0.9995355606079102,
            0.0004645198641810566
        ],
        [
            0.9943927526473999,
            0.005607174709439278
        ],
        [
            0.9997367262840271,
            0.00026331061962991953
        ],
        [
            0.9960254430770874,
            0.003974536433815956
        ],
        [
            0.9975453019142151,
            0.002454623579978943
        ],
        [
            0.9990777969360352,
            0.0009221318177878857
        ],
        [
            0.9996906518936157,
            0.000309338589431718
        ],
        [
            0.9993419051170349,
            0.0006580664776265621
        ],
        [
            0.9996216297149658,
            0.0003783882420975715
        ],
        [
            0.9998536109924316,
            0.000146330232382752
        ],
        [
            0.9990973472595215,
            0.0009026594925671816
        ],
        [
            0.9996033310890198,
            0.00039663701318204403
        ],
        [
            0.9997897744178772,
            0.00021022917644586414
        ],
        [
            0.9994982481002808,
            0.0005017720395699143
        ],
        [
            0.9996867179870605,
            0.0003132512792944908
        ],
        [
            0.999862551689148,
            0.0001373818813590333
        ],
        [
            0.9998397827148438,
            0.00016014950233511627
        ],
        [
            0.9979155659675598,
            0.0020844622049480677
        ],
        [
            0.9996577501296997,
            0.00034223863622173667
        ],
        [
            0.9999381303787231,
            6.184067024150863e-05
        ],
        [
            0.9995896220207214,
            0.00041036002221517265
        ],
        [
            0.9999425411224365,
            5.739722473663278e-05
        ],
        [
            0.9997192025184631,
            0.0002807243727147579
        ],
        [
            0.9999580383300781,
            4.193572749500163e-05
        ],
        [
            0.999946117401123,
            5.3885352826910093e-05
        ],
        [
            0.9999037981033325,
            9.62374106165953e-05
        ],
        [
            0.9996458292007446,
            0.00035417205072008073
        ],
        [
            0.9999294281005859,
            7.053533772705123e-05
        ],
        [
            0.9999188184738159,
            8.122323197312653e-05
        ],
        [
            0.9999569654464722,
            4.3041665776399896e-05
        ],
        [
            0.9999492168426514,
            5.072437124908902e-05
        ],
        [
            0.9999027252197266,
            9.726777352625504e-05
        ],
        [
            0.9998996257781982,
            0.00010035813465947285
        ],
        [
            0.9999316930770874,
            6.831946666352451e-05
        ],
        [
            0.999962329864502,
            3.765425208257511e-05
        ],
        [
            0.9999622106552124,
            3.783567080972716e-05
        ],
        [
            0.9999653100967407,
            3.4730670449789613e-05
        ],
        [
            0.9996294975280762,
            0.00037048407830297947
        ],
        [
            0.9999723434448242,
            2.760510142252315e-05
        ],
        [
            0.9995566010475159,
            0.0004433519789017737
        ],
        [
            0.9997691512107849,
            0.00023080581740941852
        ],
        [
            0.9967572093009949,
            0.0032427406404167414
        ],
        [
            0.9207083582878113,
            0.07929160445928574
        ],
        [
            0.3887268006801605,
            0.6112732291221619
        ],
        [
            2.1613564271660834e-09,
            1.0
        ],
        [
            8.324256284275577e-10,
            1.0
        ],
        [
            9.224814752947352e-15,
            1.0
        ],
        [
            1.387090886595388e-09,
            1.0
        ],
        [
            6.338657376758761e-10,
            1.0
        ],
        [
            4.393489044796084e-11,
            1.0
        ],
        [
            3.748063193143025e-08,
            1.0
        ],
        [
            0.027484364807605743,
            0.9725156426429749
        ],
        [
            0.49166566133499146,
            0.5083343386650085
        ],
        [
            0.9541119933128357,
            0.04588804766535759
        ],
        [
            0.9982775449752808,
            0.0017224926268681884
        ],
        [
            0.9997795224189758,
            0.0002204976335633546
        ],
        [
            0.9999723434448242,
            2.7641774067888036e-05
        ],
        [
            0.9999291896820068,
            7.076062320265919e-05
        ],
        [
            0.9999501705169678,
            4.980331868864596e-05
        ],
        [
            0.9999771118164062,
            2.2906155209057033e-05
        ],
        [
            0.9998506307601929,
            0.0001492887531640008
        ],
        [
            0.9999698400497437,
            3.010476029885467e-05
        ],
        [
            0.9999701976776123,
            2.984498132718727e-05
        ],
        [
            0.999489426612854,
            0.000510556623339653
        ],
        [
            0.9999256134033203,
            7.433182327076793e-05
        ],
        [
            0.9999734163284302,
            2.6642150260158814e-05
        ],
        [
            0.9999730587005615,
            2.6983349016518332e-05
        ],
        [
            0.9998483657836914,
            0.00015158616588450968
        ],
        [
            0.9984729886054993,
            0.0015269482973963022
        ],
        [
            0.9938282370567322,
            0.006171708460897207
        ],
        [
            0.9997734427452087,
            0.0002266155934194103
        ],
        [
            0.999962568283081,
            3.747371010831557e-05
        ],
        [
            0.9999685287475586,
            3.146726521663368e-05
        ],
        [
            0.9999631643295288,
            3.687024945975281e-05
        ],
        [
            0.9999666213989258,
            3.3349784644087777e-05
        ],
        [
            0.999961256980896,
            3.8700978620909154e-05
        ],
        [
            0.999901533126831,
            9.848332410911098e-05
        ],
        [
            0.9999760389328003,
            2.397503521933686e-05
        ],
        [
            0.99994957447052,
            5.0418042519595474e-05
        ],
        [
            0.99986732006073,
            0.00013268517795950174
        ],
        [
            0.9964648485183716,
            0.0035351284313946962
        ],
        [
