{
    "initial_probs": [
        4.0456841816194355e-05,
        0.9999595880508423
    ],
    "initial_logits": [
        -4.419766902923584,
        5.695467948913574
    ],
    "transition_probs": [
        [
            0.8146178722381592,
            0.18538211286067963
        ],
        [
            0.04883453994989395,
            0.951165497303009
        ]
    ],
    "transition_logits": [
        [
            1.1847959756851196,
            -0.29550403356552124
        ],
        [
            -1.4001922607421875,
            1.569057822227478
        ]
    ],
    "posterior_probs": [
        [
            2.817114932440745e-07,
            0.9999997615814209
        ],
        [
            0.0006515959976240993,
            0.9993483424186707
        ],
        [
            0.000792499165982008,
            0.9992075562477112
        ],
        [
            0.0005244623753242195,
            0.9994755387306213
        ],
        [
            0.004345409572124481,
            0.9956545829772949
        ],
        [
            0.008707432076334953,
            0.9912925362586975
        ],
        [
            0.00039018059032969177,
            0.9996098875999451
        ],
        [
            0.0007976267952471972,
            0.9992024302482605
        ],
        [
            0.0006895944243296981,
            0.9993103742599487
        ],
        [
            0.0008901418768800795,
            0.9991098046302795
        ],
        [
            0.0002679256722331047,
            0.9997320771217346
        ],
        [
            0.0012809853069484234,
            0.9987190961837769
        ],
        [
            0.00035005263634957373,
            0.9996500015258789
        ],
        [
            0.0014736931771039963,
            0.9985263347625732
        ],
        [
            0.019904620945453644,
            0.980095386505127
        ],
        [
            0.0018421130953356624,
            0.9981579184532166
        ],
        [
            0.00029228260973468423,
            0.9997076392173767
        ],
        [
            0.0002730419219005853,
            0.9997269511222839
        ],
        [
            0.0003424997557885945,
            0.9996575117111206
        ],
        [
            0.00028431430109776556,
            0.9997156262397766
        ],
        [
            0.0005843580001965165,
            0.9994156360626221
        ],
        [
            0.0036956050898879766,
            0.9963043928146362
        ],
        [
            0.0560818649828434,
            0.9439181089401245
        ],
        [
            0.9998955726623535,
            0.0001044208329403773
        ],
        [
            0.9999666213989258,
            3.337880480103195e-05
        ],
        [
            1.0,
            5.2442935587509355e-34
        ],
        [
            1.0,
            1.969983786305771e-28
        ],
        [
            1.0,
            5.392786157115684e-38
        ],
        [
            0.9986321330070496,
            0.001367880031466484
        ],
        [
            0.9997509121894836,
            0.0002491070772521198
        ],
        [
            1.0,
            2.97488647049704e-08
        ],
        [
            0.9999797344207764,
            2.0319501345511526e-05
        ],
        [
            1.0,
            2.081623502042662e-12
        ],
        [
            0.9877260327339172,
            0.01227397471666336
        ],
        [
            0.9999982118606567,
            1.8473871250535012e-06
        ],
        [
            1.0,
            4.441519596554144e-09
        ],
        [
            0.9451009035110474,
            0.054899103939533234
        ],
        [
            0.7915341854095459,
            0.2084658145904541
        ],
        [
            1.0,
            1.51324337072229e-26
        ],
        [
            0.17421919107437134,
            0.8257807493209839
        ],
        [
            0.004914799705147743,
            0.9950851798057556
        ],
        [
            0.0008444171398878098,
            0.9991556406021118
        ],
        [
            0.0005292188725434244,
            0.9994707703590393
        ],
        [
            0.0003182846703566611,
            0.9996817111968994
        ],
        [
            0.0037817046977579594,
            0.9962182641029358
        ],
        [
            0.000385565945180133,
            0.9996143579483032
        ],
        [
            0.0003347777237650007,
            0.9996652603149414
        ],
        [
            0.00031671064789406955,
            0.9996832609176636
        ],
        [
            0.0002622403553687036,
            0.9997377991676331
        ],
        [
            0.00026900271768681705,
            0.9997310042381287
        ],
        [
            0.0006027032504789531,
            0.9993972778320312
        ],
        [
            0.0007284508901648223,
            0.9992715716362
        ],
        [
            0.0006555026629939675,
            0.999344527721405
        ],
        [
            0.0004851710982620716,
            0.9995148181915283
        ],
        [
            0.0006042033201083541,
            0.9993958473205566
        ],
        [
            0.0003546044754330069,
            0.9996453523635864
        ],
        [
            0.00026963953860104084,
            0.9997302889823914
        ],
        [
            0.0006490573869086802,
            0.9993509650230408
        ],
        [
            0.0019480963237583637,
            0.9980518817901611
        ],
        [
            0.0009021367295645177,
            0.9990978240966797
        ],
        [
            0.0004140758537687361,
            0.9995859265327454
        ],
        [
            0.0006711905589327216,
            0.9993288516998291
        ],
        [
            0.002255690284073353,
            0.9977443218231201
        ],
        [
            0.0005278244498185813,
            0.9994722008705139
        ],
        [
            0.0006672413437627256,
            0.9993327260017395
        ],
        [
            0.0019616717472672462,
            0.9980383515357971
        ],
        [
            0.0005333918379619718,
            0.999466598033905
        ],
        [
            0.0003651264123618603,
            0.999634861946106
        ],
        [
            0.0008966386085376143,
            0.9991033673286438
        ],
        [
            0.0013143239775672555,
            0.9986856579780579
        ],
        [
            0.0057815914042294025,
            0.9942183494567871
        ],
        [
            0.023185182362794876,
            0.9768148064613342
        ],
        [
            0.01832539029419422,
            0.9816746115684509
        ],
        [
            0.0006876624538563192,
            0.9993124008178711
        ],
        [
            0.0005423573893494904,
            0.9994576573371887
        ],
        [
            0.00023787285317666829,
            0.9997621178627014
        ],
        [
            0.0002975187380798161,
            0.9997023940086365
        ],
        [
            0.0006421170546673238,
            0.9993578791618347
        ],
        [
            0.0007735887775197625,
            0.999226450920105
        ],
        [
            0.001743956352584064,
            0.9982560276985168
        ],
        [
            0.004209719132632017,
            0.9957903027534485
        ],
        [
            0.12438574433326721,
            0.8756142854690552
        ],
        [
            0.9858821630477905,
            0.014117893762886524
        ],
        [
            0.03060600534081459,
            0.9693939685821533
        ],
        [
            0.0011158101260662079,
            0.9988841414451599
        ],
        [
            0.0005638900329358876,
            0.99943608045578
        ],
        [
            0.009057044982910156,
