{
    "initial_probs": [
        3.9682159695075825e-05,
        0.9999603033065796
    ],
    "initial_logits": [
        -4.690951347351074,
        5.443617820739746
    ],
    "transition_probs": [
        [
            0.9425438046455383,
            0.057456210255622864
        ],
        [
            0.030481472611427307,
            0.9695185422897339
        ]
    ],
    "transition_logits": [
        [
            1.5991287231445312,
            -1.1984305381774902
        ],
        [
            -1.4128186702728271,
            2.0468618869781494
        ]
    ],
    "posterior_probs": [
        [
            7.2079227031451865e-09,
            1.0
        ],
        [
            6.535648935823701e-06,
            0.9999934434890747
        ],
        [
            8.26995528768748e-06,
            0.999991774559021
        ],
        [
            0.00018669675046112388,
            0.9998133778572083
        ],
        [
            5.329365649231477e-06,
            0.9999946355819702
        ],
        [
            0.0004089697904419154,
            0.999591052532196
        ],
        [
            6.956381548661739e-05,
            0.9999303817749023
        ],
        [
            2.7113148462376557e-05,
            0.999972939491272
        ],
        [
            0.00021931676019448787,
            0.9997807145118713
        ],
        [
            7.774800906190649e-05,
            0.9999222755432129
        ],
        [
            5.9274889281368814e-06,
            0.9999940395355225
        ],
        [
            2.8133448722655885e-05,
            0.999971866607666
        ],
        [
            0.00014459258818533272,
            0.9998553991317749
        ],
        [
            4.269580131222028e-06,
            0.9999957084655762
        ],
        [
            0.0012562781339511275,
            0.9987437129020691
        ],
        [
            0.002018891042098403,
            0.9979811310768127
        ],
        [
            0.8976910710334778,
            0.10230891406536102
        ],
        [
            1.0,
            2.3825490469420174e-09
        ],
        [
            0.9999970197677612,
            3.037074975509313e-06
        ],
        [
            1.0,
            8.180994664463959e-16
        ],
        [
            1.0,
            1.9857820086639083e-14
        ],
        [
            1.0,
            4.011109666635093e-09
        ],
        [
            1.0,
            6.03058314396776e-09
        ],
        [
            0.9999997615814209,
            2.2088855189394963e-07
        ],
        [
            0.9999988079071045,
            1.2122587804697105e-06
        ],
        [
            0.9999995231628418,
            5.3577844028041e-07
        ],
        [
            0.9999974966049194,
            2.519381268939469e-06
        ],
        [
            1.0,
            3.911932444644606e-10
        ],
        [
            1.0,
            4.72618555402704e-10
        ],
        [
            1.0,
            5.077657183605311e-10
        ],
        [
            1.0,
            1.458041332114135e-08
        ],
        [
            1.0,
            2.0797141786488282e-09
        ],
        [
            0.9999995231628418,
            4.82571635984641e-07
        ],
        [
            0.9999951124191284,
            4.833343155041803e-06
        ],
        [
            1.0,
            6.338471634630702e-15
        ],
        [
            1.0,
            1.744893007860071e-09
        ],
        [
            1.0,
            9.044969218052756e-09
        ],
        [
            0.999998927116394,
            1.1245057294217986e-06
        ],
        [
            1.0,
            7.760455389416165e-09
        ],
        [
            1.0,
            1.992183640157284e-16
        ],
        [
            1.0,
            5.379120260329273e-09
        ],
        [
            0.9999998807907104,
            6.031022792285512e-08
        ],
        [
            0.9999994039535522,
            6.069960249988071e-07
        ],
        [
            1.0,
            3.8844816252492365e-10
        ],
        [
            0.04375741258263588,
            0.956242561340332
        ],
        [
            0.028170814737677574,
            0.9718291759490967
        ],
        [
            6.190581916598603e-05,
            0.9999381303787231
        ],
        [
            8.128708941512741e-06,
            0.9999918937683105
        ],
        [
            3.61545698979171e-06,
            0.9999964237213135
        ],
        [
            8.225208148360252e-05,
            0.99991774559021
        ],
        [
            4.301655280869454e-06,
            0.9999957084655762
        ],
        [
            2.6384250304545276e-05,
            0.9999736547470093
        ],
        [
            1.4001415365783032e-05,
            0.9999860525131226
        ],
        [
            2.9937102681287797e-06,
            0.9999970197677612
        ],
        [
            7.03412069924525e-06,
            0.9999929666519165
        ],
        [
            6.58599310554564e-05,
            0.9999340772628784
        ],
        [
            5.869422238902189e-05,
            0.999941349029541
        ],
        [
            2.573456549725961e-05,
            0.999974250793457
        ],
        [
            4.407329470268451e-06,
            0.9999955892562866
        ],
        [
            1.3124855286150705e-05,
            0.9999868869781494
        ],
        [
            0.0011206762865185738,
            0.9988793730735779
        ],
        [
            1.741235791996587e-05,
            0.9999825954437256
        ],
        [
            0.001903880969621241,
            0.9980961680412292
        ],
        [
            1.0,
            2.074640632898639e-11
        ],
        [
            0.9999772310256958,
            2.276486520713661e-05
        ],
        [
            0.9999918937683105,
            8.060344953264575e-06
        ],
        [
            0.9999998807907104,
            1.4215905252967787e-07
        ],
        [
            0.999988317489624,
            1.165517187473597e-05
        ],
        [
            0.9999746084213257,
            2.54390270129079e-05
        ],
        [
            0.9999958276748657,
            4.2242513700330164e-06
        ],
        [
            0.015310954302549362,
            0.9846889972686768
        ],
        [
            0.0001347353245364502,
            0.9998652935028076
        ],
        [
            6.755108643119456e-06,
            0.9999932050704956
        ],
        [
            2.014553865592461e-05,
            0.9999798536300659
        ],
        [
            4.61415629615658e-06,
            0.9999953508377075
        ],
        [
            3.9273840229725465e-05,
            0.9999607801437378
        ],
        [
            1.4060826288186945e-05,
            0.999985933303833
        ],
        [
            5.039780717197573e-06,
            0.9999949932098389
        ],
        [
            7.59873319111648e-06,
            0.9999923706054688
        ],
        [
            0.0001726199552649632,
            0.9998273849487305
        ],
        [
            4.328453087509843e-06,
            0.9999957084655762
        ],
        [
            1.8808987078955397e-05,
            0.999981164932251
        ],
        [
            3.525362990330905e-05,
            0.999964714050293
        ],
        [
            3.8547754229512066e-05,
            0.9999614953994751
        ],
        [
            0.0027391789481043816,
            0.9972608089447021
        ],
        [
            4.318112041801214e-05,
            0.9999568462371826
        ],
        [
            4.254899613442831e-05,
            0.9999574422836304
        ],
        [
            1.9333627278683707e-05,
            0.9999806880950928
        ],
        [
