{
    "initial_probs": [
        0.9999879598617554,
        1.1990536222583614e-05
    ],
    "initial_logits": [
        6.3562164306640625,
        -4.97516393661499
    ],
    "transition_probs": [
        [
            0.9704689979553223,
            0.029531007632613182
        ],
        [
            0.9999436140060425,
            5.635415800497867e-05
        ]
    ],
    "transition_logits": [
        [
            2.420997381210327,
            -1.0713411569595337
        ],
        [
            5.029942035675049,
            -4.7538557052612305
        ]
    ],
    "posterior_probs": [
        [
            1.0,
            2.2500724838891983e-08
        ],
        [
            0.9999997615814209,
            2.6175789002991223e-07
        ],
        [
            0.003448980860412121,
            0.9965510368347168
        ],
        [
            0.9999338388442993,
            6.612727156607434e-05
        ],
        [
            0.9997648596763611,
            0.00023508963931817561
        ],
        [
            0.9983041286468506,
            0.0016958847409114242
        ],
        [
            0.9999687671661377,
            3.1173833122011274e-05
        ],
        [
            0.9999971389770508,
            2.893203827625257e-06
        ],
        [
            0.1024547591805458,
            0.8975452780723572
        ],
        [
            0.9987758994102478,
            0.001224102103151381
        ],
        [
            0.9999877214431763,
            1.2252869964868296e-05
        ],
        [
            0.9999667406082153,
            3.331469270051457e-05
        ],
        [
            0.9999871253967285,
            1.282825724047143e-05
        ],
        [
            0.9999879598617554,
            1.2058216270816047e-05
        ],
        [
            0.9998233914375305,
            0.00017658343131188303
        ],
        [
            0.999895453453064,
            0.0001045045064529404
        ],
        [
            0.9998565912246704,
            0.0001433482684660703
        ],
        [
            0.9987252354621887,
            0.0012747535947710276
        ],
        [
            0.9994433522224426,
            0.0005566233885474503
        ],
        [
            0.9945439100265503,
            0.005456135142594576
        ],
        [
            0.9504950046539307,
            0.049504950642585754
        ],
        [
            0.9999065399169922,
            9.340208634966984e-05
        ],
        [
            0.9999673366546631,
            3.2660878787282854e-05
        ],
        [
            0.9999773502349854,
            2.2653119231108576e-05
        ],
        [
            0.9998874664306641,
            0.00011253255797782913
        ],
        [
            0.9999865293502808,
            1.3435687833407428e-05
        ],
        [
            0.9998487234115601,
            0.00015120505122467875
        ],
        [
            0.9999686479568481,
            3.133813152089715e-05
        ],
        [
            0.9999879598617554,
            1.1997101864835713e-05
        ],
        [
            0.9999363422393799,
            6.3606261392124e-05
        ],
        [
            0.9998071789741516,
            0.00019284250447526574
        ],
        [
            0.9999843835830688,
            1.5668018022552133e-05
        ],
        [
            0.9999567270278931,
            4.328336217440665e-05
        ],
        [
            0.9999877214431763,
            1.2226256330905017e-05
        ],
        [
            0.999984860420227,
            1.5184349649643991e-05
        ],
        [
            0.8046914339065552,
            0.19530855119228363
        ],
        [
            0.9988597631454468,
            0.0011402054224163294
        ],
        [
            0.9999874830245972,
            1.2505213817348704e-05
        ],
        [
            0.9999185800552368,
            8.135903044603765e-05
        ],
        [
            0.9998596906661987,
            0.0001402814668836072
        ],
        [
            0.999818742275238,
            0.00018122860637959093
        ],
        [
            0.9999788999557495,
            2.1043495507910848e-05
        ],
        [
            0.999810516834259,
            0.00018950318917632103
        ],
        [
            0.9998239874839783,
            0.00017599308921489865
        ],
        [
            0.9991693496704102,
            0.0008307220414280891
        ],
        [
            0.3559829890727997,
            0.6440169811248779
        ],
        [
            0.9999605417251587,
            3.943054980481975e-05
        ],
        [
            0.9918276071548462,
            0.008172435685992241
        ],
        [
            0.9994745850563049,
            0.0005253789713606238
        ],
        [
            0.9999505281448364,
            4.943801468471065e-05
        ],
        [
            0.9999673366546631,
            3.268431100877933e-05
        ],
        [
            0.9999446868896484,
            5.536931348615326e-05
        ],
        [
            0.9999862909317017,
            1.3665394362760708e-05
        ],
        [
            0.9999392032623291,
            6.082905383664183e-05
        ],
        [
            0.9998435974121094,
            0.0001563483674544841
        ],
        [
            0.9999741315841675,
            2.581912667665165e-05
        ],
        [
            0.9992960691452026,
            0.0007039261399768293
        ],
        [
            0.999980092048645,
            1.9899449398508295e-05
        ],
        [
            0.9999867677688599,
            1.3228904208517633e-05
        ],
        [
            0.9888351559638977,
            0.011164852418005466
        ],
        [
            0.9999796152114868,
            2.0389688870636746e-05
        ],
        [
            0.9998030066490173,
            0.0001970641897059977
        ],
        [
            0.9999679327011108,
            3.209938950021751e-05
        ],
        [
            0.9999493360519409,
            5.070155020803213e-05
        ],
        [
            0.9999709129333496,
            2.910941475420259e-05
        ],
        [
            0.9996250867843628,
            0.0003748609742615372
        ],
        [
            0.9999740123748779,
            2.5962332074414007e-05
        ],
        [
            0.999944806098938,
            5.52208221051842e-05
        ],
        [
            0.9999864101409912,
            1.3561016203311738e-05
        ],
        [
            0.9999244213104248,
            7.56025910959579e-05
        ],
        [
            0.9999731779098511,
            2.6805864763446152e-05
        ],
        [
            0.9681389927864075,
            0.031860969960689545
        ],
        [
            0.9999833106994629,
            1.6740075807319954e-05
        ],
        [
            0.9999289512634277,
            7.10934036760591e-05
        ],
        [
            0.9999804496765137,
            1.9564358808565885e-05
        ],
        [
            0.9999428987503052,
            5.7149925851263106e-05
        ],
        [
            0.9999825954437256,
            1.7443206161260605e-05
        ],
        [
            0.9999655485153198,
            3.444121466600336e-05
        ],
        [
            0.9999862909317017,
            1.3683860743185505e-05
        ],
        [
            0.9999608993530273,
            3.909566657966934e-05
        ],
        [
            0.9999139308929443,
            8.609986252849922e-05
        ],
        [
            0.9999830722808838,
            1.6966756447800435e-05
        ],
        [
            0.999843955039978,
            0.00015602787607349455
        ],
        [
            0.9999717473983765,
            2.825562478392385e-05
        ],
        [
            0.9999107122421265,
            8.928929310059175e-05
        ],
