{
    "initial_probs": [
        0.9999808073043823,
        1.9168124708812684e-05
    ],
    "initial_logits": [
        5.921877861022949,
        -4.940364837646484
    ],
    "transition_probs": [
        [
            0.9089674353599548,
            0.09103250503540039
        ],
        [
            0.20142298936843872,
            0.798577070236206
        ]
    ],
    "transition_logits": [
        [
            1.699548602104187,
            -0.6015440821647644
        ],
        [
            -0.2892950773239136,
            1.0881292819976807
        ]
    ],
    "posterior_probs": [
        [
            0.9999966621398926,
            3.365198836036143e-06
        ],
        [
            0.998219907283783,
            0.0017801346257328987
        ],
        [
            0.9981632828712463,
            0.0018367621814832091
        ],
        [
            0.994157075881958,
            0.005842870566993952
        ],
        [
            0.9763299226760864,
            0.023670069873332977
        ],
        [
            0.7294836044311523,
            0.2705163359642029
        ],
        [
            1.781452242666237e-11,
            1.0
        ],
        [
            4.740821992789412e-13,
            1.0
        ],
        [
            6.205977572115717e-13,
            1.0
        ],
        [
            1.7010151967533638e-11,
            1.0
        ],
        [
            0.9272428750991821,
            0.0727570503950119
        ],
        [
            0.992965817451477,
            0.007034141104668379
        ],
        [
            0.998166561126709,
            0.001833380083553493
        ],
        [
            0.9980661273002625,
            0.0019338487181812525
        ],
        [
            0.9983955025672913,
            0.0016045047668740153
        ],
        [
            0.9982627034187317,
            0.0017372749280184507
        ],
        [
            0.998362123966217,
            0.0016378696309402585
        ],
        [
            0.9933295249938965,
            0.006670469883829355
        ],
        [
            0.9958879351615906,
            0.004112039692699909
        ],
        [
            0.9985777139663696,
            0.0014222710160538554
        ],
        [
            0.9985222220420837,
            0.0014777854084968567
        ],
        [
            0.9983659386634827,
            0.00163408147636801
        ],
        [
            0.9983772039413452,
            0.001622794079594314
        ],
        [
            0.998206377029419,
            0.0017935791984200478
        ],
        [
            0.9956521391868591,
            0.004347919020801783
        ],
        [
            0.9984985589981079,
            0.0015014797681942582
        ],
        [
            0.9983224272727966,
            0.0016775650437921286
        ],
        [
            0.9978981018066406,
            0.0021018642000854015
        ],
        [
            0.9983745813369751,
            0.0016253422945737839
        ],
        [
            0.9981034994125366,
            0.0018965158378705382
        ],
        [
            0.9985454082489014,
            0.0014546641614288092
        ],
        [
            0.9984157085418701,
            0.001584247569553554
        ],
        [
            0.9947132468223572,
            0.00528678810223937
        ],
        [
            0.9972355961799622,
            0.0027644287329167128
        ],
        [
            0.996152937412262,
            0.0038470474537461996
        ],
        [
            0.9975065588951111,
            0.002493485575541854
        ],
        [
            0.9960474371910095,
            0.003952609375119209
        ],
        [
            0.9556275010108948,
            0.04437251389026642
        ],
        [
            0.9962133765220642,
            0.003786651883274317
        ],
        [
            0.9982845187187195,
            0.0017155013047158718
        ],
        [
            0.9984222650527954,
            0.0015777203952893615
        ],
        [
            0.9981487989425659,
            0.0018512541428208351
        ],
        [
            0.9976542592048645,
            0.0023457645438611507
        ],
        [
            0.9980225563049316,
            0.001977418316528201
        ],
        [
            0.9983386993408203,
            0.0016613148618489504
        ],
        [
            0.998138427734375,
            0.0018615172011777759
        ],
        [
            0.9947896003723145,
            0.0052103884518146515
        ],
        [
            0.9441173076629639,
            0.055882684886455536
        ],
        [
            5.553533188873416e-10,
            1.0
        ],
        [
            0.8720871210098267,
            0.12791281938552856
        ],
        [
            0.9776641726493835,
            0.022335777059197426
        ],
        [
            0.9963183403015137,
            0.0036816420033574104
        ],
        [
            0.9983868598937988,
            0.0016132057644426823
        ],
        [
            0.998103141784668,
            0.0018968622898682952
        ],
        [
            0.9980454444885254,
            0.0019545149989426136
        ],
        [
            0.9979629516601562,
            0.0020370802376419306
        ],
        [
            0.9924255609512329,
            0.0075744884088635445
        ],
        [
            0.979682207107544,
            0.020317768678069115
        ],
        [
            0.9784975647926331,
            0.021502355113625526
        ],
        [
            0.946248471736908,
            0.05375150218605995
        ],
        [
            0.9800572395324707,
            0.019942758604884148
        ],
        [
            0.9547398686408997,
            0.04526018351316452
        ],
        [
            0.8226927518844604,
            0.17730729281902313
        ],
        [
            0.008132459595799446,
            0.9918676018714905
        ],
        [
            1.4488900530740256e-12,
            1.0
        ],
        [
            0.023379148915410042,
            0.9766209125518799
        ],
        [
            1.2446033786916999e-11,
            1.0
        ],
        [
            0.9368244409561157,
            0.06317552179098129
        ],
        [
            0.9935856461524963,
            0.006414330564439297
        ],
        [
            0.9955748319625854,
            0.004425219725817442
        ],
        [
            0.9965789914131165,
            0.003420957364141941
        ],
        [
            0.9896357655525208,
            0.01036424282938242
        ],
        [
            0.9600176215171814,
            0.0399823896586895
        ],
        [
            0.9745648503303528,
            0.025435155257582664
        ],
        [
            0.9738528728485107,
            0.026147067546844482
        ],
        [
            0.9754138588905334,
            0.024586131796240807
        ],
        [
            0.974354088306427,
            0.025645924732089043
        ],
        [
            0.9945390820503235,
            0.0054608979262411594
        ],
        [
            0.9960491061210632,
            0.003950867336243391
        ],
        [
            0.9966592788696289,
            0.0033407057635486126
        ],
        [
            0.9923406839370728,
            0.007659377530217171
        ],
        [
            0.944776177406311,
            0.05522381141781807
        ],
        [
            0.8843751549720764,
            0.11562483012676239
        ],
        [
            0.5409238934516907,
            0.4590761363506317
        ],
        [
            0.4319772720336914,
            0.5680227279663086
        ],
        [
            0.39689698815345764,
            0.60310298204422
        ],
        [
            0.5562225580215454,
            0.4437774419784546
        ],
        [
