{
    "initial_probs": [
        0.0014415014302358031,
        0.9985584616661072
    ],
    "initial_logits": [
        -2.8463470935821533,
        3.6942806243896484
    ],
    "transition_probs": [
        [
            0.9994838237762451,
            0.0005161593435332179
        ],
        [
            0.9968656897544861,
            0.0031343279406428337
        ]
    ],
    "transition_logits": [
        [
            4.034313678741455,
            -3.5342652797698975
        ],
        [
            3.5093376636505127,
            -2.252863883972168
        ]
    ],
    "posterior_probs": [
        [
            0.0007355381385423243,
            0.9992644190788269
        ],
        [
            0.9962687492370605,
            0.003731168806552887
        ],
        [
            0.9999994039535522,
            5.594469598690921e-07
        ],
        [
            0.9993888139724731,
            0.0006111719412729144
        ],
        [
            0.998719334602356,
            0.0012806534068658948
        ],
        [
            0.9997715353965759,
            0.0002284483052790165
        ],
        [
            0.9996713399887085,
            0.0003286904830019921
        ],
        [
            0.9992770552635193,
            0.0007229734910652041
        ],
        [
            0.9999998807907104,
            9.325506766799663e-08
        ],
        [
            0.999901294708252,
            9.867282642517239e-05
        ],
        [
            0.9997393488883972,
            0.0002605933404993266
        ],
        [
            0.9998321533203125,
            0.00016778529970906675
        ],
        [
            0.9993879795074463,
            0.0006119832978583872
        ],
        [
            0.999546468257904,
            0.000453542685136199
        ],
        [
            0.9989579916000366,
            0.0010420166654512286
        ],
        [
            0.9997314810752869,
            0.00026854354655370116
        ],
        [
            0.9997542500495911,
            0.00024575533461757004
        ],
        [
            0.9999995231628418,
            5.041704866926011e-07
        ],
        [
            0.9998631477355957,
            0.00013685262820217758
        ],
        [
            0.9999603033065796,
            3.9736161852488294e-05
        ],
        [
            0.9999804496765137,
            1.9594532204791903e-05
        ],
        [
            0.9994988441467285,
            0.0005010837339796126
        ],
        [
            0.9999436140060425,
            5.64410729566589e-05
        ],
        [
            0.9999734163284302,
            2.6578807592159137e-05
        ],
        [
            0.9995324611663818,
            0.0004675691307056695
        ],
        [
            0.9997796416282654,
            0.00022042029013391584
        ],
        [
            0.9996722936630249,
            0.00032765924697741866
        ],
        [
            0.9996553659439087,
            0.00034464316559024155
        ],
        [
            0.99988853931427,
            0.0001114841434173286
        ],
        [
            0.9996906518936157,
            0.00030939048156142235
        ],
        [
            0.9993736147880554,
            0.0006264583789743483
        ],
        [
            0.9997261166572571,
            0.00027383441920392215
        ],
        [
            0.9996775388717651,
            0.0003225072578061372
        ],
        [
            0.9998359680175781,
            0.00016398674051743
        ],
        [
            0.99962317943573,
            0.0003767583693843335
        ],
        [
            0.9999947547912598,
            5.273550414131023e-06
        ],
        [
            0.9999091625213623,
            9.08372167032212e-05
        ],
        [
            0.9998641014099121,
            0.00013593285984825343
        ],
        [
            0.9999929666519165,
            6.986839707678882e-06
        ],
        [
            0.9978518486022949,
            0.0021481970325112343
        ],
        [
            0.9995054006576538,
            0.000494561973027885
        ],
        [
            0.999139666557312,
            0.000860361906234175
        ],
        [
            0.9994820952415466,
            0.0005178812425583601
        ],
        [
            0.9994164705276489,
            0.0005835387855768204
        ],
        [
            0.9997881054878235,
            0.00021196821762714535
        ],
        [
            0.9999853372573853,
            1.4661821296613198e-05
        ],
        [
            0.9990328550338745,
            0.0009671979350969195
        ],
        [
            0.9999822378158569,
            1.772059295035433e-05
        ],
        [
            0.9992098808288574,
            0.0007901223143562675
        ],
        [
            0.9996720552444458,
            0.00032791425473988056
        ],
        [
            0.9996674060821533,
            0.0003325585857965052
        ],
        [
            0.9995833039283752,
            0.0004167178994975984
        ],
        [
            0.9997814297676086,
            0.0002185652410844341
        ],
        [
            0.9996933937072754,
            0.0003066185163334012
        ],
        [
            0.9999387264251709,
            6.13257652730681e-05
        ],
        [
            0.9996778964996338,
            0.00032210408244282007
        ],
        [
            0.9999992847442627,
            7.636820669176814e-07
        ],
        [
            0.9998797178268433,
            0.00012027929915348068
        ],
        [
            0.999698281288147,
            0.00030174656421877444
        ],
        [
            0.9999732971191406,
            2.6689343940233812e-05
        ],
        [
            0.9996868371963501,
            0.0003131653065793216
        ],
        [
            0.9997426867485046,
            0.00025734605151228607
        ],
        [
            0.999661922454834,
            0.00033813415211625397
        ],
        [
            0.9996551275253296,
            0.00034482195042073727
        ],
        [
            0.9996346235275269,
            0.00036532696685753763
        ],
        [
            0.9998352527618408,
            0.0001647415483603254
        ],
        [
            0.9997498393058777,
            0.00025018869200721383
        ],
        [
            0.9996198415756226,
            0.00038008883711881936
        ],
        [
            0.9998568296432495,
            0.00014315485896077007
        ],
        [
            0.9996161460876465,
            0.0003838232660200447
        ],
        [
            0.9997325539588928,
            0.00026748867821879685
        ],
        [
            0.9999892711639404,
            1.0754064533102792e-05
        ],
        [
            0.9999520778656006,
            4.7973004257073626e-05
        ],
        [
            0.9997004270553589,
            0.00029954523779451847
        ],
        [
            0.9996286630630493,
            0.0003712590259965509
        ],
        [
            0.999690055847168,
            0.00031000940361991525
        ],
        [
            0.9996795654296875,
            0.0003205014218110591
        ],
        [
            0.9995953440666199,
            0.0004046419635415077
        ],
        [
            0.9996936321258545,
            0.00030634732684120536
        ],
        [
            0.9996705055236816,
            0.0003294635098427534
        ],
        [
            0.9995191097259521,
            0.0004809496458619833
        ],
        [
            0.9994825124740601,
            0.000517454871442169
        ],
        [
            0.9994879961013794,
            0.0005120069836266339
        ],
        [
            0.9995715022087097,
            0.00042855230276472867
        ],
        [
            0.9997047781944275,
