{
    "initial_probs": [
        1.5442743460880592e-05,
        0.9999845027923584
    ],
    "initial_logits": [
        -5.16155481338501,
        5.916800498962402
    ],
    "transition_probs": [
        [
            0.0010241498239338398,
            0.9989758729934692
        ],
        [
            0.13143335282802582,
            0.868566632270813
        ]
    ],
    "transition_logits": [
        [
            -2.73542857170105,
            4.147439002990723
        ],
        [
            -0.2767908573150635,
            1.6115535497665405
        ]
    ],
    "posterior_probs": [
        [
            2.7578937533689896e-06,
            0.9999972581863403
        ],
        [
            0.022166475653648376,
            0.9778335094451904
        ],
        [
            0.03309965133666992,
            0.9669003486633301
        ],
        [
            0.032327622175216675,
            0.9676724076271057
        ],
        [
            0.028006689622998238,
            0.9719932675361633
        ],
        [
            0.026341259479522705,
            0.9736586809158325
        ],
        [
            0.1120675578713417,
            0.8879323601722717
        ],
        [
            0.10397017002105713,
            0.8960298299789429
        ],
        [
            0.0221535786986351,
            0.9778463840484619
        ],
        [
            0.031304921954870224,
            0.9686951041221619
        ],
        [
            0.02594270184636116,
            0.9740573167800903
        ],
        [
            0.09166122227907181,
            0.9083388447761536
        ],
        [
            0.023403896018862724,
            0.9765961170196533
        ],
        [
            0.023140301927924156,
            0.9768597483634949
        ],
        [
            0.031623438000679016,
            0.9683765172958374
        ],
        [
            0.03180430456995964,
            0.9681956768035889
        ],
        [
            0.027986343950033188,
            0.9720136523246765
        ],
        [
            0.17111311852931976,
            0.828886866569519
        ],
        [
            0.00020899165247101337,
            0.9997909665107727
        ],
        [
            0.9999998807907104,
            1.666032147795704e-07
        ],
        [
            0.0004937630728818476,
            0.9995062351226807
        ],
        [
            0.03898707777261734,
            0.9610129594802856
        ],
        [
            0.027958547696471214,
            0.9720414876937866
        ],
        [
            0.026816964149475098,
            0.9731830358505249
        ],
        [
            0.04077761992812157,
            0.9592223763465881
        ],
        [
            0.03370808809995651,
            0.9662919044494629
        ],
        [
            0.02393527328968048,
            0.9760647416114807
        ],
        [
            0.0768590047955513,
            0.9231410026550293
        ],
        [
            0.036177996546030045,
            0.9638219475746155
        ],
        [
            0.026672789826989174,
            0.9733272194862366
        ],
        [
            0.0689634308218956,
            0.9310365915298462
        ],
        [
            0.04560030251741409,
            0.9543996453285217
        ],
        [
            0.02086643874645233,
            0.9791335463523865
        ],
        [
            0.14692102372646332,
            0.8530789613723755
        ],
        [
            0.027137387543916702,
            0.9728626012802124
        ],
        [
            0.04653637856245041,
            0.953463613986969
        ],
        [
            0.031355854123830795,
            0.9686440825462341
        ],
        [
            0.11387797445058823,
            0.8861220479011536
        ],
        [
            0.3382820188999176,
            0.66171795129776
        ],
        [
            0.023659491911530495,
            0.9763404726982117
        ],
        [
            0.0007438616012223065,
            0.9992560744285583
        ],
        [
            0.9890138506889343,
            0.010986112989485264
        ],
        [
            0.0007205962901934981,
            0.9992794394493103
        ],
        [
            0.4111810624599457,
            0.5888189673423767
        ],
        [
            0.0550021156668663,
            0.9449978470802307
        ],
        [
            0.02256987988948822,
            0.9774301052093506
        ],
        [
            0.036412835121154785,
            0.9635871052742004
        ],
        [
            0.028689637780189514,
            0.9713103175163269
        ],
        [
            0.04125114530324936,
            0.9587488770484924
        ],
        [
            0.00040038739098235965,
            0.9995996356010437
        ],
        [
            0.9918829202651978,
            0.008117088116705418
        ],
        [
            0.0024464919697493315,
            0.9975535273551941
        ],
        [
            0.24922733008861542,
            0.7507726550102234
        ],
        [
            0.04858056455850601,
            0.9514194130897522
        ],
        [
            0.043818749487400055,
            0.9561812877655029
        ],
        [
            0.05007525533437729,
            0.9499247670173645
        ],
        [
            0.06499110907316208,
            0.9350088834762573
        ],
        [
            0.019427485764026642,
            0.9805725812911987
        ],
        [
            0.13633325695991516,
            0.8636667132377625
        ],
        [
            0.13431750237941742,
            0.8656824827194214
        ],
        [
            0.024212025105953217,
            0.9757879376411438
        ],
        [
            0.028002120554447174,
            0.971997857093811
        ],
        [
            0.02592959627509117,
            0.9740704298019409
        ],
        [
            0.1253662258386612,
            0.8746337294578552
        ],
        [
            0.05091435834765434,
            0.9490855932235718
        ],
        [
            0.23325031995773315,
            0.7667496800422668
        ],
        [
            0.13849273324012756,
            0.86150723695755
        ],
        [
            0.01911974512040615,
            0.9808803200721741
        ],
        [
            0.032979726791381836,
            0.9670202732086182
        ],
        [
            0.045370422303676605,
            0.9546296000480652
        ],
        [
            0.08203191310167313,
            0.9179680943489075
        ],
        [
            0.7068200707435608,
            0.2931799292564392
        ],
        [
            0.09620312601327896,
            0.903796911239624
        ],
        [
            0.030141791328787804,
            0.9698581695556641
        ],
        [
            0.05763648822903633,
            0.9423635005950928
        ],
        [
            0.10756777971982956,
            0.8924322724342346
        ],
        [
            0.025845326483249664,
            0.9741547107696533
        ],
        [
            0.22420670092105865,
            0.7757933139801025
        ],
        [
            0.053032755851745605,
            0.9469672441482544
        ],
        [
            0.14829371869564056,
            0.851706326007843
        ],
        [
            0.1203790158033371,
            0.8796209096908569
        ],
        [
            0.023052850738167763,
            0.9769470691680908
        ],
        [
            0.0015809445176273584,
            0.9984190464019775
        ],
        [
            0.9929805994033813,
            0.007019342388957739
        ],
        [
            0.0003708798612933606,
            0.9996291399002075
        ],
        [
            0.025761708617210388,
            0.9742383360862732
        ],
        [
            0.01589159108698368,
