{
    "initial_probs": [
        0.9999697208404541,
        3.0324901672429405e-05
    ],
    "initial_logits": [
        5.642700672149658,
        -4.760810852050781
    ],
    "transition_probs": [
        [
            0.8125000596046448,
            0.1874999850988388
        ],
        [
            0.017241373658180237,
            0.9827587008476257
        ]
    ],
    "transition_logits": [
        [
            0.9491472244262695,
            -0.5171899199485779
        ],
        [
            -1.3989485502243042,
            2.6441032886505127
        ]
    ],
    "posterior_probs": [
        [
            1.0,
            0.0
        ],
        [
            1.0,
            0.0
        ],
        [
            1.0,
            0.0
        ],
        [
            1.0,
            3.512349088013983e-18
        ],
        [
            1.0,
            0.0
        ],
        [
            1.0,
            0.0
        ],
        [
            1.0,
            0.0
        ],
        [
            1.0,
            4.857907669321207e-31
        ],
        [
            1.0,
            1.865847245442795e-36
        ],
        [
            1.0,
            6.5403400868057035e-18
        ],
        [
            1.232324138566998e-12,
            1.0
        ],
        [
            1.3537325557408386e-12,
            1.0
        ],
        [
            1.0,
            0.0
        ],
        [
            1.0,
            1.879104380904774e-36
        ],
        [
            1.0,
            5.17525632961863e-18
        ],
        [
            1.0,
            0.0
        ],
        [
            1.0,
            0.0
        ],
        [
            1.6579192445992375e-12,
            1.0
        ],
        [
            6.363668323712676e-15,
            1.0
        ],
        [
            4.690986199473984e-15,
            1.0
        ],
        [
            6.341954634109812e-15,
            1.0
        ],
        [
            5.125849949979026e-15,
            1.0
        ],
        [
            5.730877537389774e-15,
            1.0
        ],
        [
            3.0491312040759012e-15,
            1.0
        ],
        [
            5.38826329813725e-15,
            1.0
        ],
        [
            1.4825852727434882e-15,
            1.0
        ],
        [
            4.5144450515084006e-15,
            1.0
        ],
        [
            2.8917088602792686e-15,
            1.0
        ],
        [
            4.423346234514727e-15,
            1.0
        ],
        [
            6.050427493005037e-15,
            1.0
        ],
        [
            4.45327995535422e-15,
            1.0
        ],
        [
            6.227667337272986e-16,
            1.0
        ],
        [
            4.58931683481505e-15,
            1.0
        ],
        [
            1.9798130945395493e-15,
            1.0
        ],
        [
            4.109445565141177e-15,
            1.0
        ],
        [
            3.599460950703433e-16,
            1.0
        ],
        [
            2.8657926167086024e-15,
            1.0
        ],
        [
            2.3326476333336435e-15,
            1.0
        ],
        [
            1.5775777943165714e-15,
            1.0
        ],
        [
            1.0865710060016195e-15,
            1.0
        ],
        [
            3.083755581619052e-15,
            1.0
        ],
        [
            3.0290980278403897e-15,
            1.0
        ],
        [
            1.0997147338815197e-15,
            1.0
        ],
        [
            3.137005154881141e-15,
            1.0
        ],
        [
            2.7660326760710167e-15,
            1.0
        ],
        [
            4.9299333468614745e-15,
            1.0
        ],
        [
            1.2368576266132266e-15,
            1.0
        ],
        [
            6.82430305163793e-15,
            1.0
        ],
        [
            6.211134207054648e-15,
            1.0
        ],
        [
            3.386842816629717e-15,
            1.0
        ],
        [
            1.2953456751376097e-15,
            1.0
        ],
        [
            2.980771410067743e-15,
            1.0
        ],
        [
            1.9357222767778844e-15,
            1.0
        ],
        [
            3.190687138462803e-15,
            1.0
        ],
        [
            4.0714967950382895e-15,
            1.0
        ],
        [
            1.0225161510687628e-15,
            1.0
        ],
        [
            1.686410093093961e-15,
            1.0
        ],
        [
            4.42159160576449e-15,
            1.0
        ],
        [
            5.372664339380615e-15,
            1.0
        ],
        [
            1.4661624685665298e-15,
            1.0
        ],
        [
            1.8687376407595935e-15,
            1.0
        ],
        [
            1.2059588176094554e-15,
            1.0
        ],
        [
            5.428535479614456e-15,
            1.0
        ],
        [
            4.2541501327512596e-15,
            1.0
        ],
        [
            1.3101435789541588e-17,
            1.0
        ],
        [
            5.755239051985755e-15,
            1.0
        ],
        [
            5.0123081480149025e-15,
            1.0
        ],
        [
            2.849223805227361e-15,
            1.0
        ],
        [
            3.3663369960096378e-15,
            1.0
        ],
        [
            5.774062665172587e-15,
            1.0
        ],
        [
            2.8462689307908644e-15,
            1.0
        ],
        [
            7.272220426893109e-16,
            1.0
        ],
        [
            1.49462372850634e-15,
            1.0
        ],
        [
            4.621940097020313e-16,
            1.0
        ],
        [
            4.111452609709696e-15,
            1.0
        ],
        [
            1.1139385875878467e-16,
            1.0
        ],
        [
            5.463770779670814e-15,
            1.0
        ],
        [
            2.2309354935108735e-16,
            1.0
        ],
        [
            3.8082783420637e-15,
            1.0
        ],
        [
            1.05073304200329e-15,
            1.0
        ],
        [
            1.7070757911828347e-16,
            1.0
        ],
        [
            3.2101551948299856e-18,
            1.0
        ],
        [
            4.861061521436701e-15,
            1.0
        ],
        [
            2.4181049991403667e-15,
            1.0
        ],
        [
            6.765825591025388e-15,
            1.0
        ],
        [
            5.7959542316943745e-15,
            1.0
        ],
        [
            4.501925057515035e-15,
            1.0
        ],
        [
            2.0254645705065303e-15,
            1.0
        ],
        [
            1.854364762194109e-15,
            1.0
        ],
        [
            2.4642181080636013e-15,
            1.0
        ],
        [
            1.0919786125676567e-12,
            1.0
        ],
        [
            1.0,
            0.0
        ],
        [
            1.1164081811787518e-12,
            1.0
        ],
        [
            2.2033899820661637e-15,
            1.0
        ],
        [
            5.362526413793165e-16,
            1.0
        ],
        [
            1.5640169556497077e-16,
            1.0
        ],
        [
            2.4818783214973798e-15,
            1.0
        ],
        [
            2.841148828382949e-15,
            1.0
        ],
        [
            3.872975142091457e-15,
            1.0
        ],
        [
            4.934749999716036e-15,
            1.0
        ],
        [
            6.217392509985436e-15,
            1.0
        ],
        [
            4.740636306226715e-15,
            1.0
        ],
        [
            1.4982314535869328e-15,
            1.0
        ],
        [
            1.9207168763590377e-15,
            1.0
        ],
        [
            2.11897933722401e-15,
