{
    "initial_probs": [
        0.9996341466903687,
        0.0003658201021607965
    ],
    "initial_logits": [
        4.487773895263672,
        -3.4252288341522217
    ],
    "transition_probs": [
        [
            0.9503445029258728,
            0.04965551942586899
        ],
        [
            0.06266724318265915,
            0.9373327493667603
        ]
    ],
    "transition_logits": [
        [
            2.0445873737335205,
            -0.9071275591850281
        ],
        [
            -0.743260383605957,
            1.9619390964508057
        ]
    ],
    "posterior_probs": [
        [
            0.9999121427536011,
            8.77918500918895e-05
        ],
        [
            0.9999910593032837,
            8.89221701072529e-06
        ],
        [
            0.9999849796295166,
            1.5070554582052864e-05
        ],
        [
            0.9999998807907104,
            9.990164073769847e-08
        ],
        [
            0.9999967813491821,
            3.1711194878880633e-06
        ],
        [
            0.9935089945793152,
            0.006491024512797594
        ],
        [
            0.9862874150276184,
            0.013712571933865547
        ],
        [
            0.9747971296310425,
            0.02520282194018364
        ],
        [
            0.9854072332382202,
            0.014592833817005157
        ],
        [
            0.895515501499176,
            0.1044844537973404
        ],
        [
            0.860691487789154,
            0.13930854201316833
        ],
        [
            0.8917447328567505,
            0.10825521498918533
        ],
        [
            0.998943030834198,
            0.0010569255100563169
        ],
        [
            0.9991881251335144,
            0.0008118837722577155
        ],
        [
            0.9826821088790894,
            0.01731792464852333
        ],
        [
            0.3146820068359375,
            0.6853179931640625
        ],
        [
            0.05694179609417915,
            0.94305819272995
        ],
        [
            0.021618559956550598,
            0.9783813953399658
        ],
        [
            0.0007203546119853854,
            0.9992796778678894
        ],
        [
            0.003724085632711649,
            0.9962759017944336
        ],
        [
            0.08508003503084183,
            0.914919912815094
        ],
        [
            0.9988259673118591,
            0.0011740284971892834
        ],
        [
            0.4276730716228485,
            0.5723268985748291
        ],
        [
            0.15251481533050537,
            0.8474851250648499
        ],
        [
            0.018942559137940407,
            0.9810574054718018
        ],
        [
            0.021476687863469124,
            0.9785232543945312
        ],
        [
            0.012262511998414993,
            0.9877375364303589
        ],
        [
            0.004669466987252235,
            0.9953305721282959
        ],
        [
            0.004197264090180397,
            0.9958027005195618
        ],
        [
            0.004446513019502163,
            0.9955534338951111
        ],
        [
            0.007907291874289513,
            0.9920926690101624
        ],
        [
            0.008694401942193508,
            0.9913055300712585
        ],
        [
            0.004677416756749153,
            0.9953226447105408
        ],
        [
            0.007637488190084696,
            0.9923624992370605
        ],
        [
            0.058693889528512955,
            0.9413061738014221
        ],
        [
            0.16550880670547485,
            0.8344912528991699
        ],
        [
            0.6227031350135803,
            0.3772968649864197
        ],
        [
            0.9997773766517639,
            0.00022267800522968173
        ],
        [
            0.9964630007743835,
            0.0035370104014873505
        ],
        [
            0.9999985694885254,
            1.4100799035077216e-06
        ],
        [
            0.9999638795852661,
            3.615327659645118e-05
        ],
        [
            0.8176973462104797,
            0.18230266869068146
        ],
        [
            0.2616580128669739,
            0.7383420467376709
        ],
        [
            0.10320929437875748,
            0.8967906832695007
        ],
        [
            0.00566369341686368,
            0.9943363070487976
        ],
        [
            1.6716087714030436e-07,
            0.9999998807907104
        ],
        [
            0.0002680114994291216,
            0.9997319579124451
        ],
        [
            1.5810467175469967e-06,
            0.9999984502792358
        ],
        [
            1.4860339092592767e-07,
            0.9999998807907104
        ],
        [
            0.0006105105858296156,
            0.9993895292282104
        ],
        [
            6.595342227910805e-08,
            0.9999998807907104
        ],
        [
            0.0002311229327460751,
            0.9997689127922058
        ],
        [
            7.766619819449261e-05,
            0.9999222755432129
        ],
        [
            2.581866986872683e-08,
            1.0
        ],
        [
            0.00029867832199670374,
            0.9997013211250305
        ],
        [
            1.643196083023213e-05,
            0.999983549118042
        ],
        [
            0.00011236699356231838,
            0.9998875856399536
        ],
        [
            1.0376071259088349e-05,
            0.9999896287918091
        ],
        [
            5.446265276987106e-06,
            0.9999945163726807
        ],
        [
            2.0741765183629468e-05,
            0.9999792575836182
        ],
        [
            0.0007210579351522028,
            0.9992789626121521
        ],
        [
            8.862553357857905e-08,
            0.9999998807907104
        ],
        [
            1.4876467028732132e-12,
            1.0
        ],
        [
            7.485764945158735e-05,
            0.9999251365661621
        ],
        [
            0.0002623563923407346,
            0.9997376799583435
        ],
        [
            2.5700906007841695e-06,
            0.9999973773956299
        ],
        [
            1.2103141955321917e-07,
            0.9999998807907104
        ],
        [
            3.492889663903043e-05,
            0.9999650716781616
        ],
        [
            1.9384690403967397e-06,
            0.9999980926513672
        ],
        [
            3.436746192164719e-05,
            0.9999656677246094
        ],
        [
            7.867704994168889e-07,
            0.9999991655349731
        ],
        [
            0.00022761689615435898,
            0.9997723698616028
        ],
        [
            0.0004136150819249451,
            0.9995864033699036
        ],
        [
            0.00014362520596478134,
            0.9998563528060913
        ],
        [
            5.294728543958627e-05,
            0.9999470710754395
        ],
        [
            3.5218033644923707e-06,
            0.9999964237213135
        ],
        [
            2.1113126422278583e-05,
            0.9999788999557495
        ],
        [
            0.00011350421118550003,
            0.9998865127563477
        ],
        [
            6.954493159128106e-08,
            0.9999998807907104
        ],
        [
            1.616166628082283e-05,
            0.9999837875366211
        ],
        [
            0.015258821658790112,
            0.9847411513328552
        ],
        [
            0.22611010074615479,
            0.77388995885849
        ],
        [
            1.0,
            0.0
        ],
        [
            1.0,
            7.910827814934586e-17
        ],
        [
            1.0,
            0.0
        ],
        [
            1.0,
            0.0
        ],
        [
            1.0,
            0.0
        ],
        [
            1.0,
            0.0
