{
    "initial_probs": [
        7.798503065714613e-05,
        0.9999220371246338
    ],
    "initial_logits": [
        -4.50325870513916,
        4.9556565284729
    ],
    "transition_probs": [
        [
            0.01638619415462017,
            0.9836138486862183
        ],
        [
            0.00011365528916940093,
            0.9998862743377686
        ]
    ],
    "transition_logits": [
        [
            -1.590566635131836,
            2.504227638244629
        ],
        [
            -3.9695188999176025,
            5.112707614898682
        ]
    ],
    "posterior_probs": [
        [
            2.0922152543789707e-05,
            0.9999790191650391
        ],
        [
            2.9651160730281845e-05,
            0.9999703168869019
        ],
        [
            4.1750263335416093e-05,
            0.9999582767486572
        ],
        [
            4.4085856643505394e-05,
            0.9999558925628662
        ],
        [
            0.0001900460192700848,
            0.9998099207878113
        ],
        [
            3.4605563996592537e-05,
            0.9999654293060303
        ],
        [
            3.981110785389319e-05,
            0.99996018409729
        ],
        [
            4.222143616061658e-05,
            0.999957799911499
        ],
        [
            3.126267620245926e-05,
            0.9999687671661377
        ],
        [
            5.262712875264697e-05,
            0.9999474287033081
        ],
        [
            5.227419751463458e-05,
            0.9999476671218872
        ],
        [
            3.862546873278916e-05,
            0.9999613761901855
        ],
        [
            4.6573422878282145e-05,
            0.9999533891677856
        ],
        [
            0.00011182740854565054,
            0.9998881816864014
        ],
        [
            3.6061541322851554e-05,
            0.9999638795852661
        ],
        [
            6.793123611714691e-05,
            0.999932050704956
        ],
        [
            0.00018953501421492547,
            0.999810516834259
        ],
        [
            0.0002026696311077103,
            0.9997974038124084
        ],
        [
            3.542564081726596e-05,
            0.9999645948410034
        ],
        [
            9.489309013588354e-05,
            0.9999051094055176
        ],
        [
            4.34139947174117e-05,
            0.9999566078186035
        ],
        [
            6.957973528187722e-05,
            0.9999303817749023
        ],
        [
            0.00023583139409311116,
            0.9997641444206238
        ],
        [
            6.284993287408724e-05,
            0.9999371767044067
        ],
        [
            6.708251748932526e-05,
            0.9999328851699829
        ],
        [
            5.462666740640998e-05,
            0.9999454021453857
        ],
        [
            8.140311547322199e-05,
            0.9999185800552368
        ],
        [
            4.501848525251262e-05,
            0.9999549388885498
        ],
        [
            3.0197925298125483e-05,
            0.9999698400497437
        ],
        [
            4.333391188993119e-05,
            0.9999566078186035
        ],
        [
            0.00025695181102491915,
            0.9997430443763733
        ],
        [
            3.437532723182812e-05,
            0.9999656677246094
        ],
        [
            3.522002953104675e-05,
            0.9999648332595825
        ],
        [
            3.1753275834489614e-05,
            0.9999682903289795
        ],
        [
            4.441771670826711e-05,
            0.9999555349349976
        ],
        [
            8.984959276858717e-05,
            0.9999101161956787
        ],
        [
            0.00026974035426974297,
            0.9997302889823914
        ],
        [
            3.518618905218318e-05,
            0.9999648332595825
        ],
        [
            7.642720447620377e-05,
            0.999923586845398
        ],
        [
            3.648271376732737e-05,
            0.9999635219573975
        ],
        [
            0.00019316344696562737,
            0.999806821346283
        ],
        [
            3.647993071353994e-05,
            0.9999635219573975
        ],
        [
            0.00015417978283949196,
            0.9998457431793213
        ],
        [
            0.00010444633517181501,
            0.9998955726623535
        ],
        [
            3.8248075725277886e-05,
            0.9999617338180542
        ],
        [
            8.898396481527016e-05,
            0.9999109506607056
        ],
        [
            0.0001725330512272194,
            0.9998273849487305
        ],
        [
            4.858736429014243e-05,
            0.9999513626098633
        ],
        [
            7.329459913307801e-05,
            0.9999266862869263
        ],
        [
            0.00012318389781285077,
            0.999876856803894
        ],
        [
            3.828018452622928e-05,
            0.9999617338180542
        ],
        [
            5.0622311391634867e-05,
            0.9999493360519409
        ],
        [
            5.601596421911381e-05,
            0.9999439716339111
        ],
        [
            0.00020940495596732944,
            0.999790608882904
        ],
        [
            0.00010498073970666155,
            0.9998949766159058
        ],
        [
            0.00018533880938775837,
            0.9998146891593933
        ],
        [
            4.318210994824767e-05,
            0.9999568462371826
        ],
        [
            0.00013843600754626095,
            0.9998615980148315
        ],
        [
            4.63158285128884e-05,
            0.9999536275863647
        ],
        [
            4.052418080391362e-05,
            0.9999594688415527
        ],
        [
            6.35097676422447e-05,
            0.9999364614486694
        ],
        [
            4.556163912639022e-05,
            0.9999544620513916
        ],
        [
            0.0001715213293209672,
            0.9998284578323364
        ],
        [
            3.274370828876272e-05,
            0.9999672174453735
        ],
        [
            0.0001114339756895788,
            0.99988853931427
        ],
        [
            4.826447548111901e-05,
            0.9999517202377319
        ],
        [
            0.00018910464132204652,
            0.9998108744621277
        ],
        [
            4.522295785136521e-05,
            0.9999548196792603
        ],
        [
            3.9131176890805364e-05,
            0.9999608993530273
        ],
        [
            3.487803041934967e-05,
            0.9999650716781616
        ],
        [
            0.00020246718486305326,
            0.999797523021698
        ],
        [
            0.00012927815259899944,
            0.9998706579208374
        ],
        [
            4.390461617731489e-05,
            0.9999561309814453
        ],
        [
            7.038054172880948e-05,
            0.999929666519165
        ],
        [
            3.6290617572376505e-05,
            0.9999637603759766
        ],
        [
            4.281307337805629e-05,
            0.9999572038650513
        ],
        [
            8.483757119392976e-05,
            0.9999151229858398
        ],
        [
            5.547374894376844e-05,
            0.9999445676803589
        ],
        [
            9.860435966402292e-05,
            0.9999014139175415
        ],
        [
            6.293581827776507e-05,
            0.9999370574951172
        ],
        [
            4.061021900270134e-05,
            0.9999593496322632
        ],
        [
            0.0001458154438296333,
            0.9998542070388794
        ],
        [
            8.536994573660195e-05,
            0.9999146461486816
        ],
        [
            8.240847091656178e-05,
            0.9999176263809204
        ],
        [
            7.198846287792549e-05,
            0.9999279975891113
