{
    "initial_probs": [
        0.00045316453906707466,
        0.9995468258857727
    ],
    "initial_logits": [
        -3.4754157066345215,
        4.223386287689209
    ],
    "transition_probs": [
        [
            0.009596417658030987,
            0.9904035329818726
        ],
        [
            0.001974651822820306,
            0.9980254173278809
        ]
    ],
    "transition_logits": [
        [
            -2.126110553741455,
            2.5106120109558105
        ],
        [
            -2.1978044509887695,
            4.027582168579102
        ]
    ],
    "posterior_probs": [
        [
            8.319363405462354e-05,
            0.9999167919158936
        ],
        [
            0.018254980444908142,
            0.9817450642585754
        ],
        [
            0.0006661129300482571,
            0.999333918094635
        ],
        [
            0.0040368735790252686,
            0.9959631562232971
        ],
        [
            0.0017827936680987477,
            0.9982171654701233
        ],
        [
            0.001295630936510861,
            0.9987043142318726
        ],
        [
            0.0005220364546403289,
            0.9994780421257019
        ],
        [
            0.0016248967731371522,
            0.9983750581741333
        ],
        [
            0.0003128644893877208,
            0.9996871948242188
        ],
        [
            0.015882523730397224,
            0.9841175079345703
        ],
        [
            0.0006657879566773772,
            0.9993341565132141
        ],
        [
            0.00039423652924597263,
            0.9996058344841003
        ],
        [
            0.00041548663284629583,
            0.9995844960212708
        ],
        [
            0.0058381748385727406,
            0.9941617846488953
        ],
        [
            0.00037752347998321056,
            0.9996224641799927
        ],
        [
            0.00028773059602826834,
            0.9997122883796692
        ],
        [
            0.0007313109817914665,
            0.9992687106132507
        ],
        [
            0.0009070322848856449,
            0.9990929365158081
        ],
        [
            0.00027841294649988413,
            0.9997215867042542
        ],
        [
            0.0005929305916652083,
            0.9994070529937744
        ],
        [
            0.0003682754759211093,
            0.9996317625045776
        ],
        [
            0.012569529004395008,
            0.9874304533004761
        ],
        [
            0.0003059270675294101,
            0.9996941089630127
        ],
        [
            0.000445997022325173,
            0.9995539784431458
        ],
        [
            0.03578580543398857,
            0.9642142653465271
        ],
        [
            0.0005189249059185386,
            0.9994811415672302
        ],
        [
            0.0011935312068089843,
            0.9988064765930176
        ],
        [
            0.0006349700270220637,
            0.9993650317192078
        ],
        [
            0.0007725750328972936,
            0.9992274045944214
        ],
        [
            0.0006926506757736206,
            0.99930739402771
        ],
        [
            0.002023939276114106,
            0.9979761242866516
        ],
        [
            0.0004962317179888487,
            0.9995037317276001
        ],
        [
            0.00040892299148254097,
            0.999591052532196
        ],
        [
            0.00032954898779280484,
            0.9996705055236816
        ],
        [
            0.0003195007739122957,
            0.9996805191040039
        ],
        [
            0.0006263723480515182,
            0.9993736147880554
        ],
        [
            0.00030028639594092965,
            0.9996997117996216
        ],
        [
            0.0003399545093998313,
            0.9996600151062012
        ],
        [
            0.0018522130558267236,
            0.9981478452682495
        ],
        [
            0.00037418692954815924,
            0.9996258020401001
        ],
        [
            0.00028756383107975125,
            0.9997124075889587
        ],
        [
            0.00039034720975905657,
            0.999609649181366
        ],
        [
            0.0003162809880450368,
            0.9996837377548218
        ],
        [
            0.0004197799426037818,
            0.9995802044868469
        ],
        [
            0.0002833574253600091,
            0.999716579914093
        ],
        [
            0.0002918326645158231,
            0.9997081160545349
        ],
        [
            0.00041029747808352113,
            0.999589741230011
        ],
        [
            0.0003033433749806136,
            0.9996967315673828
        ],
        [
            0.0004559702065307647,
            0.9995439648628235
        ],
        [
            0.00035104178823530674,
            0.999648928642273
        ],
        [
            0.00032088786247186363,
            0.9996790885925293
        ],
        [
            0.0002918860991485417,
            0.9997081160545349
        ],
        [
            0.0003339616523589939,
            0.9996660947799683
        ],
        [
            0.0011875797063112259,
            0.9988124370574951
        ],
        [
            0.0002825459523592144,
            0.9997174143791199
        ],
        [
            0.0010559431975707412,
            0.998944103717804
        ],
        [
            0.0002966079337056726,
            0.9997033476829529
        ],
        [
            0.00029026984702795744,
            0.9997096657752991
        ],
        [
            0.0017730987165123224,
            0.9982269406318665
        ],
        [
            0.00042859147652052343,
            0.9995713829994202
        ],
        [
            0.0024786521680653095,
            0.9975213408470154
        ],
        [
            0.002075245836749673,
            0.9979246854782104
        ],
        [
            0.00048689084360376,
            0.9995131492614746
        ],
        [
            0.0005102452705614269,
            0.9994897842407227
        ],
        [
            0.002796583343297243,
            0.9972034692764282
        ],
        [
            0.014154470525681973,
            0.9858455657958984
        ],
        [
            0.002331310883164406,
            0.9976686835289001
        ],
        [
            0.01828782446682453,
            0.9817122220993042
        ],
        [
            0.0012413952499628067,
            0.9987585544586182
        ],
        [
            0.0013297961559146643,
            0.998670220375061
        ],
        [
            0.009368586353957653,
            0.9906313419342041
        ],
        [
            0.006259836256504059,
            0.9937402009963989
        ],
        [
            0.001762167434208095,
            0.9982378482818604
        ],
        [
            0.00042791219311766326,
            0.9995720982551575
        ],
        [
            0.0009166795643977821,
            0.9990832805633545
        ],
        [
            0.012858735397458076,
            0.9871412515640259
        ],
        [
            0.0004562206449918449,
            0.9995437264442444
        ],
        [
            0.0009196189930662513,
            0.9990804195404053
        ],
        [
            0.00028976553585380316,
            0.9997102618217468
        ],
        [
            0.0005188931827433407,
            0.9994811415672302
        ],
        [
            0.0005223072366788983,
            0.9994776844978333
        ],
        [
            0.0019854747224599123,
            0.9980144500732422
        ],
        [
            0.0005708204116672277,
            0.9994291663169861
        ],
        [
            0.000433958979556337,
            0.9995660185813904
        ],
        [
            0.0009616260649636388,
            0.9990384578704834
        ],
        [
