{
    "initial_probs": [
        0.9999948740005493,
        5.119882189319469e-06
    ],
    "initial_logits": [
        6.606882572174072,
        -5.575491428375244
    ],
    "transition_probs": [
        [
            0.9329218864440918,
            0.0670781284570694
        ],
        [
            0.9999654293060303,
            3.457013735896908e-05
        ]
    ],
    "transition_logits": [
        [
            2.124594211578369,
            -0.5078693628311157
        ],
        [
            5.685586452484131,
            -4.586899280548096
        ]
    ],
    "posterior_probs": [
        [
            1.0,
            1.713435504591132e-10
        ],
        [
            0.05860627070069313,
            0.9413937330245972
        ],
        [
            0.9999580383300781,
            4.192229243926704e-05
        ],
        [
            0.9999183416366577,
            8.170548971975222e-05
        ],
        [
            0.9998877048492432,
            0.00011224704940104857
        ],
        [
            0.9999486207962036,
            5.136692197993398e-05
        ],
        [
            0.9999619722366333,
            3.8076013879617676e-05
        ],
        [
            0.9972199201583862,
            0.0027800786774605513
        ],
        [
            0.9999972581863403,
            2.70537657343084e-06
        ],
        [
            0.0876089483499527,
            0.9123910069465637
        ],
        [
            0.9999871253967285,
            1.2883478120784275e-05
        ],
        [
            0.9998747110366821,
            0.00012528779916465282
        ],
        [
            0.9999808073043823,
            1.9239898392697796e-05
        ],
        [
            0.48839396238327026,
            0.5116060376167297
        ],
        [
            0.9999486207962036,
            5.138024425832555e-05
        ],
        [
            0.9999569654464722,
            4.308568895794451e-05
        ],
        [
            0.9998356103897095,
            0.00016441511979792267
        ],
        [
            0.999961256980896,
            3.878966163028963e-05
        ],
        [
            0.9999675750732422,
            3.2441846997244284e-05
        ],
        [
            0.9997194409370422,
            0.00028048892272636294
        ],
        [
            0.9999977350234985,
            2.2766621441405732e-06
        ],
        [
            0.13611063361167908,
            0.8638893961906433
        ],
        [
            0.999994158744812,
            5.833099748997483e-06
        ],
        [
            0.9999980926513672,
            1.9054186850553378e-06
        ],
        [
            0.05413619056344032,
            0.9458638429641724
        ],
        [
            0.9999866485595703,
            1.3397508155321702e-05
        ],
        [
            0.9946098327636719,
            0.0053901709616184235
        ],
        [
            0.999072790145874,
            0.0009271499002352357
        ],
        [
            0.9995806813240051,
            0.00041931919986382127
        ],
        [
            0.9990479350090027,
            0.0009520865278318524
        ],
        [
            0.9920092821121216,
            0.00799067784100771
        ],
        [
            0.9996694326400757,
            0.0003305507998447865
        ],
        [
            0.9999527931213379,
            4.7207668103510514e-05
        ],
        [
            0.999923825263977,
            7.615250069648027e-05
        ],
        [
            0.9999682903289795,
            3.166425085510127e-05
        ],
        [
            0.9998847246170044,
            0.00011522636486915872
        ],
        [
            0.9999781847000122,
            2.1823238057550043e-05
        ],
        [
            0.9999281167984009,
            7.183429261203855e-05
        ],
        [
            0.9618889093399048,
            0.03811109438538551
        ],
        [
            0.9999693632125854,
            3.06203801301308e-05
        ],
        [
            0.9999666213989258,
            3.333757194923237e-05
        ],
        [
            0.9999845027923584,
            1.5549650925095193e-05
        ],
        [
            0.9999479055404663,
            5.2128048992017284e-05
        ],
        [
            0.9997910857200623,
            0.00020893747569061816
        ],
        [
            0.9999593496322632,
            4.063067171955481e-05
        ],
        [
            0.9999734163284302,
            2.6543950298218988e-05
        ],
        [
            0.9999493360519409,
            5.0652448408072814e-05
        ],
        [
            0.9999791383743286,
            2.0864610632997938e-05
        ],
        [
            0.9997313618659973,
            0.00026858857017941773
        ],
        [
            0.9999442100524902,
            5.579205753747374e-05
        ],
        [
            0.9999786615371704,
            2.129300446540583e-05
        ],
        [
            0.9999752044677734,
            2.4775348720140755e-05
        ],
        [
            0.9999704360961914,
            2.957525066449307e-05
        ],
        [
            0.9991313815116882,
            0.0008685857756063342
        ],
        [
            0.999976634979248,
            2.341788240300957e-05
        ],
        [
            0.9994077682495117,
            0.0005922438576817513
        ],
        [
            0.9999719858169556,
            2.8011158065055497e-05
        ],
        [
            0.999964714050293,
            3.5343309718882665e-05
        ],
        [
            0.9761388301849365,
            0.023861238732933998
        ],
        [
            0.9999592304229736,
            4.07504994655028e-05
        ],
        [
            0.9974669218063354,
            0.0025330381467938423
        ],
        [
            0.9611687660217285,
            0.03883130103349686
        ],
        [
            0.999940037727356,
            5.999487984809093e-05
        ],
        [
            0.999962329864502,
            3.768759415834211e-05
        ],
        [
            0.9994356036186218,
            0.0005644148332066834
        ],
        [
            0.15169812738895416,
            0.848301887512207
        ],
        [
            0.9999680519104004,
            3.1939871405484155e-05
        ],
        [
            0.10065463930368423,
            0.8993453979492188
        ],
        [
            0.9999276399612427,
            7.2392140282318e-05
        ],
        [
            0.9998775720596313,
            0.00012235972099006176
        ],
        [
            0.20509962737560272,
            0.7949004173278809
        ],
        [
            0.9656351804733276,
            0.034364763647317886
        ],
        [
            0.9827283024787903,
            0.01727176271378994
        ],
        [
            0.9999650716781616,
            3.492516407277435e-05
        ],
        [
            0.9999881982803345,
            1.1841332707263064e-05
        ],
        [
            0.2939615547657013,
            0.7060384750366211
        ],
        [
            0.9999817609786987,
            1.8261907825944945e-05
        ],
        [
            0.9999574422836304,
            4.2612995457602665e-05
        ],
        [
            0.9999688863754272,
            3.1162897357717156e-05
        ],
        [
            0.999929666519165,
            7.027752144495025e-05
        ],
        [
            0.9995965361595154,
            0.0004035079327877611
        ],
        [
            0.9999368190765381,
            6.321057298919186e-05
        ],
        [
            0.999810516834259,
            0.00018947283388115466
        ],
        [
            0.9999268054962158,
            7.323871250264347e-05
        ],
        [
            0.9954249262809753,
            0.004575115162879229
        ],
        [
