{
    "initial_probs": [
        1.0135885531781241e-05,
        0.9999898672103882
    ],
    "initial_logits": [
        -5.675168514251709,
        5.824249267578125
    ],
    "transition_probs": [
        [
            0.9262248277664185,
            0.07377514243125916
        ],
        [
            0.04167281836271286,
            0.9583272337913513
        ]
    ],
    "transition_logits": [
        [
            2.0096023082733154,
            -0.520492672920227
        ],
        [
            -1.2611149549484253,
            1.8742252588272095
        ]
    ],
    "posterior_probs": [
        [
            4.2213170559080027e-07,
            0.9999995231628418
        ],
        [
            0.0035977025981992483,
            0.9964022636413574
        ],
        [
            0.009653763845562935,
            0.9903462529182434
        ],
        [
            0.03230280801653862,
            0.9676972031593323
        ],
        [
            0.048495300114154816,
            0.9515047073364258
        ],
        [
            0.1286422610282898,
            0.8713577389717102
        ],
        [
            0.30728980898857117,
            0.6927101612091064
        ],
        [
            0.9999915361404419,
            8.504004654241726e-06
        ],
        [
            0.9993289709091187,
            0.0006710728630423546
        ],
        [
            0.9999994039535522,
            5.949378305558639e-07
        ],
        [
            0.9902815818786621,
            0.009718458168208599
        ],
        [
            0.9996556043624878,
            0.0003444434842094779
        ],
        [
            1.0,
            8.734030165769013e-11
        ],
        [
            0.9741629958152771,
            0.025837069377303123
        ],
        [
            0.9659806489944458,
            0.0340193510055542
        ],
        [
            0.9479621648788452,
            0.05203782394528389
        ],
        [
            0.9281436800956726,
            0.07185635715723038
        ],
        [
            0.9487839937210083,
            0.051216039806604385
        ],
        [
            0.9777898788452148,
            0.022210175171494484
        ],
        [
            0.9849545955657959,
            0.0150454705581069
        ],
        [
            0.9992722868919373,
            0.0007277570548467338
        ],
        [
            0.9841762781143188,
            0.015823721885681152
        ],
        [
            0.9994776844978333,
            0.0005223072366788983
        ],
        [
            0.9965510368347168,
            0.0034489543177187443
        ],
        [
            0.9758993983268738,
            0.024100519716739655
        ],
        [
            0.9858382344245911,
            0.014161709696054459
        ],
        [
            0.9999983310699463,
            1.659516215113399e-06
        ],
        [
            0.9999998807907104,
            7.523157563582572e-08
        ],
        [
            0.9997097849845886,
            0.0002901923726312816
        ],
        [
            0.9992483258247375,
            0.0007516486220993102
        ],
        [
            0.9999982118606567,
            1.8154188410335337e-06
        ],
        [
            0.9984560012817383,
            0.0015440138522535563
        ],
        [
            0.9999450445175171,
            5.490618059411645e-05
        ],
        [
            0.8630105257034302,
            0.13698947429656982
        ],
        [
            0.8149760365486145,
            0.18502390384674072
        ],
        [
            0.7499008178710938,
            0.25009915232658386
        ],
        [
            0.7422086000442505,
            0.25779134035110474
        ],
        [
            0.7751650214195251,
            0.22483502328395844
        ],
        [
            0.8245822787284851,
            0.17541775107383728
        ],
        [
            0.4269225001335144,
            0.5730774402618408
        ],
        [
            0.3182583451271057,
            0.6817417144775391
        ],
        [
            0.262909859418869,
            0.7370901703834534
        ],
        [
            0.27768105268478394,
            0.7223189473152161
        ],
        [
            0.37192583084106445,
            0.6280742287635803
        ],
        [
            0.4671114683151245,
            0.5328885316848755
        ],
        [
            0.5146270990371704,
            0.4853729009628296
        ],
        [
            0.5367340445518494,
            0.46326589584350586
        ],
        [
            0.5506979823112488,
            0.4493020176887512
        ],
        [
            0.25411832332611084,
            0.7458816766738892
        ],
        [
            0.16254407167434692,
            0.8374559879302979
        ],
        [
            0.13681188225746155,
            0.8631880879402161
        ],
        [
            0.13378702104091644,
            0.8662130236625671
        ],
        [
            0.03453555703163147,
            0.9654644727706909
        ],
        [
            0.011556156910955906,
            0.988443911075592
        ],
        [
            0.007600454613566399,
            0.9923995137214661
        ],
        [
            0.012695329263806343,
            0.9873046278953552
        ],
        [
            0.004301270470023155,
            0.9956986904144287
        ],
        [
            0.0027980944141745567,
            0.9972019195556641
        ],
        [
            0.00291914283297956,
            0.9970808625221252
        ],
        [
            0.0024761445820331573,
            0.997523844242096
        ],
        [
            0.004231812432408333,
            0.9957681894302368
        ],
        [
            0.0029105176217854023,
            0.9970895648002625
        ],
        [
            0.00519258389249444,
            0.9948074221611023
        ],
        [
            0.0071397931315004826,
            0.9928601384162903
        ],
        [
            0.003998377360403538,
            0.996001660823822
        ],
        [
            0.004192674998193979,
            0.9958072900772095
        ],
        [
            0.003709141630679369,
            0.996290922164917
        ],
        [
            0.004069364629685879,
            0.9959306120872498
        ],
        [
            0.002046859124675393,
            0.9979530572891235
        ],
        [
            0.0017858105711638927,
            0.9982142448425293
        ],
        [
            0.0018662012880668044,
            0.9981338381767273
        ],
        [
            0.0030940219294279814,
            0.9969059824943542
        ],
        [
            0.002104217652231455,
            0.9978957176208496
        ],
        [
            0.003033044748008251,
            0.9969670176506042
        ],
        [
            0.006455597933381796,
            0.9935444593429565
        ],
        [
            0.013448890298604965,
            0.9865511655807495
        ],
        [
            0.03174351528286934,
            0.9682564735412598
        ],
        [
            0.10486628115177155,
            0.8951337337493896
        ],
        [
            0.2812575399875641,
            0.7187424898147583
        ],
        [
            0.6503944396972656,
            0.34960559010505676
        ],
        [
            0.9691300988197327,
            0.030869904905557632
        ],
        [
            0.99983811378479,
            0.0001618418173165992
        ],
        [
            0.9793790578842163,
            0.020620955154299736
        ],
        [
            0.9923018217086792,
            0.007698152679949999
        ],
        [
            0.9993987083435059,
            0.0006013170932419598
        ],
        [
            0.45091092586517334,
            0.5490891337394714
        ],
        [
