{
    "initial_probs": [
        0.9999074935913086,
        9.245162073057145e-05
    ],
    "initial_logits": [
        5.553707122802734,
        -3.73502516746521
    ],
    "transition_probs": [
        [
            0.9795473217964172,
            0.020452680066227913
        ],
        [
            0.9996516704559326,
            0.00034829796641133726
        ]
    ],
    "transition_logits": [
        [
            2.356818199157715,
            -1.5121582746505737
        ],
        [
            4.677134037017822,
            -3.2849698066711426
        ]
    ],
    "posterior_probs": [
        [
            1.0,
            3.900058942463147e-09
        ],
        [
            0.9999990463256836,
            9.419857747161586e-07
        ],
        [
            0.9999865293502808,
            1.3446249795379117e-05
        ],
        [
            0.9999967813491821,
            3.172910282955854e-06
        ],
        [
            1.0,
            1.6894158294533668e-09
        ],
        [
            0.005482071544975042,
            0.994517982006073
        ],
        [
            1.0,
            2.0345243711972216e-08
        ],
        [
            0.9996217489242554,
            0.00037826126208528876
        ],
        [
            0.9999991655349731,
            8.697334692442382e-07
        ],
        [
            0.9999998807907104,
            1.0057462418444629e-07
        ],
        [
            0.9999996423721313,
            3.7024057064627414e-07
        ],
        [
            0.9999997615814209,
            1.918264018740956e-07
        ],
        [
            0.9999992847442627,
            7.159694632719038e-07
        ],
        [
            0.9604435563087463,
            0.039556439965963364
        ],
        [
            0.9999991655349731,
            8.175378525265842e-07
        ],
        [
            0.9999998807907104,
            9.846092297038922e-08
        ],
        [
            0.9999998807907104,
            9.792751853865411e-08
        ],
        [
            0.9999996423721313,
            3.111179864845326e-07
        ],
        [
            0.9999992847442627,
            7.471990102203563e-07
        ],
        [
            0.9999983310699463,
            1.7150579196822946e-06
        ],
        [
            0.9999991655349731,
            8.562756761421042e-07
        ],
        [
            0.9999974966049194,
            2.5460856249992503e-06
        ],
        [
            0.999947190284729,
            5.285365477902815e-05
        ],
        [
            0.9999959468841553,
            4.066640940436628e-06
        ],
        [
            0.9999845027923584,
            1.5535184502368793e-05
        ],
        [
            0.999998927116394,
            1.0737152251749649e-06
        ],
        [
            0.9999991655349731,
            8.586044941694126e-07
        ],
        [
            0.9999992847442627,
            7.482943260583852e-07
        ],
        [
            0.9999973773956299,
            2.5852334601950133e-06
        ],
        [
            0.9999998807907104,
            1.1732915083939588e-07
        ],
        [
            0.9999995231628418,
            4.288839932087285e-07
        ],
        [
            0.9999969005584717,
            3.090814743700321e-06
        ],
        [
            0.9999969005584717,
            3.0948733638069825e-06
        ],
        [
            0.9999992847442627,
            7.299347544176271e-07
        ],
        [
            0.9998929500579834,
            0.00010698657570173964
        ],
        [
            0.9999867677688599,
            1.3247891729406547e-05
        ],
        [
            0.9999998807907104,
            1.0525665317118182e-07
        ],
        [
            0.9999997615814209,
            2.4368566187149554e-07
        ],
        [
            0.9976900815963745,
            0.00230990257114172
        ],
        [
            0.9999980926513672,
            1.9085032363364007e-06
        ],
        [
            0.9999997615814209,
            1.8147353841868608e-07
        ],
        [
            1.0,
            6.994577833596693e-11
        ],
        [
            0.9999986886978149,
            1.2559130482259206e-06
        ],
        [
            0.9999998807907104,
            1.6504709776654636e-07
        ],
        [
            0.9999951124191284,
            4.850816821999615e-06
        ],
        [
            1.0,
            5.008980963339127e-08
        ],
        [
            0.9990830421447754,
            0.0009169871336780488
        ],
        [
            1.0,
            1.9433720410688693e-08
        ],
        [
            0.9999951124191284,
            4.87470924781519e-06
        ],
        [
            0.9998970031738281,
            0.00010295121319359168
        ],
        [
            0.9999966621398926,
            3.3271096526732435e-06
        ],
        [
            0.9999988079071045,
            1.1550257568160305e-06
        ],
        [
            0.9999995231628418,
            5.284387043502647e-07
        ],
        [
            0.9999980926513672,
            1.940333277161699e-06
        ],
        [
            0.9999994039535522,
            5.904881845708587e-07
        ],
        [
            0.9999980926513672,
            1.8592359083413612e-06
        ],
        [
            0.999996542930603,
            3.4930640140373725e-06
        ],
        [
            0.9999998807907104,
            8.61390034856413e-08
        ],
        [
            0.9999998807907104,
            9.42363485023634e-08
        ],
        [
            0.9999991655349731,
            8.421775419265032e-07
        ],
        [
            0.9999996423721313,
            3.0875338552505127e-07
        ],
        [
            0.9999995231628418,
            4.210638167023717e-07
        ],
        [
            0.9999998807907104,
            8.219441127721439e-08
        ],
        [
            0.9984863996505737,
            0.001513583934865892
        ],
        [
            0.9999990463256836,
            9.199962960337871e-07
        ],
        [
            0.9999935626983643,
            6.448673957493156e-06
        ],
        [
            0.9999997615814209,
            2.63511168441255e-07
        ],
        [
            0.9999984502792358,
            1.5813845948287053e-06
        ],
        [
            1.0,
            5.017854931566035e-08
        ],
        [
            0.13223415613174438,
            0.8677658438682556
        ],
        [
            1.0,
            1.3287879241374867e-08
        ],
        [
            0.9135030508041382,
            0.08649694174528122
        ],
        [
            0.9999992847442627,
            7.49139758227102e-07
        ],
        [
            0.9999997615814209,
            1.9057770828112552e-07
        ],
        [
            0.9999996423721313,
            3.948413223042735e-07
        ],
        [
            0.9999996423721313,
            3.455447767919395e-07
        ],
        [
            0.9999996423721313,
            3.8217979181354167e-07
        ],
        [
            0.9999998807907104,
            7.861736861514146e-08
        ],
        [
            0.9999997615814209,
            2.123130258269157e-07
        ],
        [
            0.9999977350234985,
            2.2783303847973002e-06
        ],
        [
            0.9999994039535522,
            5.777961291641986e-07
        ],
        [
            0.9999998807907104,
            1.761426773327912e-07
        ],
        [
            0.9999988079071045,
            1.2020267377010896e-06
        ],
        [
            0.9999970197677612,
            3.0111193609627662e-06
        ],
        [
            0.9999997615814209,
            2.953347291168029e-07
        ],
        [
            0.9999997615814209,
            2.870355331197061e-07
        ],
        [
