{
    "initial_probs": [
        0.999247670173645,
        0.000752357067540288
    ],
    "initial_logits": [
        3.981259346008301,
        -3.210287570953369
    ],
    "transition_probs": [
        [
            0.861813485622406,
            0.138186514377594
        ],
        [
            0.06949654221534729,
            0.9305034875869751
        ]
    ],
    "transition_logits": [
        [
            1.469599723815918,
            -0.36083486676216125
        ],
        [
            -0.4536390006542206,
            2.1408097743988037
        ]
    ],
    "posterior_probs": [
        [
            0.999984622001648,
            1.5412115317303687e-05
        ],
        [
            0.9959255456924438,
            0.004074417520314455
        ],
        [
            0.9221467971801758,
            0.07785319536924362
        ],
        [
            0.8281657099723816,
            0.17183434963226318
        ],
        [
            3.3999558498098896e-30,
            1.0
        ],
        [
            0.004354099277406931,
            0.9956458210945129
        ],
        [
            4.638399615830576e-32,
            1.0
        ],
        [
            3.263471775068542e-32,
            1.0
        ],
        [
            3.200155241229438e-32,
            1.0
        ],
        [
            4.157707649684695e-32,
            1.0
        ],
        [
            8.381197726482931e-32,
            1.0
        ],
        [
            3.852974551292639e-32,
            1.0
        ],
        [
            2.018583114415659e-31,
            1.0
        ],
        [
            0.06121533736586571,
            0.938784658908844
        ],
        [
            1.633690237405578e-29,
            1.0
        ],
        [
            0.9120025634765625,
            0.0879974439740181
        ],
        [
            0.9898444414138794,
            0.010155555792152882
        ],
        [
            0.9994134902954102,
            0.0005865716957487166
        ],
        [
            0.9998337030410767,
            0.00016623569536022842
        ],
        [
            0.9997333884239197,
            0.00026665249606594443
        ],
        [
            0.9991162419319153,
            0.0008837778004817665
        ],
        [
            0.9997885823249817,
            0.00021137806470505893
        ],
        [
            0.9991686344146729,
            0.0008314371225424111
        ],
        [
            0.9986222982406616,
            0.00137770373839885
        ],
        [
            0.9991347193717957,
            0.0008652687538415194
        ],
        [
            0.9992432594299316,
            0.0007567739230580628
        ],
        [
            0.9989245533943176,
            0.0010753629030659795
        ],
        [
            0.9989136457443237,
            0.0010863769566640258
        ],
        [
            0.9982091188430786,
            0.0017909450689330697
        ],
        [
            0.9999508857727051,
            4.9165653763338923e-05
        ],
        [
            1.0,
            2.78834177969145e-09
        ],
        [
            1.0,
            1.1939473409938728e-08
        ],
        [
            0.999995231628418,
            4.757565420732135e-06
        ],
        [
            1.0,
            3.503348011690832e-08
        ],
        [
            0.9999942779541016,
            5.716940449929098e-06
        ],
        [
            0.9967141151428223,
            0.003285939572378993
        ],
        [
            0.9961317777633667,
            0.003868273925036192
        ],
        [
            0.9474383592605591,
            0.052561648190021515
        ],
        [
            0.19337844848632812,
            0.8066216111183167
        ],
        [
            6.926691680581953e-31,
            1.0
        ],
        [
            4.003984433071024e-32,
            1.0
        ],
        [
            3.5231934315260864e-32,
            1.0
        ],
        [
            4.2075198105479647e-32,
            1.0
        ],
        [
            0.00372582720592618,
            0.9962742328643799
        ],
        [
            1.234180224685133e-08,
            1.0
        ],
        [
            0.0011497709201648831,
            0.9988502264022827
        ],
        [
            0.7819231152534485,
            0.21807686984539032
        ],
        [
            0.8759740591049194,
            0.12402597814798355
        ],
        [
            0.3317156732082367,
            0.6682843565940857
        ],
        [
            0.020392926409840584,
            0.979607105255127
        ],
        [
            0.024091282859444618,
            0.9759087562561035
        ],
        [
            2.356272034376161e-06,
            0.999997615814209
        ],
        [
            4.191052310187295e-32,
            1.0
        ],
        [
            2.5501905604224917e-31,
            1.0
        ],
        [
            0.05940455198287964,
            0.9405953884124756
        ],
        [
            0.837574303150177,
            0.1624257117509842
        ],
        [
            0.9777306318283081,
            0.02226940169930458
        ],
        [
            0.9641128182411194,
            0.035887159407138824
        ],
        [
            1.504665148749718e-28,
            1.0
        ],
        [
            4.475675368608958e-30,
            1.0
        ],
        [
            0.9640121459960938,
            0.03598787263035774
        ],
        [
            0.9999246597290039,
            7.535125769209117e-05
        ],
        [
            0.9999984502792358,
            1.5325375670727226e-06
        ],
        [
            0.9999998807907104,
            1.489632239781713e-07
        ],
        [
            0.9999992847442627,
            6.682383286715776e-07
        ],
        [
            0.9989594221115112,
            0.0010406040819361806
        ],
        [
            0.9999984502792358,
            1.5651207831979264e-06
        ],
        [
            0.9999997615814209,
            2.2851142489344056e-07
        ],
        [
            0.9983394145965576,
            0.0016606190474703908
        ],
        [
            6.185600684060844e-29,
            1.0
        ],
        [
            1.1911147260068617e-28,
            1.0
        ],
        [
            3.543221798148984e-32,
            1.0
        ],
        [
            6.822588772398554e-29,
            1.0
        ],
        [
            0.7388251423835754,
            0.26117485761642456
        ],
        [
            0.8346408009529114,
            0.16535921394824982
        ],
        [
            0.023104457184672356,
            0.9768955707550049
        ],
        [
            0.002442603465169668,
            0.9975574016571045
        ],
        [
            1.3857369696168576e-09,
            1.0
        ],
        [
            3.772804954945796e-32,
            1.0
        ],
        [
            3.344790417143314e-32,
            1.0
        ],
        [
            3.333708150277349e-32,
            1.0
        ],
        [
            1.832347051866634e-09,
            1.0
        ],
        [
            6.644048648354702e-32,
            1.0
        ],
        [
            1.062352549357902e-30,
            1.0
        ],
        [
            9.086466712859059e-32,
            1.0
        ],
        [
            1.1710326444643064e-31,
            1.0
        ],
        [
            0.0002321335196029395,
            0.9997678399085999
        ],
        [
            3.224762158348789e-32,
            1.0
        ],
        [
            3.2692534440330615e-32,
            1.0
        ],
        [
            4.717270584793348e-32,
            1.0
        ],
        [
            4.3228043618897466e-32,
            1.0
        ],
        [
            3.8547386744396355e-32,
            1.0
        ],
        [
