{
    "initial_probs": [
        0.9998003840446472,
        0.00019959453493356705
    ],
    "initial_logits": [
        4.869121074676514,
        -3.649902105331421
    ],
    "transition_probs": [
        [
            0.9910513162612915,
            0.008948749862611294
        ],
        [
            0.5005683898925781,
            0.49943163990974426
        ]
    ],
    "transition_logits": [
        [
            2.654402494430542,
            -2.0528502464294434
        ],
        [
            0.3237462639808655,
            0.32147276401519775
        ]
    ],
    "posterior_probs": [
        [
            1.0,
            6.323201406921442e-10
        ],
        [
            1.0,
            3.042647023221434e-08
        ],
        [
            0.9999997615814209,
            2.178592097834553e-07
        ],
        [
            0.9999998807907104,
            1.143073262710459e-07
        ],
        [
            0.9999861717224121,
            1.378339857183164e-05
        ],
        [
            0.9999991655349731,
            7.930622132334975e-07
        ],
        [
            0.9999992847442627,
            6.89287389832316e-07
        ],
        [
            0.9999995231628418,
            4.6464788283628877e-07
        ],
        [
            0.9999997615814209,
            2.7183028805666254e-07
        ],
        [
            0.9999954700469971,
            4.573780188366072e-06
        ],
        [
            0.9999946355819702,
            5.411722213466419e-06
        ],
        [
            0.9999722242355347,
            2.7828826205222867e-05
        ],
        [
            0.9999996423721313,
            3.5721055269277713e-07
        ],
        [
            0.9999997615814209,
            1.9765003855809482e-07
        ],
        [
            0.9999998807907104,
            1.7852927669537166e-07
        ],
        [
            0.9999998807907104,
            9.891871144418474e-08
        ],
        [
            0.9999996423721313,
            3.1696393421043467e-07
        ],
        [
            0.9999995231628418,
            4.7552154569530103e-07
        ],
        [
            0.9999998807907104,
            8.594600586775414e-08
        ],
        [
            0.9999996423721313,
            3.866671249852516e-07
        ],
        [
            0.9999971389770508,
            2.8153363018645905e-06
        ],
        [
            0.9999974966049194,
            2.4970686354208738e-06
        ],
        [
            0.9999997615814209,
            2.8593831302714534e-07
        ],
        [
            0.9999996423721313,
            3.4930334891214443e-07
        ],
        [
            0.9999997615814209,
            1.963065301424649e-07
        ],
        [
            0.9999988079071045,
            1.2022835562675027e-06
        ],
        [
            0.9999996423721313,
            3.72859773278833e-07
        ],
        [
            0.9999628067016602,
            3.718777225003578e-05
        ],
        [
            0.9999997615814209,
            1.8689159730911342e-07
        ],
        [
            0.9999991655349731,
            8.72831151355058e-07
        ],
        [
            0.9999990463256836,
            9.682021300250199e-07
        ],
        [
            0.9999992847442627,
            6.712684239573719e-07
        ],
        [
            0.9999995231628418,
            4.71274177016312e-07
        ],
        [
            0.9999998807907104,
            1.067528216935898e-07
        ],
        [
            0.9999997615814209,
            2.332798914039813e-07
        ],
        [
            0.9999998807907104,
            6.435978150420851e-08
        ],
        [
            0.9999959468841553,
            4.0448571780871134e-06
        ],
        [
            0.9999957084655762,
            4.26193219027482e-06
        ],
        [
            0.9999793767929077,
            2.0624995158868842e-05
        ],
        [
            0.9999996423721313,
            3.4271974413968564e-07
        ],
        [
            0.9999994039535522,
            6.205850695550907e-07
        ],
        [
            0.9999985694885254,
            1.4703958868267364e-06
        ],
        [
            0.9999996423721313,
            3.073713799039979e-07
        ],
        [
            0.9999995231628418,
            4.695084783179482e-07
        ],
        [
            0.9999759197235107,
            2.407952160865534e-05
        ],
        [
            0.9999988079071045,
            1.1414474556659115e-06
        ],
        [
            0.9999998807907104,
            1.498008970202136e-07
        ],
        [
            0.9999980926513672,
            1.9293802324682474e-06
        ],
        [
            0.9999998807907104,
            7.144770819422774e-08
        ],
        [
            0.9999995231628418,
            4.2744667894112354e-07
        ],
        [
            0.9999998807907104,
            1.5099422512321325e-07
        ],
        [
            0.9999983310699463,
            1.7169955981444218e-06
        ],
        [
            0.9998049139976501,
            0.00019504826923366636
        ],
        [
            1.0,
            3.039723495135149e-08
        ],
        [
            0.9999891519546509,
            1.089860870706616e-05
        ],
        [
            0.9999951124191284,
            4.845860075874953e-06
        ],
        [
            0.9999992847442627,
            6.991812711021339e-07
        ],
        [
            0.9999997615814209,
            2.888192511818488e-07
        ],
        [
            0.9999949932098389,
            4.988100954506081e-06
        ],
        [
            0.9999949932098389,
            4.9682748795021325e-06
        ],
        [
            0.9999997615814209,
            2.1762332380603766e-07
        ],
        [
            0.9999997615814209,
            2.3725380060568568e-07
        ],
        [
            1.0,
            2.162800605276516e-08
        ],
        [
            0.9999998807907104,
            1.260084161458508e-07
        ],
        [
            0.9999998807907104,
            7.993831729891099e-08
        ],
        [
            0.9999822378158569,
            1.7714104615151882e-05
        ],
        [
            0.999998927116394,
            1.0298438155587064e-06
        ],
        [
            0.9999996423721313,
            3.970041007050895e-07
        ],
        [
            0.9999973773956299,
            2.6400066417409107e-06
        ],
        [
            0.9999992847442627,
            7.709999181315652e-07
        ],
        [
            0.9999997615814209,
            1.9400764017518668e-07
        ],
        [
            0.9999991655349731,
            8.806572964203951e-07
        ],
        [
            0.9994303584098816,
            0.0005696116131730378
        ],
        [
            0.9999997615814209,
            2.5933871938832453e-07
        ],
        [
            0.9999996423721313,
            3.048305359243386e-07
        ],
        [
            0.9999914169311523,
            8.624950169178192e-06
        ],
        [
            0.9999921321868896,
            7.881923011154868e-06
        ],
        [
            1.0,
            1.4629552680389679e-08
        ],
        [
            1.0,
            5.894911581094675e-08
        ],
        [
            0.9999934434890747,
            6.578370630450081e-06
        ],
        [
            0.9999986886978149,
            1.2574661241160356e-06
        ],
        [
            0.999998927116394,
            1.0970998118864372e-06
        ],
        [
            0.9999966621398926,
            3.2963353078230284e-06
        ],
        [
            4.476645219888113e-24,
            1.0
        ],
        [
            1.3082961304174891e-24,
            1.0
        ],
        [
            0.9997522234916687,
            0.00024776169448159635
        ],
