{
    "initial_probs": [
        0.9999909400939941,
        9.103296179091558e-06
    ],
    "initial_logits": [
        5.809879779815674,
        -5.796985149383545
    ],
    "transition_probs": [
        [
            0.8477577567100525,
            0.1522422581911087
        ],
        [
            0.6815071702003479,
            0.3184927701950073
        ]
    ],
    "transition_logits": [
        [
            1.0130497217178345,
            -0.7040720582008362
        ],
        [
            1.102230191230774,
            0.3415232300758362
        ]
    ],
    "posterior_probs": [
        [
            0.9999996423721313,
            3.732411641976796e-07
        ],
        [
            0.9923809170722961,
            0.0076190936379134655
        ],
        [
            0.987405002117157,
            0.012594930827617645
        ],
        [
            0.9829807281494141,
            0.017019260674715042
        ],
        [
            0.990362286567688,
            0.00963772926479578
        ],
        [
            0.9893962740898132,
            0.010603775270283222
        ],
        [
            0.8072369694709778,
            0.1927630454301834
        ],
        [
            0.07581326365470886,
            0.9241867065429688
        ],
        [
            0.9703167676925659,
            0.029683196917176247
        ],
        [
            0.9901158213615417,
            0.009884128347039223
        ],
        [
            0.9809803366661072,
            0.019019627943634987
        ],
        [
            0.9734049439430237,
            0.026595057919621468
        ],
        [
            0.9794188737869263,
            0.020581085234880447
        ],
        [
            0.0005784729146398604,
            0.9994215965270996
        ],
        [
            0.0008511510095559061,
            0.9991488456726074
        ],
        [
            0.3516562581062317,
            0.6483436822891235
        ],
        [
            0.8288760781288147,
            0.1711239516735077
        ],
        [
            0.0008462020196020603,
            0.9991538524627686
        ],
        [
            0.9582096338272095,
            0.04179037734866142
        ],
        [
            0.9710288047790527,
            0.02897118404507637
        ],
        [
            0.9705267548561096,
            0.02947329916059971
        ],
        [
            0.0018718801438808441,
            0.9981281161308289
        ],
        [
            0.9775084257125854,
            0.022491581737995148
        ],
        [
            0.9784709811210632,
            0.021529020741581917
        ],
        [
            7.564568704765406e-08,
            0.9999998807907104
        ],
        [
            0.9769818186759949,
            0.023018255829811096
        ],
        [
            0.9746553301811218,
            0.02534463070333004
        ],
        [
            0.9534223079681396,
            0.04657769575715065
        ],
        [
            0.0003047637874260545,
            0.9996953010559082
        ],
        [
            0.8546900153160095,
            0.14530996978282928
        ],
        [
            0.9822967648506165,
            0.01770327426493168
        ],
        [
            0.9832446575164795,
            0.01675535924732685
        ],
        [
            0.9815607666969299,
            0.018439173698425293
        ],
        [
            0.9878668785095215,
            0.012133125215768814
        ],
        [
            0.9794085621833801,
            0.02059147134423256
        ],
        [
            2.2475476271210937e-06,
            0.9999977350234985
        ],
        [
            0.008287074975669384,
            0.9917129278182983
        ],
        [
            0.9650313258171082,
            0.03496870398521423
        ],
        [
            0.956723690032959,
            0.04327631741762161
        ],
        [
            0.9696286916732788,
            0.03037124313414097
        ],
        [
            0.990841269493103,
            0.009158671833574772
        ],
        [
            0.9901317358016968,
            0.009868275374174118
        ],
        [
            0.8936394453048706,
            0.10636056214570999
        ],
        [
            0.9845772385597229,
            0.015422696247696877
        ],
        [
            0.5888448357582092,
            0.41115522384643555
        ],
        [
            0.9764794707298279,
            0.023520488291978836
        ],
        [
            0.8637475371360779,
            0.13625243306159973
        ],
        [
            0.00011707375233527273,
            0.9998829364776611
        ],
        [
            0.6372212767601013,
            0.3627786934375763
        ],
        [
            0.9884093999862671,
            0.011590542271733284
        ],
        [
            0.9910844564437866,
            0.008915621787309647
        ],
        [
            0.9892902970314026,
            0.010709751397371292
        ],
        [
            0.9859778881072998,
            0.01402211282402277
        ],
        [
            0.7680543065071106,
            0.2319456785917282
        ],
        [
            0.9882424473762512,
            0.01175752468407154
        ],
        [
            0.9516010880470276,
            0.048398930579423904
        ],
        [
            0.9847301840782166,
            0.015269830822944641
        ],
        [
            0.9917098879814148,
            0.008290116675198078
        ],
        [
            0.9912804961204529,
            0.00871952436864376
        ],
        [
            0.9913012385368347,
            0.008698809891939163
        ],
        [
            0.9883345365524292,
            0.011665423400700092
        ],
        [
            0.9908267855644226,
            0.0091732582077384
        ],
        [
            0.9907099008560181,
            0.009290071204304695
        ],
        [
            0.9913305044174194,
            0.008669484406709671
        ],
        [
            0.9859944581985474,
            0.014005562290549278
        ],
        [
            0.9736843109130859,
            0.026315638795495033
        ],
        [
            0.9901167750358582,
            0.009883270598948002
        ],
        [
            0.9917784333229065,
            0.008221559226512909
        ],
        [
            0.9851554036140442,
            0.014844592660665512
        ],
        [
            0.9808878898620605,
            0.01911208964884281
        ],
        [
            0.9166783690452576,
            0.08332163840532303
        ],
        [
            1.50265907604552e-26,
            1.0
        ],
        [
            1.785490297834258e-07,
            0.9999998807907104
        ],
        [
            0.9700117111206055,
            0.029988281428813934
        ],
        [
            0.9917294383049011,
            0.008270537480711937
        ],
        [
            0.991166889667511,
            0.008833116851747036
        ],
        [
            0.9908338189125061,
            0.009166257455945015
        ],
        [
            0.939145028591156,
            0.060854941606521606
        ],
        [
            0.9918539524078369,
            0.008146040141582489
        ],
        [
            0.991982638835907,
            0.008017392829060555
        ],
        [
            0.9710031747817993,
            0.028996845707297325
        ],
        [
            0.9789172410964966,
            0.021082714200019836
        ],
        [
            0.9840499758720398,
            0.015950040891766548
        ],
        [
            0.9879835844039917,
            0.012016450986266136
        ],
        [
            0.9866358637809753,
            0.013364123180508614
        ],
        [
            0.9909955859184265,
            0.009004403837025166
        ],
        [
            0.9920267462730408,
