{
    "initial_probs": [
        9.857276018010452e-05,
        0.9999014139175415
    ],
    "initial_logits": [
        -4.115471363067627,
        5.1091461181640625
    ],
    "transition_probs": [
        [
            0.817365288734436,
            0.18263466656208038
        ],
        [
            0.02943800389766693,
            0.9705619812011719
        ]
    ],
    "transition_logits": [
        [
            1.4384372234344482,
            -0.06016111001372337
        ],
        [
            -1.3078500032424927,
            2.1877386569976807
        ]
    ],
    "posterior_probs": [
        [
            2.169767583382054e-07,
            0.9999997615814209
        ],
        [
            0.008966697379946709,
            0.9910332560539246
        ],
        [
            0.00031070056138560176,
            0.9996893405914307
        ],
        [
            3.406309406273067e-05,
            0.9999659061431885
        ],
        [
            3.458682476775721e-05,
            0.9999654293060303
        ],
        [
            0.000156655180035159,
            0.9998433589935303
        ],
        [
            0.00023963567218743265,
            0.9997603297233582
        ],
        [
            0.0003389758931007236,
            0.9996610879898071
        ],
        [
            7.156190986279398e-05,
            0.9999284744262695
        ],
        [
            7.150733290472999e-05,
            0.9999284744262695
        ],
        [
            0.0007333544781431556,
            0.9992666840553284
        ],
        [
            0.01170154195278883,
            0.9882984161376953
        ],
        [
            0.0786733478307724,
            0.9213266372680664
        ],
        [
            0.772667407989502,
            0.22733262181282043
        ],
        [
            0.982573926448822,
            0.0174260176718235
        ],
        [
            0.9827756285667419,
            0.017224431037902832
        ],
        [
            0.9999998807907104,
            6.686438069891665e-08
        ],
        [
            0.9999895095825195,
            1.0467667379998602e-05
        ],
        [
            0.999932050704956,
            6.79359000059776e-05
        ],
        [
            0.9999998807907104,
            7.657387612880484e-08
        ],
        [
            0.9884819984436035,
            0.011518048122525215
        ],
        [
            0.9998877048492432,
            0.00011233443365199491
        ],
        [
            0.9999592304229736,
            4.07803563575726e-05
        ],
        [
            0.9999995231628418,
            5.055493943473266e-07
        ],
        [
            1.0,
            1.2608384558632224e-08
        ],
        [
            1.0,
            8.319657851529882e-09
        ],
        [
            0.006572613026946783,
            0.9934273958206177
        ],
        [
            0.0007829271489754319,
            0.9992170333862305
        ],
        [
            0.000651715265121311,
            0.9993482232093811
        ],
        [
            0.0011427630670368671,
            0.9988572597503662
        ],
        [
            0.0024179110769182444,
            0.9975820779800415
        ],
        [
            0.011274458840489388,
            0.9887256026268005
        ],
        [
            0.00032753433333709836,
            0.999672532081604
        ],
        [
            0.0009346713777631521,
            0.9990653395652771
        ],
        [
            0.005225516855716705,
            0.9947745203971863
        ],
        [
            0.010112830437719822,
            0.9898871779441833
        ],
        [
            0.004079488106071949,
            0.9959205389022827
        ],
        [
            0.0020121997222304344,
            0.9979877471923828
        ],
        [
            0.012002463452517986,
            0.9879975318908691
        ],
        [
            0.009641079232096672,
            0.9903588891029358
        ],
        [
            0.004452258348464966,
            0.9955477714538574
        ],
        [
            0.008809701539576054,
            0.9911903142929077
        ],
        [
            0.2908423840999603,
            0.7091576457023621
        ],
        [
            0.9647048115730286,
            0.035295210778713226
        ],
        [
            0.964813232421875,
            0.035186782479286194
        ],
        [
            0.008783359080553055,
            0.9912166595458984
        ],
        [
            0.00043636164627969265,
            0.9995636343955994
        ],
        [
            0.0001198104364448227,
            0.9998801946640015
        ],
        [
            0.00038745845085941255,
            0.9996126294136047
        ],
        [
            0.0004724147147499025,
            0.9995275735855103
        ],
        [
            0.004996966570615768,
            0.9950030446052551
        ],
        [
            7.218698010547087e-05,
            0.9999277591705322
        ],
        [
            0.0003995271981693804,
            0.9996004700660706
        ],
        [
            0.004310494754463434,
            0.9956894516944885
        ],
        [
            0.0034473813138902187,
            0.996552586555481
        ],
        [
            0.00011438385990913957,
            0.9998855590820312
        ],
        [
            6.591120472876355e-05,
            0.9999340772628784
        ],
        [
            5.2408762712730095e-05,
            0.9999475479125977
        ],
        [
            3.5740271414397284e-05,
            0.9999642372131348
        ],
        [
            0.00048292684368789196,
            0.9995170831680298
        ],
        [
            0.00010785520862555131,
            0.9998921155929565
        ],
        [
            2.959150333481375e-05,
            0.9999704360961914
        ],
        [
            3.6261557397665456e-05,
            0.9999637603759766
        ],
        [
            2.981084617204033e-05,
            0.9999701976776123
        ],
        [
            3.190480128978379e-05,
            0.9999680519104004
        ],
        [
            4.15130089095328e-05,
            0.9999585151672363
        ],
        [
            0.0007797464495524764,
            0.9992202520370483
        ],
        [
            0.02404925413429737,
            0.9759507179260254
        ],
        [
            0.7106345891952515,
            0.2893654406070709
        ],
        [
            0.00756760872900486,
            0.9924323558807373
        ],
        [
            0.00028182280948385596,
            0.9997181296348572
        ],
        [
            0.00021165476937312633,
            0.9997883439064026
        ],
        [
            0.00010395984281785786,
            0.9998960494995117
        ],
        [
            4.1021874494617805e-05,
            0.9999589920043945
        ],
        [
            2.2920841729501262e-05,
            0.9999771118164062
        ],
        [
            7.75643638917245e-05,
            0.9999223947525024
        ],
        [
            9.385064186062664e-05,
            0.9999061822891235
        ],
        [
            0.00018617765454109758,
            0.9998138546943665
        ],
        [
            9.645349200582132e-05,
            0.9999035596847534
        ],
        [
            7.591467874590307e-05,
            0.9999240636825562
        ],
        [
            0.003964702133089304,
            0.9960352778434753
        ],
        [
            0.00020400814537424594,
            0.9997959733009338
        ],
        [
            2.5343520974274725e-05,
            0.9999746084213257
        ],
        [
            3.9216349250636995e-05,
            0.9999607801437378
        ],
        [
            4.6575911255786195e-05,
            0.9999533891677856
        ],
        [
            7.944843673612922e-05,
