{
    "initial_probs": [
        9.256859630113468e-05,
        0.999907374382019
    ],
    "initial_logits": [
        -4.102560997009277,
        5.184906482696533
    ],
    "transition_probs": [
        [
            0.6987749338150024,
            0.30122506618499756
        ],
        [
            0.03518045321106911,
            0.9648195505142212
        ]
    ],
    "transition_logits": [
        [
            0.9392286539077759,
            0.09775765240192413
        ],
        [
            -1.1031421422958374,
            2.208308219909668
        ]
    ],
    "posterior_probs": [
        [
            2.9920661290816497e-06,
            0.9999970197677612
        ],
        [
            0.0018336314242333174,
            0.9981663823127747
        ],
        [
            0.0014661456225439906,
            0.9985338449478149
        ],
        [
            0.0016864303033798933,
            0.9983135461807251
        ],
        [
            0.003925429191440344,
            0.9960745573043823
        ],
        [
            0.014830820262432098,
            0.9851691722869873
        ],
        [
            0.15384690463542938,
            0.8461531400680542
        ],
        [
            0.9951436519622803,
            0.0048563433811068535
        ],
        [
            0.9999997615814209,
            2.645102199494431e-07
        ],
        [
            0.9999996423721313,
            3.5363120787224034e-07
        ],
        [
            1.0,
            4.271614173489979e-08
        ],
        [
            1.0,
            9.477053586337547e-10
        ],
        [
            0.9999990463256836,
            9.738174640006036e-07
        ],
        [
            0.768358588218689,
            0.23164138197898865
        ],
        [
            0.15908263623714447,
            0.8409173488616943
        ],
        [
            0.037128906697034836,
            0.9628710746765137
        ],
        [
            0.05958535149693489,
            0.9404146671295166
        ],
        [
            0.24836324155330658,
            0.7516367435455322
        ],
        [
            0.9683989882469177,
            0.03160101920366287
        ],
        [
            0.724029541015625,
            0.2759703993797302
        ],
        [
            0.0881851315498352,
            0.91181480884552
        ],
        [
            0.01331151183694601,
            0.9866884350776672
        ],
        [
            0.023007534444332123,
            0.9769924879074097
        ],
        [
            0.016570286825299263,
            0.9834296703338623
        ],
        [
            0.0030775226186960936,
            0.9969224333763123
        ],
        [
            0.003365129930898547,
            0.9966349005699158
        ],
        [
            0.008148351684212685,
            0.9918516278266907
        ],
        [
            0.09499993920326233,
            0.9050000905990601
        ],
        [
            0.9883988499641418,
            0.011601211503148079
        ],
        [
            0.23624633252620697,
            0.7637537121772766
        ],
        [
            0.03306255489587784,
            0.9669374823570251
        ],
        [
            0.006010520271956921,
            0.9939894676208496
        ],
        [
            0.014461765065789223,
            0.9855382442474365
        ],
        [
            0.025509776547551155,
            0.9744902849197388
        ],
        [
            0.0035522086545825005,
            0.9964478015899658
        ],
        [
            0.006824369076639414,
            0.9931756854057312
        ],
        [
            0.007718286011368036,
            0.9922817349433899
        ],
        [
            0.008943405002355576,
            0.9910565614700317
        ],
        [
            0.0026324752252548933,
            0.9973675608634949
        ],
        [
            0.0017333627911284566,
            0.9982665777206421
        ],
        [
            0.0037511312402784824,
            0.9962489008903503
        ],
        [
            0.003387928009033203,
            0.996612012386322
        ],
        [
            0.002328615402802825,
            0.9976714253425598
        ],
        [
            0.003255985677242279,
            0.9967440366744995
        ],
        [
            0.0023018289357423782,
            0.9976981282234192
        ],
        [
            0.006897772662341595,
            0.9931021928787231
        ],
        [
            0.022827809676527977,
            0.9771721959114075
        ],
        [
            0.0040837679989635944,
            0.9959161877632141
        ],
        [
            0.0029629471246153116,
            0.9970370531082153
        ],
        [
            0.00317422766238451,
            0.9968258142471313
        ],
        [
            0.00427241763100028,
            0.9957276582717896
        ],
        [
            0.004145290702581406,
            0.9958546757698059
        ],
        [
            0.02783275954425335,
            0.9721673130989075
        ],
        [
            0.13503949344158173,
            0.8649605512619019
        ],
        [
            0.03465557470917702,
            0.9653444886207581
        ],
        [
            0.005109892692416906,
            0.9948900938034058
        ],
        [
            0.00317422766238451,
            0.9968258142471313
        ],
        [
            0.0029836641624569893,
            0.9970163106918335
        ],
        [
            0.005420194007456303,
            0.9945797920227051
        ],
        [
            0.002959523117169738,
            0.9970404505729675
        ],
        [
            0.0035077675711363554,
            0.9964922070503235
        ],
        [
            0.004737324547022581,
            0.995262622833252
        ],
        [
            0.012882774695754051,
            0.9871172308921814
        ],
        [
            0.010969049297273159,
            0.9890308976173401
        ],
        [
            0.002821544650942087,
            0.9971784353256226
        ],
        [
            0.001526599400676787,
            0.9984733462333679
        ],
        [
            0.0024215946905314922,
            0.9975784420967102
        ],
        [
            3.1784759269015694e-09,
            1.0
        ],
        [
            5.549662773773889e-07,
            0.9999994039535522
        ],
        [
            0.0035497252829372883,
            0.9964503049850464
        ],
        [
            0.003740198677405715,
            0.9962598085403442
        ],
        [
            0.003121368819847703,
            0.9968786239624023
        ],
        [
            0.0016094745369628072,
            0.9983905553817749
        ],
        [
            0.0015246471157297492,
            0.9984753727912903
        ],
        [
            0.004797413479536772,
            0.9952025413513184
        ],
        [
            0.03621046990156174,
            0.9637895226478577
        ],
        [
            0.0052215526811778545,
            0.9947785139083862
        ],
        [
            0.004984237253665924,
            0.9950157999992371
        ],
        [
            0.00156136485747993,
            0.9984386563301086
        ],
        [
            0.0013773548416793346,
            0.9986226558685303
        ],
        [
            0.0015081973979249597,
            0.9984917640686035
        ],
        [
            0.0012562781339511275,
            0.9987437129020691
        ],
        [
            0.0017467743018642068,
            0.9982531666755676
        ],
        [
            0.0016527072293683887,
            0.998347282409668
        ],
        [
            0.0012980815954506397,
            0.9987019300460815
        ],
        [
            0.002253287471830845,
            0.9977466464042664
        ],
        [
