{
    "initial_probs": [
        0.9999517202377319,
        4.8227575462078676e-05
    ],
    "initial_logits": [
        5.413940906524658,
        -4.525590419769287
    ],
    "transition_probs": [
        [
            0.9528784155845642,
            0.047121576964855194
        ],
        [
            0.9999282360076904,
            7.180937245720997e-05
        ]
    ],
    "transition_logits": [
        [
            1.8358843326568604,
            -1.1708720922470093
        ],
        [
            4.85778284072876,
            -4.683640480041504
        ]
    ],
    "posterior_probs": [
        [
            0.9999996423721313,
            3.127195782326453e-07
        ],
        [
            0.999667763710022,
            0.00033220622572116554
        ],
        [
            0.9885391592979431,
            0.011460770852863789
        ],
        [
            0.9158923625946045,
            0.08410758525133133
        ],
        [
            0.9998655319213867,
            0.000134440662804991
        ],
        [
            0.9999959468841553,
            4.006557446700754e-06
        ],
        [
            0.013618581928312778,
            0.986381471157074
        ],
        [
            0.9999942779541016,
            5.781131221738178e-06
        ],
        [
            0.9930536150932312,
            0.006946336943656206
        ],
        [
            0.9995697140693665,
            0.00043032076791860163
        ],
        [
            0.9989032745361328,
            0.0010966898407787085
        ],
        [
            0.9999608993530273,
            3.9064063457772136e-05
        ],
        [
            0.06052418425679207,
            0.9394758343696594
        ],
        [
            0.9999328851699829,
            6.712706090183929e-05
        ],
        [
            0.9993333220481873,
            0.000666646403260529
        ],
        [
            0.9996910095214844,
            0.00030906504252925515
        ],
        [
            0.9997183680534363,
            0.00028157999622635543
        ],
        [
            0.9787974953651428,
            0.02120247855782509
        ],
        [
            0.9997764229774475,
            0.00022364484902936965
        ],
        [
            0.9997230172157288,
            0.00027699381462298334
        ],
        [
            0.9998489618301392,
            0.00015102291945368052
        ],
        [
            0.9993630051612854,
            0.0006370260962285101
        ],
        [
            0.9998072981834412,
            0.00019267782045062631
        ],
        [
            0.9998563528060913,
            0.00014357590407598764
        ],
        [
            0.9998219609260559,
            0.00017804690287448466
        ],
        [
            0.9953613877296448,
            0.004638648126274347
        ],
        [
            0.9997547268867493,
            0.000245231029111892
        ],
        [
            0.9998866319656372,
            0.00011338997865095735
        ],
        [
            0.9998340606689453,
            0.00016588908329140395
        ],
        [
            0.9997186064720154,
            0.00028138034394942224
        ],
        [
            0.9997764229774475,
            0.00022361073934007436
        ],
        [
            0.9997556805610657,
            0.00024427520111203194
        ],
        [
            0.9997217059135437,
            0.00027829830651171505
        ],
        [
            0.999765932559967,
            0.00023412691371049732
        ],
        [
            0.999996542930603,
            3.4929839785036165e-06
        ],
        [
            0.007209573406726122,
            0.9927904605865479
        ],
        [
            0.999995231628418,
            4.726929546450265e-06
        ],
        [
            0.9971362352371216,
            0.002863801782950759
        ],
        [
            0.9996193647384644,
            0.0003805761516559869
        ],
        [
            0.9954742789268494,
            0.004525765310972929
        ],
        [
            0.9991815686225891,
            0.0008184209000319242
        ],
        [
            0.9994120597839355,
            0.0005879962118342519
        ],
        [
            0.955761194229126,
            0.04423876851797104
        ],
        [
            0.9999321699142456,
            6.786544690839946e-05
        ],
        [
            0.5832756757736206,
            0.416724294424057
        ],
        [
            0.9896608591079712,
            0.010339075699448586
        ],
        [
            0.9977350234985352,
            0.0022649471648037434
        ],
        [
            0.9986956715583801,
            0.0013043576618656516
        ],
        [
            0.999859094619751,
            0.00014086267037782818
        ],
        [
            0.999885082244873,
            0.00011489195458125323
        ],
        [
            0.9995748400688171,
            0.0004251116479281336
        ],
        [
            0.999634861946106,
            0.0003651319711934775
        ],
        [
            0.9999731779098511,
            2.687774394871667e-05
        ],
        [
            0.20764367282390594,
            0.7923563122749329
        ],
        [
            0.999900221824646,
            9.97323077172041e-05
        ],
        [
            0.9857373237609863,
            0.014262612909078598
        ],
        [
            0.9995025396347046,
            0.0004974782350473106
        ],
        [
            0.9996310472488403,
            0.00036891078343614936
        ],
        [
            0.9998980760574341,
            0.00010192983609158546
        ],
        [
            0.9998098015785217,
            0.0001902650692500174
        ],
        [
            0.7660626173019409,
            0.2339373379945755
        ],
        [
            0.997531533241272,
            0.0024684113450348377
        ],
        [
            0.9998587369918823,
            0.000141242504469119
        ],
        [
            0.9995239973068237,
            0.0004760092415381223
        ],
        [
            0.9996722936630249,
            0.00032770424149930477
        ],
        [
            0.9999023675918579,
            9.764471178641543e-05
        ],
        [
            0.9992533326148987,
            0.0007466342067345977
        ],
        [
            0.9935120940208435,
            0.006487926002591848
        ],
        [
            0.9982788562774658,
            0.0017211023950949311
        ],
        [
            0.9715084433555603,
            0.028491519391536713
        ],
        [
            0.9997087121009827,
            0.0002912278287112713
        ],
        [
            0.9998642206192017,
            0.00013575254706665874
        ],
        [
            0.9996036887168884,
            0.0003963104682043195
        ],
        [
            0.9909772872924805,
            0.009022735059261322
        ],
        [
            0.9993031024932861,
            0.000696829694788903
        ],
        [
            0.9933102130889893,
            0.006689808797091246
        ],
        [
            0.999880313873291,
            0.00011967158934567124
        ],
        [
            0.9998708963394165,
            0.0001290535001317039
        ],
        [
            0.9994968175888062,
            0.0005031590117141604
        ],
        [
            0.6252933740615845,
            0.3747066855430603
        ],
        [
            0.9999023675918579,
            9.758810483617708e-05
        ],
        [
            0.9996613264083862,
            0.0003386787138879299
        ],
        [
            0.999584972858429,
            0.00041506547131575644
        ],
        [
            0.9998226761817932,
            0.00017729336104821414
        ],
        [
            0.9998107552528381,
            0.00018922440358437598
        ],
        [
