{
    "initial_probs": [
        0.9999380111694336,
        6.194141315063462e-05
    ],
    "initial_logits": [
        5.482699394226074,
        -4.206560134887695
    ],
    "transition_probs": [
        [
            0.9999958276748657,
            4.191230345895747e-06
        ],
        [
            0.989721953868866,
            0.010278042405843735
        ]
    ],
    "transition_logits": [
        [
            6.545393943786621,
            -5.837118148803711
        ],
        [
            2.981102228164673,
            -1.5863120555877686
        ]
    ],
    "posterior_probs": [
        [
            0.9999706745147705,
            2.9298125809873454e-05
        ],
        [
            0.9999997615814209,
            2.423951173113892e-07
        ],
        [
            0.9999997615814209,
            2.899717799209611e-07
        ],
        [
            0.9999996423721313,
            3.524622229633678e-07
        ],
        [
            0.9999984502792358,
            1.495603783041588e-06
        ],
        [
            0.9999996423721313,
            3.3730856330294046e-07
        ],
        [
            0.9999995231628418,
            4.176787058440823e-07
        ],
        [
            0.9999996423721313,
            3.78974277737143e-07
        ],
        [
            0.9999997615814209,
            2.3355056555374176e-07
        ],
        [
            0.9999994039535522,
            6.045834766155167e-07
        ],
        [
            0.9999994039535522,
            6.221589501365088e-07
        ],
        [
            0.9999995231628418,
            4.320499726873095e-07
        ],
        [
            0.9999996423721313,
            3.732411641976796e-07
        ],
        [
            0.999998927116394,
            1.1142064977320842e-06
        ],
        [
            0.9999996423721313,
            3.5397130204728455e-07
        ],
        [
            0.9999991655349731,
            8.37832430988783e-07
        ],
        [
            0.9999972581863403,
            2.761767973424867e-06
        ],
        [
            0.9999969005584717,
            3.088316134380875e-06
        ],
        [
            0.9999995231628418,
            4.734147580620629e-07
        ],
        [
            0.9999994039535522,
            6.335980060612201e-07
        ],
        [
            0.9999992847442627,
            7.686271601414774e-07
        ],
        [
            0.9999979734420776,
            1.9849833279295126e-06
        ],
        [
            0.999997615814209,
            2.3666316337767057e-06
        ],
        [
            0.9999995231628418,
            4.6947266696406587e-07
        ],
        [
            0.9999994039535522,
            5.402524720921065e-07
        ],
        [
            0.9999995231628418,
            4.612289785654866e-07
        ],
        [
            0.9999991655349731,
            8.211008548641985e-07
        ],
        [
            0.9999992847442627,
            6.863801331746799e-07
        ],
        [
            0.9999997615814209,
            2.085308352661741e-07
        ],
        [
            0.9999996423721313,
            3.6663692526417435e-07
        ],
        [
            0.9999977350234985,
            2.3051866264722776e-06
        ],
        [
            0.9999997615814209,
            2.50926689204789e-07
        ],
        [
            0.9999997615814209,
            2.6314151568840316e-07
        ],
        [
            0.9999997615814209,
            2.6715898115980963e-07
        ],
        [
            0.9999995231628418,
            4.7626949140067154e-07
        ],
        [
            0.9999994039535522,
            6.420455633815436e-07
        ],
        [
            0.9999966621398926,
            3.3714688925101655e-06
        ],
        [
            0.9999996423721313,
            3.1104204367693455e-07
        ],
        [
            0.9999992847442627,
            7.126342325136648e-07
        ],
        [
            0.9999995231628418,
            4.839764073949482e-07
        ],
        [
            0.9999979734420776,
            2.013014409385505e-06
        ],
        [
            0.9999996423721313,
            3.07873648353052e-07
        ],
        [
            0.9999983310699463,
            1.6446305153294816e-06
        ],
        [
            0.9999990463256836,
            9.832540399656864e-07
        ],
        [
            0.9999997615814209,
            2.472325206781534e-07
        ],
        [
            0.9999991655349731,
            8.401623858844687e-07
        ],
        [
            0.9999001026153564,
            9.983887866837904e-05
        ],
        [
            0.9999995231628418,
            5.155047801963519e-07
        ],
        [
            0.9999994039535522,
            6.044266456228797e-07
        ],
        [
            0.9999991655349731,
            8.06104480943759e-07
        ],
        [
            0.9999997615814209,
            2.672242089829524e-07
        ],
        [
            0.9999996423721313,
            3.3086013218053267e-07
        ],
        [
            0.9999995231628418,
            4.550354333332507e-07
        ],
        [
            0.9999978542327881,
            2.0933632640662836e-06
        ],
        [
            0.9999991655349731,
            8.02275906153227e-07
        ],
        [
            0.9999985694885254,
            1.3914420833316399e-06
        ],
        [
            0.9999997615814209,
            2.75315841236079e-07
        ],
        [
            0.999998927116394,
            1.1289930625935085e-06
        ],
        [
            0.9999994039535522,
            5.630008672596887e-07
        ],
        [
            0.9999996423721313,
            4.033175571294123e-07
        ],
        [
            0.9999994039535522,
            6.542194910252874e-07
        ],
        [
            0.9999991655349731,
            7.88056070177845e-07
        ],
        [
            0.9999983310699463,
            1.6123283330671256e-06
        ],
        [
            0.9999997615814209,
            2.642681806719338e-07
        ],
        [
            0.9999991655349731,
            8.672420790389879e-07
        ],
        [
            0.9999996423721313,
            3.7644988992724393e-07
        ],
        [
            0.9999984502792358,
            1.5627463199052727e-06
        ],
        [
            0.9999996423721313,
            3.6970988048778963e-07
        ],
        [
            0.9999997615814209,
            2.8305584010013263e-07
        ],
        [
            0.9999996423721313,
            3.2009887718231766e-07
        ],
        [
            0.9999983310699463,
            1.7256894579986692e-06
        ],
        [
            0.999998927116394,
            1.0135836419067346e-06
        ],
        [
            0.9999996423721313,
            3.044400500584743e-07
        ],
        [
            0.9999994039535522,
            6.195160153765755e-07
        ],
        [
            0.9999997615814209,
            2.3843330154704745e-07
        ],
        [
            0.9999997615814209,
            2.8418537567631574e-07
        ],
        [
            0.9999992847442627,
            7.564566999462841e-07
        ],
        [
            0.9999995231628418,
            4.698166264915926e-07
        ],
        [
            0.9999991655349731,
            8.823386110634601e-07
        ],
        [
            0.9999994039535522,
            5.485592851073307e-07
        ],
        [
            0.9999996423721313,
            3.4209276122965093e-07
        ],
        [
            0.999998927116394,
            1.1144445579702733e-06
        ],
        [
            0.9999992847442627,
            7.133958206395619e-07
        ],
        [
            0.9999992847442627,
            7.220144198072376e-07
        ],
        [
            0.9999994039535522,
