{
    "initial_probs": [
        0.9999864101409912,
        1.359338693873724e-05
    ],
    "initial_logits": [
        6.130435466766357,
        -5.075478553771973
    ],
    "transition_probs": [
        [
            0.9725298881530762,
            0.027470145374536514
        ],
        [
            0.6433894634246826,
            0.3566105365753174
        ]
    ],
    "transition_logits": [
        [
            2.064150094985962,
            -1.5026510953903198
        ],
        [
            0.7425479292869568,
            0.15244194865226746
        ]
    ],
    "posterior_probs": [
        [
            0.9999995231628418,
            5.134558023200952e-07
        ],
        [
            0.9984216690063477,
            0.0015782973496243358
        ],
        [
            0.9996227025985718,
            0.0003773191128857434
        ],
        [
            0.9995452761650085,
            0.00045467159361578524
        ],
        [
            0.9910513162612915,
            0.008948681876063347
        ],
        [
            0.9996488094329834,
            0.0003511676623020321
        ],
        [
            0.9966172575950623,
            0.003382780123502016
        ],
        [
            0.9988390803337097,
            0.0011608883505687118
        ],
        [
            0.9995705485343933,
            0.0004294159298297018
        ],
        [
            0.9995775818824768,
            0.00042239713366143405
        ],
        [
            0.9989437460899353,
            0.0010562974493950605
        ],
        [
            0.99937504529953,
            0.000625031825620681
        ],
        [
            0.983586847782135,
            0.01641312800347805
        ],
        [
            0.9917934536933899,
            0.008206580765545368
        ],
        [
            0.9986523985862732,
            0.0013475739397108555
        ],
        [
            0.9963668584823608,
            0.003633128944784403
        ],
        [
            0.5683634281158447,
            0.43163660168647766
        ],
        [
            0.9951105713844299,
            0.004889455158263445
        ],
        [
            0.9996041655540466,
            0.0003958030429203063
        ],
        [
            0.9990353584289551,
            0.0009646799881011248
        ],
        [
            0.9811630845069885,
            0.018836937844753265
        ],
        [
            0.999198853969574,
            0.0008011673926375806
        ],
        [
            0.9996063113212585,
            0.0003936716530006379
        ],
        [
            0.9995512366294861,
            0.0004487296973820776
        ],
        [
            0.9995686411857605,
            0.00043133925646543503
        ],
        [
            0.999733030796051,
            0.00026696280110627413
        ],
        [
            0.9996139407157898,
            0.00038608978502452374
        ],
        [
            0.9996778964996338,
            0.00032215320970863104
        ],
        [
            0.9995856881141663,
            0.00041436016908846796
        ],
        [
            0.9992862343788147,
            0.000713739893399179
        ],
        [
            0.9887384176254272,
            0.011261623352766037
        ],
        [
            0.9977633953094482,
            0.0022366256453096867
        ],
        [
            0.9997255206108093,
            0.000274426129180938
        ],
        [
            0.9995673298835754,
            0.00043266365537419915
        ],
        [
            0.9996447563171387,
            0.00035518911317922175
        ],
        [
            0.99972003698349,
            0.00027999095618724823
        ],
        [
            0.9996122717857361,
            0.00038777769077569246
        ],
        [
            0.9995410442352295,
            0.00045897046220488846
        ],
        [
            0.9985553622245789,
            0.0014445921406149864
        ],
        [
            0.9995933175086975,
            0.00040672410978004336
        ],
        [
            0.9992620348930359,
            0.0007379589951597154
        ],
        [
            0.9683359265327454,
            0.03166411817073822
        ],
        [
            0.9993634819984436,
            0.00063651631353423
        ],
        [
            0.9994713664054871,
            0.0005286501836962998
        ],
        [
            0.9997010827064514,
            0.0002989107742905617
        ],
        [
            0.9992855191230774,
            0.0007144803530536592
        ],
        [
            0.9994155168533325,
            0.000584482797421515
        ],
        [
            0.9996324777603149,
            0.00036751790321432054
        ],
        [
            0.9995624423027039,
            0.00043757795356214046
        ],
        [
            0.9996926784515381,
            0.0003073326079174876
        ],
        [
            0.9993513226509094,
            0.0006487209466286004
        ],
        [
            0.9997294545173645,
            0.00027058724663220346
        ],
        [
            0.9980810880661011,
            0.0019189160084351897
        ],
        [
            0.9989678859710693,
            0.0010320657165721059
        ],
        [
            0.9996953010559082,
            0.00030467892065644264
        ],
        [
            0.9995923638343811,
            0.0004076557233929634
        ],
        [
            0.9996365308761597,
            0.0003635093744378537
        ],
        [
            0.9989936947822571,
            0.0010063319932669401
        ],
        [
            0.9994667172431946,
            0.0005332779255695641
        ],
        [
            0.9993563294410706,
            0.0006436463445425034
        ],
        [
            0.9991463422775269,
            0.0008535941014997661
        ],
        [
            0.9859079718589783,
            0.014092005789279938
        ],
        [
            0.9996005892753601,
            0.00039946631295606494
        ],
        [
            0.9996498823165894,
            0.00035015674075111747
        ],
        [
            0.9972714781761169,
            0.0027284875977784395
        ],
        [
            0.9990658164024353,
            0.0009342297562398016
        ],
        [
            0.9995713829994202,
            0.0004285816685296595
        ],
        [
            0.9980205297470093,
            0.0019795275293290615
        ],
        [
            0.9997270703315735,
            0.00027292114100418985
        ],
        [
            0.9995978474617004,
            0.00040214392356574535
        ],
        [
            0.9994340538978577,
            0.0005659360904246569
        ],
        [
            0.9818913340568542,
            0.018108706921339035
        ],
        [
            0.9993293285369873,
            0.000670730194542557
        ],
        [
            0.9992902278900146,
            0.0007097949273884296
        ],
        [
            0.9981873631477356,
            0.0018126389477401972
        ],
        [
            0.9995337724685669,
            0.0004662801802624017
        ],
        [
            0.9992140531539917,
            0.000785923155490309
        ],
        [
            0.9993890523910522,
            0.000610892369877547
        ],
        [
            0.999575674533844,
            0.0004243634466547519
        ],
        [
            0.9996769428253174,
            0.00032302908948622644
        ],
        [
            0.9996618032455444,
            0.00033819087548181415
        ],
        [
            0.9995242357254028,
            0.0004758205614052713
        ],
        [
            0.9995465874671936,
            0.0004533593892119825
        ],
        [
            0.9995017051696777,
            0.0004983211401849985
        ],
        [
            0.9996612071990967,
            0.00033883631112985313
        ],
