{
    "initial_probs": [
        8.612334204372019e-05,
        0.9999138116836548
    ],
    "initial_logits": [
        -4.253567695617676,
        5.106075763702393
    ],
    "transition_probs": [
        [
            0.0009060485754162073,
            0.9990940093994141
        ],
        [
            0.07790396362543106,
            0.9220960140228271
        ]
    ],
    "transition_logits": [
        [
            -2.9338104724884033,
            4.0717010498046875
        ],
        [
            -0.37752223014831543,
            2.0936503410339355
        ]
    ],
    "posterior_probs": [
        [
            8.63126933836611e-06,
            0.9999914169311523
        ],
        [
            0.009100284427404404,
            0.9908996820449829
        ],
        [
            0.009141103364527225,
            0.9908588528633118
        ],
        [
            0.05416432395577431,
            0.9458356499671936
        ],
        [
            0.007773052901029587,
            0.9922269582748413
        ],
        [
            0.011805935762822628,
            0.9881939888000488
        ],
        [
            0.007051107473671436,
            0.9929488897323608
        ],
        [
            0.0105776721611619,
            0.9894222617149353
        ],
        [
            0.01104879379272461,
            0.9889512658119202
        ],
        [
            0.007087308913469315,
            0.9929127097129822
        ],
        [
            0.007385543547570705,
            0.9926145076751709
        ],
        [
            0.01631096936762333,
            0.9836890697479248
        ],
        [
            0.00969923846423626,
            0.9903007745742798
        ],
        [
            0.00252795428968966,
            0.9974719882011414
        ],
        [
            0.999906063079834,
            9.398390102433041e-05
        ],
        [
            0.0001063421368598938,
            0.9998936653137207
        ],
        [
            0.014608200639486313,
            0.9853917956352234
        ],
        [
            0.008053210563957691,
            0.9919467568397522
        ],
        [
            0.011458264663815498,
            0.9885417222976685
        ],
        [
            0.050306569784879684,
            0.9496934413909912
        ],
        [
            0.5623943209648132,
            0.43760567903518677
        ],
        [
            0.005775981117039919,
            0.9942240118980408
        ],
        [
            0.01919744908809662,
            0.9808025360107422
        ],
        [
            0.010587579570710659,
            0.9894124865531921
        ],
        [
            0.009375245310366154,
            0.990624725818634
        ],
        [
            0.07002411782741547,
            0.9299759268760681
        ],
        [
            0.008985428139567375,
            0.9910145401954651
        ],
        [
            0.01335708424448967,
            0.9866429567337036
        ],
        [
            0.013061929494142532,
            0.9869379997253418
        ],
        [
            0.008325474336743355,
            0.9916746020317078
        ],
        [
            0.027917521074414253,
            0.9720824956893921
        ],
        [
            0.013729090802371502,
            0.9862709045410156
        ],
        [
            0.010829068720340729,
            0.9891709685325623
        ],
        [
            0.009172945283353329,
            0.9908270239830017
        ],
        [
            0.011363252066075802,
            0.9886367917060852
        ],
        [
            0.011368394829332829,
            0.988631546497345
        ],
        [
            0.11525243520736694,
            0.8847475051879883
        ],
        [
            0.012797480449080467,
            0.9872024655342102
        ],
        [
            0.009748902171850204,
            0.9902510643005371
        ],
        [
            0.023517511785030365,
            0.9764825105667114
        ],
        [
            0.017732487991452217,
            0.9822675585746765
        ],
        [
            0.06336995959281921,
            0.9366300106048584
        ],
        [
            0.8352401256561279,
            0.16475990414619446
        ],
        [
            0.003215629840269685,
            0.9967843294143677
        ],
        [
            0.013708856888115406,
            0.9862911105155945
        ],
        [
            0.04476692155003548,
            0.955233097076416
        ],
        [
            0.008053453639149666,
            0.9919465184211731
        ],
        [
            0.03969929367303848,
            0.9603007435798645
        ],
        [
            0.014065318740904331,
            0.9859346151351929
        ],
        [
            0.021128978580236435,
            0.9788709878921509
        ],
        [
            0.0016876639565452933,
            0.9983123540878296
        ],
        [
            0.8956539630889893,
            0.10434605181217194
        ],
        [
            0.0006190321873873472,
            0.9993809461593628
        ],
        [
            0.013192791491746902,
            0.9868071675300598
        ],
        [
            0.019097434356808662,
            0.9809025526046753
        ],
        [
            0.030845947563648224,
            0.9691540598869324
        ],
        [
            0.010185644961893559,
            0.9898143410682678
        ],
        [
            0.06743241101503372,
            0.9325675964355469
        ],
        [
            0.00017861550441011786,
            0.9998213648796082
        ],
        [
            0.9965412020683289,
            0.003458775579929352
        ],
        [
            0.00013670444604940712,
            0.9998632669448853
        ],
        [
            0.01415617298334837,
            0.9858437776565552
        ],
        [
            0.11754997819662094,
            0.8824500441551208
        ],
        [
            0.013483351096510887,
            0.9865167140960693
        ],
        [
            0.014856702648103237,
            0.98514324426651
        ],
        [
            0.011273438110947609,
            0.9887265563011169
        ],
        [
            0.007157121319323778,
            0.9928429126739502
        ],
        [
            0.6629124283790588,
            0.33708760142326355
        ],
        [
            0.0036790682934224606,
            0.9963209629058838
        ],
        [
            0.009805630892515182,
            0.9901943802833557
        ],
        [
            0.029095066711306572,
            0.9709049463272095
        ],
        [
            0.01004811841994524,
            0.9899519085884094
        ],
        [
            0.010173497721552849,
            0.9898264408111572
        ],
        [
            0.3057880401611328,
            0.694212019443512
        ],
        [
            0.0073271580040454865,
            0.992672860622406
        ],
        [
            0.008526510559022427,
            0.9914734363555908
        ],
        [
            0.018315784633159637,
            0.981684148311615
        ],
        [
            0.00961561594158411,
            0.9903843402862549
        ],
        [
            0.011486471630632877,
            0.9885135293006897
        ],
        [
            0.005054804030805826,
            0.994945228099823
        ],
        [
            0.0005027907900512218,
            0.9994971752166748
        ],
        [
            0.008523029275238514,
            0.9914769530296326
        ],
        [
            0.008286385796964169,
            0.9917136430740356
        ],
        [
            0.008858468383550644,
            0.9911415576934814
        ],
        [
            0.07078608870506287,
            0.9292139410972595
        ],
        [
            0.02444709837436676,
            0.9755529165267944
        ],
        [
