{
    "initial_probs": [
        2.4835482690832578e-05,
        0.9999752044677734
    ],
    "initial_logits": [
        -4.873576641082764,
        5.729635238647461
    ],
    "transition_probs": [
        [
            0.671025276184082,
            0.3289746642112732
        ],
        [
            0.01471449714154005,
            0.9852854609489441
        ]
    ],
    "transition_logits": [
        [
            0.45254966616630554,
            -0.26027631759643555
        ],
        [
            -1.5724244117736816,
            2.631673812866211
        ]
    ],
    "posterior_probs": [
        [
            1.804346619625795e-15,
            1.0
        ],
        [
            1.0664876100296983e-12,
            1.0
        ],
        [
            1.1068151569684683e-14,
            1.0
        ],
        [
            2.132595857719244e-14,
            1.0
        ],
        [
            1.3385328002241126e-12,
            1.0
        ],
        [
            1.2948981080104782e-12,
            1.0
        ],
        [
            3.717360922469637e-17,
            1.0
        ],
        [
            8.437642403345824e-13,
            1.0
        ],
        [
            2.910103527511282e-13,
            1.0
        ],
        [
            1.239149950184315e-12,
            1.0
        ],
        [
            4.618510435205891e-13,
            1.0
        ],
        [
            6.43392457366776e-13,
            1.0
        ],
        [
            2.734650899468633e-16,
            1.0
        ],
        [
            1.5457752265690683e-12,
            1.0
        ],
        [
            8.258802170792168e-13,
            1.0
        ],
        [
            1.2193060146617474e-12,
            1.0
        ],
        [
            8.971961086394475e-13,
            1.0
        ],
        [
            1.1691330141418849e-13,
            1.0
        ],
        [
            9.997650493934196e-13,
            1.0
        ],
        [
            1.3998623224140139e-12,
            1.0
        ],
        [
            1.2777047215389858e-12,
            1.0
        ],
        [
            8.214562385346069e-13,
            1.0
        ],
        [
            1.0163770866600252e-12,
            1.0
        ],
        [
            1.1696287384801995e-12,
            1.0
        ],
        [
            1.057348869917818e-12,
            1.0
        ],
        [
            1.668120285999719e-12,
            1.0
        ],
        [
            1.2841981709803274e-13,
            1.0
        ],
        [
            6.673094694008286e-13,
            1.0
        ],
        [
            1.0450303816744722e-12,
            1.0
        ],
        [
            2.009682351089559e-12,
            1.0
        ],
        [
            1.186996681501462e-12,
            1.0
        ],
        [
            1.224676068022068e-12,
            1.0
        ],
        [
            9.01395061023158e-13,
            1.0
        ],
        [
            1.3768142442110998e-12,
            1.0
        ],
        [
            1.5265545988754625e-12,
            1.0
        ],
        [
            1.6812824798860837e-17,
            1.0
        ],
        [
            4.799723037638218e-14,
            1.0
        ],
        [
            2.9557506073772666e-13,
            1.0
        ],
        [
            1.2637057199282875e-12,
            1.0
        ],
        [
            2.0387844515933062e-13,
            1.0
        ],
        [
            3.089020060792827e-14,
            1.0
        ],
        [
            1.036613178108381e-12,
            1.0
        ],
        [
            4.31941503777674e-14,
            1.0
        ],
        [
            6.882190130286236e-13,
            1.0
        ],
        [
            5.9464529281801504e-15,
            1.0
        ],
        [
            7.890496117818682e-14,
            1.0
        ],
        [
            6.779007693732964e-13,
            1.0
        ],
        [
            6.16162936645237e-13,
            1.0
        ],
        [
            1.059157427561741e-12,
            1.0
        ],
        [
            1.0597394272879312e-12,
            1.0
        ],
        [
            8.624301901967446e-13,
            1.0
        ],
        [
            1.3148482953459495e-12,
            1.0
        ],
        [
            1.057348869917818e-12,
            1.0
        ],
        [
            1.0508612616156807e-15,
            1.0
        ],
        [
            8.751297212936104e-13,
            1.0
        ],
        [
            1.0434723560475562e-13,
            1.0
        ],
        [
            7.005304539578483e-13,
            1.0
        ],
        [
            9.340188128134641e-13,
            1.0
        ],
        [
            5.944962404302867e-13,
            1.0
        ],
        [
            9.411720534868717e-13,
            1.0
        ],
        [
            7.479493200734499e-15,
            1.0
        ],
        [
            2.4666846256543584e-13,
            1.0
        ],
        [
            1.2536418301026253e-12,
            1.0
        ],
        [
            7.600242592394058e-13,
            1.0
        ],
        [
            9.200183881874144e-14,
            1.0
        ],
        [
            6.82988333857576e-13,
            1.0
        ],
        [
            7.345979293610361e-13,
            1.0
        ],
        [
            1.4659738809159883e-13,
            1.0
        ],
        [
            6.571442608821476e-13,
            1.0
        ],
        [
            9.337653941081728e-14,
            1.0
        ],
        [
            1.1657800376083105e-12,
            1.0
        ],
        [
            1.2045490473122644e-12,
            1.0
        ],
        [
            7.791169510766582e-13,
            1.0
        ],
        [
            1.594021410093044e-13,
            1.0
        ],
        [
            6.474894405361642e-13,
            1.0
        ],
        [
            1.265017604556995e-12,
            1.0
        ],
        [
            4.247117523122068e-13,
            1.0
        ],
        [
            1.132294561931313e-12,
            1.0
        ],
        [
            2.250737356906951e-12,
            1.0
        ],
        [
            2.0553459447098833e-14,
            1.0
        ],
        [
            5.001884323396766e-13,
            1.0
        ],
        [
            8.351820211978389e-13,
            1.0
        ],
        [
            8.168066375179028e-13,
            1.0
        ],
        [
            1.4628853683973375e-12,
            1.0
        ],
        [
            1.2179299452644288e-12,
            1.0
        ],
        [
            1.8033988744611124e-13,
            1.0
        ],
        [
            1.437307521265363e-12,
            1.0
        ],
        [
            7.25618729598837e-13,
            1.0
        ],
        [
            8.197533363923926e-13,
            1.0
        ],
        [
            1.0920452910012646e-12,
            1.0
        ],
        [
            9.023583746534114e-13,
            1.0
        ],
        [
            6.814268658887623e-13,
            1.0
        ],
        [
            5.141639609733406e-13,
            1.0
        ],
        [
            5.108014163555941e-13,
            1.0
        ],
        [
            7.954540888824302e-13,
            1.0
        ],
        [
            1.1905519972654766e-12,
            1.0
        ],
        [
            2.962252296755119e-13,
            1.0
        ],
        [
            1.5833499875800294e-12,
            1.0
        ],
        [
            1.1733825716619961e-12,
            1.0
        ],
        [
            1.1165785093400493e-12,
            1.0
        ],
        [
            1.007514059160608e-12,
            1.0
        ],
        [
            1.195795415812051e-12,
            1.0
        ],
        [
