{
    "initial_probs": [
        1.2232367225806229e-05,
        0.9999877214431763
    ],
    "initial_logits": [
        -5.498495578765869,
        5.8129167556762695
    ],
    "transition_probs": [
        [
            2.5932735297828913e-05,
            0.9999740123748779
        ],
        [
            0.11895964294672012,
            0.8810403347015381
        ]
    ],
    "transition_logits": [
        [
            -5.073410511016846,
            5.486567974090576
        ],
        [
            -0.3783199191093445,
            1.6239991188049316
        ]
    ],
    "posterior_probs": [
        [
            1.6749580709074507e-06,
            0.9999983310699463
        ],
        [
            0.01464481744915247,
            0.9853552579879761
        ],
        [
            0.029034996405243874,
            0.9709649682044983
        ],
        [
            0.016802245751023293,
            0.9831977486610413
        ],
        [
            0.19243618845939636,
            0.807563841342926
        ],
        [
            0.010731112211942673,
            0.9892688393592834
        ],
        [
            0.016837697476148605,
            0.9831622838973999
        ],
        [
            0.026336761191487312,
            0.9736632108688354
        ],
        [
            0.01145282294601202,
            0.9885472059249878
        ],
        [
            0.031089089810848236,
            0.9689109325408936
        ],
        [
            0.020089570432901382,
            0.9799104928970337
        ],
        [
            0.021868962794542313,
            0.9781309962272644
        ],
        [
            0.01494304183870554,
            0.9850569367408752
        ],
        [
            0.035187818109989166,
            0.9648122191429138
        ],
        [
            0.015147564932703972,
            0.9848524928092957
        ],
        [
            0.07800185680389404,
            0.9219980835914612
        ],
        [
            0.032485753297805786,
            0.9675142765045166
        ],
        [
            0.005882089026272297,
            0.9941179752349854
        ],
        [
            0.7002866864204407,
            0.2997133433818817
        ],
        [
            0.0067258491180837154,
            0.9932740926742554
        ],
        [
            0.08642280846834183,
            0.913577139377594
        ],
        [
            0.012584309093654156,
            0.9874157309532166
        ],
        [
            0.06200099736452103,
            0.9379990696907043
        ],
        [
            0.0221725944429636,
            0.9778273701667786
        ],
        [
            0.024455467239022255,
            0.9755445122718811
        ],
        [
            0.012678797356784344,
            0.9873212575912476
        ],
        [
            0.02358892373740673,
            0.9764110445976257
        ],
        [
            0.017902851104736328,
            0.9820970892906189
        ],
        [
            0.05135635659098625,
            0.9486436247825623
        ],
        [
            0.18579363822937012,
            0.8142063617706299
        ],
        [
            0.023806387558579445,
            0.9761935472488403
        ],
        [
            0.015402322635054588,
            0.9845976829528809
        ],
        [
            0.016517283394932747,
            0.9834827184677124
        ],
        [
            0.0065050129778683186,
            0.9934950470924377
        ],
        [
            0.9097543358802795,
            0.09024572372436523
        ],
        [
            0.0024547541979700327,
            0.9975451827049255
        ],
        [
            0.016977189108729362,
            0.9830227494239807
        ],
        [
            0.017028450965881348,
            0.9829714894294739
        ],
        [
            0.020783672109246254,
            0.9792162775993347
        ],
        [
            0.019834935665130615,
            0.9801650047302246
        ],
        [
            0.04828415811061859,
            0.9517158269882202
        ],
        [
            0.023201949894428253,
            0.9767980575561523
        ],
        [
            0.016189858317375183,
            0.9838101863861084
        ],
        [
            0.13480083644390106,
            0.8651992082595825
        ],
        [
            0.1375487595796585,
            0.8624512553215027
        ],
        [
            0.09565658122301102,
            0.9043434262275696
        ],
        [
            0.03460150584578514,
            0.9653984904289246
        ],
        [
            0.010613423772156239,
            0.9893865585327148
        ],
        [
            0.4041141867637634,
            0.5958857536315918
        ],
        [
            0.011484218761324883,
            0.9885157346725464
        ],
        [
            0.01630350388586521,
            0.9836965203285217
        ],
        [
            0.02419959381222725,
            0.9758004546165466
        ],
        [
            0.07188383489847183,
            0.9281161427497864
        ],
        [
            0.030854614451527596,
            0.9691453576087952
        ],
        [
            0.03709946200251579,
            0.9629004597663879
        ],
        [
            0.01633448898792267,
            0.9836655259132385
        ],
        [
            0.020805733278393745,
            0.9791942238807678
        ],
        [
            0.01872628554701805,
            0.9812737703323364
        ],
        [
            0.06751834601163864,
            0.9324817061424255
        ],
        [
            0.06189149245619774,
            0.9381085634231567
        ],
        [
            0.02325093187391758,
            0.976749062538147
        ],
        [
            0.014680751599371433,
            0.9853192567825317
        ],
        [
            0.19498740136623383,
            0.805012583732605
        ],
        [
            0.012452743947505951,
            0.9875472784042358
        ],
        [
            0.015250226482748985,
            0.9847497940063477
        ],
        [
            0.012390878051519394,
            0.9876091480255127
        ],
        [
            0.012743616476655006,
            0.9872564077377319
        ],
        [
            0.11760934442281723,
            0.8823906183242798
        ],
        [
            0.01224607415497303,
            0.9877539277076721
        ],
        [
            0.012067141942679882,
            0.9879328608512878
        ],
        [
            0.01465770322829485,
            0.985342264175415
        ],
        [
            0.1967008113861084,
            0.8032992482185364
        ],
        [
            0.04263678938150406,
            0.9573632478713989
        ],
        [
            0.012559211812913418,
            0.987440824508667
        ],
        [
            0.01941005326807499,
            0.9805899858474731
        ],
        [
            0.0012671032454818487,
            0.99873286485672
        ],
        [
            0.9699381589889526,
            0.03006182797253132
        ],
        [
            0.0008435807540081441,
            0.9991564750671387
        ],
        [
            0.01605106331408024,
            0.9839488863945007
        ],
        [
            0.016801867634058,
            0.9831981062889099
        ],
        [
            0.013559776358306408,
            0.9864402413368225
        ],
        [
            0.01343432068824768,
            0.9865656495094299
        ],
        [
            0.01726658269762993,
            0.9827334880828857
        ],
        [
            0.012772155925631523,
            0.9872277975082397
        ],
        [
            0.17775510251522064,
            0.8222448825836182
        ],
        [
            0.011373283341526985,
            0.9886266589164734
        ],
        [
            0.020076507702469826,
