{
    "initial_probs": [
        0.9999715089797974,
        2.846001552825328e-05
    ],
    "initial_logits": [
        5.9238715171813965,
        -4.5431108474731445
    ],
    "transition_probs": [
        [
            0.9510202407836914,
            0.04897982254624367
        ],
        [
            0.01949588768184185,
            0.9805041551589966
        ]
    ],
    "transition_logits": [
        [
            1.8944833278656006,
            -1.0716434717178345
        ],
        [
            -1.772879958152771,
            2.1449832916259766
        ]
    ],
    "posterior_probs": [
        [
            0.9999994039535522,
            6.157087000246975e-07
        ],
        [
            0.9691107273101807,
            0.03088931366801262
        ],
        [
            0.07347003370523453,
            0.9265300035476685
        ],
        [
            0.016053231433033943,
            0.9839468002319336
        ],
        [
            0.06565723568201065,
            0.9343428015708923
        ],
        [
            4.930806244374253e-05,
            0.999950647354126
        ],
        [
            1.5715536960669851e-07,
            0.9999998807907104
        ],
        [
            2.4096113975247135e-06,
            0.999997615814209
        ],
        [
            4.35285784305961e-07,
            0.9999995231628418
        ],
        [
            0.00020816751930397004,
            0.9997918009757996
        ],
        [
            8.360415648667185e-08,
            0.9999998807907104
        ],
        [
            2.8198937798151746e-06,
            0.9999971389770508
        ],
        [
            1.046891838996089e-06,
            0.999998927116394
        ],
        [
            1.0986013876390643e-05,
            0.9999890327453613
        ],
        [
            4.512534360401332e-06,
            0.9999954700469971
        ],
        [
            1.3746229114985908e-06,
            0.9999985694885254
        ],
        [
            3.678318449829021e-08,
            1.0
        ],
        [
            1.7066910231733345e-06,
            0.9999983310699463
        ],
        [
            0.0003693386970553547,
            0.9996306896209717
        ],
        [
            2.2939703114843724e-07,
            0.9999997615814209
        ],
        [
            4.6167255618456693e-07,
            0.9999995231628418
        ],
        [
            1.4678609659313224e-05,
            0.9999853372573853
        ],
        [
            1.7358171362502617e-06,
            0.9999982118606567
        ],
        [
            2.557001437253348e-07,
            0.9999997615814209
        ],
        [
            1.7439080693293363e-05,
            0.9999825954437256
        ],
        [
            4.598938176059164e-06,
            0.9999953508377075
        ],
        [
            6.512290440241486e-08,
            0.9999998807907104
        ],
        [
            4.7318008000729606e-06,
            0.999995231628418
        ],
        [
            8.649425922158116e-07,
            0.9999991655349731
        ],
        [
            7.2037314566841815e-06,
            0.999992847442627
        ],
        [
            1.5208374861686025e-06,
            0.9999984502792358
        ],
        [
            2.8892367481603287e-05,
            0.9999711513519287
        ],
        [
            2.0408600676091737e-07,
            0.9999997615814209
        ],
        [
            5.912899723625742e-06,
            0.9999940395355225
        ],
        [
            4.284326848846831e-07,
            0.9999995231628418
        ],
        [
            2.7558811780181713e-05,
            0.9999724626541138
        ],
        [
            7.583616934425663e-06,
            0.9999923706054688
        ],
        [
            9.472612418903736e-07,
            0.9999990463256836
        ],
        [
            0.00016173197946045548,
            0.9998382329940796
        ],
        [
            3.950884206460614e-07,
            0.9999996423721313
        ],
        [
            6.2835548305884e-05,
            0.9999371767044067
        ],
        [
            9.62519334279932e-06,
            0.9999903440475464
        ],
        [
            7.011256570876867e-07,
            0.9999992847442627
        ],
        [
            1.0812451591846184e-06,
            0.999998927116394
        ],
        [
            0.005626563914120197,
            0.9943734407424927
        ],
        [
            5.249307264421077e-07,
            0.9999995231628418
        ],
        [
            4.04235215683002e-05,
            0.9999595880508423
        ],
        [
            1.1065673788834829e-05,
            0.9999889135360718
        ],
        [
            0.0005678943125531077,
            0.9994320273399353
        ],
        [
            0.034130845218896866,
            0.965869128704071
        ],
        [
            0.9887487888336182,
            0.011251178570091724
        ],
        [
            1.0,
            1.7689051612368445e-10
        ],
        [
            1.0,
            1.53169588124058e-09
        ],
        [
            0.9999998807907104,
            1.5824301158318121e-07
        ],
        [
            0.9999990463256836,
            9.814028771870653e-07
        ],
        [
            1.0,
            6.55293197482365e-09
        ],
        [
            1.0,
            9.774447950633387e-19
        ],
        [
            0.9999995231628418,
            4.5866730147281487e-07
        ],
        [
            1.0,
            2.1948065587196197e-09
        ],
        [
            1.0,
            4.295218694605474e-11
        ],
        [
            1.0,
            4.7686816518136e-13
        ],
        [
            0.9999997615814209,
            2.9450671945596696e-07
        ],
        [
            0.9999998807907104,
            1.0306577991059385e-07
        ],
        [
            0.9999998807907104,
            7.13823240516831e-08
        ],
        [
            0.9995074272155762,
            0.0004925897228531539
        ],
        [
            1.0,
            1.3821306599215433e-10
        ],
        [
            1.0,
            4.219300187013886e-10
        ],
        [
            1.0,
            1.1046420667071288e-08
        ],
        [
            0.999996542930603,
            3.456796321188449e-06
        ],
        [
            0.9999998807907104,
            7.639298615913503e-08
        ],
        [
            0.9999991655349731,
            7.894823284004815e-07
        ],
        [
            0.9999943971633911,
            5.561441867030226e-06
        ],
        [
            0.9999904632568359,
            9.578530807630159e-06
        ],
        [
            1.0,
            2.6542435783982743e-12
        ],
        [
            1.0,
            5.3414148659669536e-09
        ],
        [
            1.0,
            2.4233678175278328e-08
        ],
        [
            0.9999827146530151,
            1.7302314518019557e-05
        ],
        [
            0.9999570846557617,
            4.285620525479317e-05
        ],
        [
            1.0,
            5.3914464004378715e-09
        ],
        [
            0.999998927116394,
            1.0440363666930352e-06
        ],
        [
            1.0,
            7.159114412402801e-10
        ],
        [
            1.0,
            9.837341607976668e-09
        ],
        [
            0.9999998807907104,
            1.346201798924085e-07
        ],
        [
            0.9999997615814209,
            2.0446316284505883e-07
        ],
        [
            1.0,
            1.0219032287039909e-09
        ],
        [
            0.9999980926513672,
            1.871789208962582e-06
        ],
        [
            0.9999995231628418,
            4.916429361401242e-07
        ],
        [
            0.0407579280436039,
            0.959242045879364
        ],
