{
    "initial_probs": [
        0.0008083497523330152,
        0.9991917014122009
    ],
    "initial_logits": [
        -2.817763566970825,
        4.301943778991699
    ],
    "transition_probs": [
        [
            0.008200399577617645,
            0.9917995929718018
        ],
        [
            0.00014219098375178874,
            0.9998577833175659
        ]
    ],
    "transition_logits": [
        [
            -1.8944538831710815,
            2.9008843898773193
        ],
        [
            -4.176085472106934,
            4.682111740112305
        ]
    ],
    "posterior_probs": [
        [
            0.0002863993577193469,
            0.9997135996818542
        ],
        [
            6.627321999985725e-05,
            0.9999337196350098
        ],
        [
            7.588340668007731e-05,
            0.9999240636825562
        ],
        [
            4.1790728573687375e-05,
            0.9999581575393677
        ],
        [
            6.07437250437215e-05,
            0.9999392032623291
        ],
        [
            4.18705130869057e-05,
            0.9999581575393677
        ],
        [
            0.00017236731946468353,
            0.9998276233673096
        ],
        [
            0.0002718449686653912,
            0.9997281432151794
        ],
        [
            0.0001175812358269468,
            0.9998824596405029
        ],
        [
            8.905867434805259e-05,
            0.9999109506607056
        ],
        [
            0.00011324993101879954,
            0.9998867511749268
        ],
        [
            5.03219744132366e-05,
            0.9999496936798096
        ],
        [
            0.0002742441138252616,
            0.9997257590293884
        ],
        [
            6.547119846800342e-05,
            0.9999345541000366
        ],
        [
            0.00016019349277485162,
            0.9998397827148438
        ],
        [
            0.00025721651036292315,
            0.9997428059577942
        ],
        [
            4.3033785914303735e-05,
            0.9999569654464722
        ],
        [
            6.561219925060868e-05,
            0.9999344348907471
        ],
        [
            4.074614480487071e-05,
            0.9999592304229736
        ],
        [
            4.538886423688382e-05,
            0.9999545812606812
        ],
        [
            6.132763519417495e-05,
            0.9999387264251709
        ],
        [
            4.428812098922208e-05,
            0.9999556541442871
        ],
        [
            4.7436555178137496e-05,
            0.9999525547027588
        ],
        [
            5.625021003652364e-05,
            0.999943733215332
        ],
        [
            4.285163595341146e-05,
            0.9999572038650513
        ],
        [
            5.588321801042184e-05,
            0.9999440908432007
        ],
        [
            0.00044432678259909153,
            0.9995556473731995
        ],
        [
            4.998450822313316e-05,
            0.9999500513076782
        ],
        [
            0.00010933308658422902,
            0.9998906850814819
        ],
        [
            9.586371743353084e-05,
            0.9999041557312012
        ],
        [
            0.00011350421118550003,
            0.9998865127563477
        ],
        [
            4.2989155190298334e-05,
            0.9999569654464722
        ],
        [
            4.227364843245596e-05,
            0.9999576807022095
        ],
        [
            0.0003033711400348693,
            0.9996966123580933
        ],
        [
            4.500955401454121e-05,
            0.9999549388885498
        ],
        [
            0.0002771079307422042,
            0.9997228980064392
        ],
        [
            4.156624709139578e-05,
            0.9999583959579468
        ],
        [
            0.00012925054761581123,
            0.999870777130127
        ],
        [
            9.411160863237455e-05,
            0.9999058246612549
        ],
        [
            8.298192551592365e-05,
            0.9999170303344727
        ],
        [
            5.8024168538395315e-05,
            0.9999419450759888
        ],
        [
            7.5964504503645e-05,
            0.9999240636825562
        ],
        [
            0.0002533881925046444,
            0.9997466206550598
        ],
        [
            0.0001885645033326,
            0.9998114705085754
        ],
        [
            7.302335870917886e-05,
            0.9999269247055054
        ],
        [
            0.0001295288820983842,
            0.9998704195022583
        ],
        [
            0.00015948631335049868,
            0.999840497970581
        ],
        [
            0.00034499031607992947,
            0.99965500831604
        ],
        [
            7.584058766951784e-05,
            0.9999241828918457
        ],
        [
            0.00065662304405123,
            0.9993433356285095
        ],
        [
            7.4446463258937e-05,
            0.9999254941940308
        ],
        [
            3.932600884581916e-05,
            0.9999606609344482
        ],
        [
            7.120141526684165e-05,
            0.9999288320541382
        ],
        [
            4.155419810558669e-05,
            0.9999583959579468
        ],
        [
            5.527434768737294e-05,
            0.9999446868896484
        ],
        [
            0.00014972672215662897,
            0.9998502731323242
        ],
        [
            0.0001537170901428908,
            0.9998462200164795
        ],
        [
            3.937404108000919e-05,
            0.9999606609344482
        ],
        [
            0.0001640242844587192,
            0.9998359680175781
        ],
        [
            4.860887202084996e-05,
            0.9999513626098633
        ],
        [
            0.000358580524334684,
            0.9996414184570312
        ],
        [
            0.0002902875712607056,
            0.9997096657752991
        ],
        [
            4.613386408891529e-05,
            0.9999538660049438
        ],
        [
            7.152261241571978e-05,
            0.9999284744262695
        ],
        [
            8.542009891243652e-05,
            0.9999145269393921
        ],
        [
            4.202347918180749e-05,
            0.9999579191207886
        ],
        [
            6.46009502816014e-05,
            0.9999353885650635
        ],
        [
            6.019843931426294e-05,
            0.9999397993087769
        ],
        [
            3.898010982084088e-05,
            0.9999610185623169
        ],
        [
            5.085533484816551e-05,
            0.9999490976333618
        ],
        [
            0.00011709072714438662,
            0.9998829364776611
        ],
        [
            4.907613401883282e-05,
            0.9999508857727051
        ],
        [
            0.00042769036372192204,
            0.9995723366737366
        ],
        [
            0.00039494672091677785,
            0.999605119228363
        ],
        [
            8.452554902760312e-05,
            0.9999154806137085
        ],
        [
            0.00012254843022674322,
            0.9998774528503418
        ],
        [
            0.00041908901766873896,
            0.9995809197425842
        ],
        [
            8.778113988228142e-05,
            0.9999122619628906
        ],
        [
            7.317057315958664e-05,
            0.9999268054962158
        ],
        [
            4.233109939377755e-05,
            0.9999576807022095
        ],
        [
            0.0001841494522523135,
            0.9998158812522888
        ],
        [
            0.00012214150046929717,
            0.9998778104782104
        ],
        [
            0.00014106482558418065,
            0.9998588562011719
        ],
        [
            9.574677824275568e-05,
            0.9999042749404907
        ],
        [
            0.0002437354705762118,
            0.9997562766075134
