{
    "initial_probs": [
        0.9998201727867126,
        0.0001798000157577917
    ],
    "initial_logits": [
        5.037619590759277,
        -3.5858657360076904
    ],
    "transition_probs": [
        [
            0.6328298449516296,
            0.36717018485069275
        ],
        [
            0.9999874830245972,
            1.2550782230391633e-05
        ]
    ],
    "transition_logits": [
        [
            0.6743803024291992,
            0.13000422716140747
        ],
        [
            6.493405818939209,
            -4.792308807373047
        ]
    ],
    "posterior_probs": [
        [
            0.999519944190979,
            0.0004800940223503858
        ],
        [
            0.7029523849487305,
            0.29704758524894714
        ],
        [
            0.6384347081184387,
            0.3615652620792389
        ],
        [
            0.6179566979408264,
            0.3820432722568512
        ],
        [
            0.8900909423828125,
            0.10990898311138153
        ],
        [
            0.8038544058799744,
            0.1961456686258316
        ],
        [
            0.40496787428855896,
            0.5950320959091187
        ],
        [
            0.9476984739303589,
            0.05230152606964111
        ],
        [
            0.4519500136375427,
            0.5480499267578125
        ],
        [
            0.8266314268112183,
            0.17336854338645935
        ],
        [
            0.4633959233760834,
            0.5366041660308838
        ],
        [
            0.972933828830719,
            0.027066176757216454
        ],
        [
            0.4356238842010498,
            0.5643761157989502
        ],
        [
            0.9969563484191895,
            0.003043663688004017
        ],
        [
            1.0,
            1.6233270727639137e-08
        ],
        [
            0.08609718829393387,
            0.9139028191566467
        ],
        [
            0.999354898929596,
            0.0006450587534345686
        ],
        [
            0.10276209563016891,
            0.8972378969192505
        ],
        [
            0.9920646548271179,
            0.007935350760817528
        ],
        [
            1.0,
            4.976057647796891e-21
        ],
        [
            0.9924430251121521,
            0.007556930184364319
        ],
        [
            0.270797997713089,
            0.7292020320892334
        ],
        [
            0.8182063102722168,
            0.1817937046289444
        ],
        [
            0.9995906949043274,
            0.0004093692114111036
        ],
        [
            0.2997798025608063,
            0.7002202272415161
        ],
        [
            0.9182012677192688,
            0.08179867267608643
        ],
        [
            0.29979658126831055,
            0.7002033591270447
        ],
        [
            1.0,
            7.28284765827425e-10
        ],
        [
            0.22077201306819916,
            0.7792280316352844
        ],
        [
            0.888764500617981,
            0.11123555898666382
        ],
        [
            0.999991774559021,
            8.278920176962856e-06
        ],
        [
            0.1701381951570511,
            0.8298617601394653
        ],
        [
            0.9893209934234619,
            0.010679037310183048
        ],
        [
            1.0,
            1.1775052603069479e-24
        ],
        [
            0.5840811729431152,
            0.41591876745224
        ],
        [
            0.6052660346031189,
            0.39473405480384827
        ],
        [
            0.9999979734420776,
            2.0570917058648774e-06
        ],
        [
            0.9920234680175781,
            0.00797656923532486
        ],
        [
            0.4350912868976593,
            0.5649087429046631
        ],
        [
            0.8428525328636169,
            0.15714746713638306
        ],
        [
            0.42045271396636963,
            0.5795472860336304
        ],
        [
            1.0,
            4.2604177963312395e-08
        ],
        [
            0.885719895362854,
            0.11428007483482361
        ],
        [
            0.9978805780410767,
            0.002119394950568676
        ],
        [
            0.997899055480957,
            0.0021009123884141445
        ],
        [
            0.32706940174102783,
            0.6729306578636169
        ],
        [
            0.989565372467041,
            0.010434672236442566
        ],
        [
            0.751290500164032,
            0.24870948493480682
        ],
        [
            0.5732510685920715,
            0.42674896121025085
        ],
        [
            0.8394462466239929,
            0.1605537384748459
        ],
        [
            0.4323423504829407,
            0.5676576495170593
        ],
        [
            0.9999959468841553,
            4.086826720595127e-06
        ],
        [
            9.267060704587493e-06,
            0.999990701675415
        ],
        [
            0.9999738931655884,
            2.6155077648581937e-05
        ],
        [
            0.5522425770759583,
            0.447757363319397
        ],
        [
            0.845103919506073,
            0.15489612519741058
        ],
        [
            0.4185864329338074,
            0.5814135670661926
        ],
        [
            1.0,
            3.5328890420766035e-14
        ],
        [
            0.8785293698310852,
            0.12147064507007599
        ],
        [
            1.0,
            5.4440422176589586e-17
        ],
        [
            0.7285861372947693,
            0.2714138329029083
        ],
        [
            0.6159138679504395,
            0.38408610224723816
        ],
        [
            0.6951270699501038,
            0.30487293004989624
        ],
        [
            0.990373969078064,
            0.009626012295484543
        ],
        [
            0.30031895637512207,
            0.6996810436248779
        ],
        [
            0.9423226714134216,
            0.05767732113599777
        ],
        [
            0.558375895023346,
            0.44162407517433167
        ],
        [
            0.9999982118606567,
            1.7907676692630048e-06
        ],
        [
            0.9999990463256836,
            9.99912117549684e-07
        ],
        [
            0.9988210797309875,
            0.001178905600681901
        ],
        [
            0.3226451873779297,
            0.6773548126220703
        ],
        [
            1.0,
            4.6483934918179346e-23
        ],
        [
            0.038375429809093475,
            0.9616245627403259
        ],
        [
            0.9869922399520874,
            0.013007750734686852
        ],
        [
            0.6885265111923218,
            0.3114734888076782
        ],
        [
            0.9999043941497803,
            9.560809849062935e-05
        ],
        [
            0.45261627435684204,
            0.5473837852478027
        ],
        [
            0.9140929579734802,
            0.08590707927942276
        ],
        [
            0.21480849385261536,
            0.785191535949707
        ],
        [
            0.99298495054245,
            0.007014982867985964
        ],
        [
            0.5520605444908142,
            0.4479394555091858
        ],
        [
            0.9997653365135193,
            0.0002346596884308383
        ],
        [
            0.3457435369491577,
            0.6542564630508423
        ],
        [
            0.9999992847442627,
            7.658438221369579e-07
        ],
        [
            0.5333917737007141,
            0.4666082561016083
        ],
        [
            0.7236071228981018,
            0.2763928771018982
        ],
        [
            1.0,
            2.7135899863944823e-14
        ],
        [
            0.9999710321426392,
            2.8927101084263995e-05
        ],
        [
