{
    "initial_probs": [
        3.910864325007424e-05,
        0.9999608993530273
    ],
    "initial_logits": [
        -4.574331760406494,
        5.574796199798584
    ],
    "transition_probs": [
        [
            0.9323920011520386,
            0.06760794669389725
        ],
        [
            0.01651478186249733,
            0.9834852814674377
        ]
    ],
    "transition_logits": [
        [
            1.623888373374939,
            -1.0001392364501953
        ],
        [
            -1.9335633516311646,
            2.1532833576202393
        ]
    ],
    "posterior_probs": [
        [
            2.131138643335362e-08,
            1.0
        ],
        [
            1.3624067833006848e-05,
            0.9999864101409912
        ],
        [
            1.0738322998804506e-05,
            0.9999892711639404
        ],
        [
            4.631120191334048e-06,
            0.9999953508377075
        ],
        [
            1.1455585081421304e-05,
            0.9999885559082031
        ],
        [
            4.039491159346653e-06,
            0.9999959468841553
        ],
        [
            6.859915174572961e-06,
            0.999993085861206
        ],
        [
            7.805029781593475e-06,
            0.9999922513961792
        ],
        [
            9.205453534377739e-05,
            0.9999079704284668
        ],
        [
            0.012609361670911312,
            0.9873906373977661
        ],
        [
            0.3872810900211334,
            0.6127188801765442
        ],
        [
            0.034533776342868805,
            0.9654662609100342
        ],
        [
            0.00010241854761261493,
            0.9998975992202759
        ],
        [
            0.0001187494708574377,
            0.9998812675476074
        ],
        [
            1.799017445591744e-05,
            0.9999819993972778
        ],
        [
            8.456128853140399e-06,
            0.9999915361404419
        ],
        [
            6.6136476561950985e-06,
            0.9999934434890747
        ],
        [
            2.454020250297617e-05,
            0.9999754428863525
        ],
        [
            6.446312909247354e-06,
            0.9999935626983643
        ],
        [
            7.225803074106807e-06,
            0.9999927282333374
        ],
        [
            8.162013546098024e-05,
            0.9999183416366577
        ],
        [
            6.412173206626903e-06,
            0.9999935626983643
        ],
        [
            0.0003858542477246374,
            0.9996141195297241
        ],
        [
            4.4578973756870255e-05,
            0.999955415725708
        ],
        [
            4.059627826791257e-05,
            0.9999593496322632
        ],
        [
            0.00013911670248489827,
            0.9998608827590942
        ],
        [
            0.00012630500714294612,
            0.9998736381530762
        ],
        [
            6.295063485595165e-06,
            0.9999936819076538
        ],
        [
            4.21429103880655e-05,
            0.999957799911499
        ],
        [
            6.74808252369985e-05,
            0.9999325275421143
        ],
        [
            7.533045845775632e-06,
            0.9999924898147583
        ],
        [
            0.0018630347913131118,
            0.9981369972229004
        ],
        [
            0.005231906194239855,
            0.9947681427001953
        ],
        [
            0.9517655968666077,
            0.04823439568281174
        ],
        [
            1.0,
            1.2129384163728218e-09
        ],
        [
            0.9999927282333374,
            7.227788046293426e-06
        ],
        [
            1.0,
            2.431111681324566e-13
        ],
        [
            1.0,
            8.41118895453935e-14
        ],
        [
            1.0,
            1.3740827364827624e-09
        ],
        [
            1.0,
            2.0665003930275816e-08
        ],
        [
            0.9999998807907104,
            1.591668592482165e-07
        ],
        [
            0.9999984502792358,
            1.5905199006738258e-06
        ],
        [
            1.0,
            3.167716755569927e-08
        ],
        [
            0.9999997615814209,
            2.891235055813013e-07
        ],
        [
            1.0,
            1.9545071117121893e-10
        ],
        [
            1.0,
            4.3900425517051644e-09
        ],
        [
            1.0,
            5.406192382650943e-09
        ],
        [
            1.0,
            3.1029758762457504e-09
        ],
        [
            1.0,
            6.392175122549304e-10
        ],
        [
            0.9999983310699463,
            1.7109672398873954e-06
        ],
        [
            0.9999735355377197,
            2.645984204718843e-05
        ],
        [
            1.0,
            4.376670738066163e-14
        ],
        [
            1.0,
            1.2799806548002834e-08
        ],
        [
            1.0,
            1.7623794645871271e-09
        ],
        [
            0.9999991655349731,
            7.986178616192774e-07
        ],
        [
            1.0,
            5.286866411324809e-08
        ],
        [
            1.0,
            3.065705987139421e-14
        ],
        [
            1.0,
            1.209666922186159e-09
        ],
        [
            1.0,
            9.995535954487877e-09
        ],
        [
            0.9999996423721313,
            3.3404327837160963e-07
        ],
        [
            1.0,
            1.806495042444567e-08
        ],
        [
            0.20352071523666382,
            0.7964792847633362
        ],
        [
            0.20131593942642212,
            0.7986840605735779
        ],
        [
            0.0006994271534495056,
            0.9993005990982056
        ],
        [
            1.1015556992788333e-05,
            0.9999890327453613
        ],
        [
            3.968560577050084e-06,
            0.9999960660934448
        ],
        [
            4.241935312165879e-05,
            0.9999575614929199
        ],
        [
            5.890612555958796e-06,
            0.999994158744812
        ],
        [
            1.849818363552913e-05,
            0.9999815225601196
        ],
        [
            2.130259235855192e-05,
            0.9999786615371704
        ],
        [
            3.670178784886957e-06,
            0.9999963045120239
        ],
        [
            7.684903721383307e-06,
            0.9999923706054688
        ],
        [
            3.6812903999816626e-05,
            0.9999631643295288
        ],
        [
            6.742679397575557e-05,
            0.9999325275421143
        ],
        [
            2.3478703951695934e-05,
            0.9999765157699585
        ],
        [
            4.913091743219411e-06,
            0.9999951124191284
        ],
        [
            1.0385812856839038e-05,
            0.9999896287918091
        ],
        [
            0.0005074321525171399,
            0.9994925260543823
        ],
        [
            4.4621167035074905e-05,
            0.999955415725708
        ],
        [
            0.004695459268987179,
            0.9953045845031738
        ],
        [
            1.0,
            1.7202092195134355e-08
        ],
        [
            0.9998984336853027,
            0.00010152241884497926
        ],
        [
            0.9999960660934448,
            3.982147973147221e-06
        ],
        [
            0.9999988079071045,
            1.2007252507828525e-06
        ],
        [
            0.9999954700469971,
            4.588879619404906e-06
        ],
        [
            0.9999849796295166,
            1.5015351891634054e-05
        ],
        [
            0.9998365640640259,
            0.00016335499822162092
        ],
        [
            0.028211364522576332,
            0.9717886447906494
        ],
        [
            0.00029244765755720437,
