{
    "initial_probs": [
        7.712138904025778e-05,
        0.9999228715896606
    ],
    "initial_logits": [
        -4.585878372192383,
        4.884174346923828
    ],
    "transition_probs": [
        [
            0.7875256538391113,
            0.21247437596321106
        ],
        [
            0.03663177043199539,
            0.9633682370185852
        ]
    ],
    "transition_logits": [
        [
            1.3004239797592163,
            -0.009650619700551033
        ],
        [
            -1.3232728242874146,
            1.9462469816207886
        ]
    ],
    "posterior_probs": [
        [
            5.484881739903358e-07,
            0.9999994039535522
        ],
        [
            0.00028881896287202835,
            0.9997112154960632
        ],
        [
            0.00018446575268171728,
            0.9998155236244202
        ],
        [
            0.0004273447848390788,
            0.9995726943016052
        ],
        [
            0.0012787909945473075,
            0.998721182346344
        ],
        [
            0.0070664542727172375,
            0.9929335117340088
        ],
        [
            0.0008361285435967147,
            0.9991638660430908
        ],
        [
            0.0018681351793929935,
            0.9981319308280945
        ],
        [
            0.00021736486814916134,
            0.9997826218605042
        ],
        [
            0.0006548082455992699,
            0.9993451237678528
        ],
        [
            0.0004083339881617576,
            0.9995916485786438
        ],
        [
            0.00043660460505634546,
            0.9995633959770203
        ],
        [
            0.0014096602099016309,
            0.9985902905464172
        ],
        [
            0.00029517259099520743,
            0.9997047781944275
        ],
        [
            0.00033156838617287576,
            0.9996684789657593
        ],
        [
            0.0003460496664047241,
            0.9996539354324341
        ],
        [
            0.000656222749967128,
            0.9993438124656677
        ],
        [
            0.0004839222237933427,
            0.9995161294937134
        ],
        [
            0.00043139190529473126,
            0.9995686411857605
        ],
        [
            0.0003340763214509934,
            0.9996659755706787
        ],
        [
            0.002640700899064541,
            0.9973593354225159
        ],
        [
            0.00026891863672062755,
            0.9997311234474182
        ],
        [
            0.00015929299115668982,
            0.9998407363891602
        ],
        [
            0.0012640751665458083,
            0.9987359642982483
        ],
        [
            0.00018009032646659762,
            0.9998199343681335
        ],
        [
            0.00042302251677028835,
            0.999576985836029
        ],
        [
            0.00039499488775618374,
            0.9996050000190735
        ],
        [
            0.0001759058504831046,
            0.9998241066932678
        ],
        [
            0.0010568771976977587,
            0.9989431500434875
        ],
        [
            0.0003203767992090434,
            0.999679684638977
        ],
        [
            0.004818257410079241,
            0.9951817393302917
        ],
        [
            0.025999443605542183,
            0.9740005731582642
        ],
        [
            0.838836669921875,
            0.16116341948509216
        ],
        [
            0.8248656988143921,
            0.1751343160867691
        ],
        [
            0.3154195547103882,
            0.684580385684967
        ],
        [
            0.26654666662216187,
            0.7334533333778381
        ],
        [
            0.03045538440346718,
            0.9695446491241455
        ],
        [
            0.007001497782766819,
            0.992998480796814
        ],
        [
            0.0008472605841234326,
            0.9991527795791626
        ],
        [
            0.0008679305901750922,
            0.9991320967674255
        ],
        [
            0.001887439051643014,
            0.9981125593185425
        ],
        [
            0.0006193295703269541,
            0.9993805885314941
        ],
        [
            0.0056931148283183575,
            0.9943068623542786
        ],
        [
            0.022078998386859894,
            0.9779209494590759
        ],
        [
            0.038925375789403915,
            0.9610745906829834
        ],
        [
            0.002503353636711836,
            0.9974966645240784
        ],
        [
            0.04040711000561714,
            0.9595929384231567
        ],
        [
            0.9211001992225647,
            0.0788998231291771
        ],
        [
            0.03996687009930611,
            0.960033118724823
        ],
        [
            0.0010232077911496162,
            0.9989768266677856
        ],
        [
            0.0005000760429538786,
            0.9994999170303345
        ],
        [
            0.0006637757760472596,
            0.9993361830711365
        ],
        [
            0.0003610750718507916,
            0.9996389150619507
        ],
        [
            0.0003015556139871478,
            0.9996985197067261
        ],
        [
            0.0008622921304777265,
            0.9991376399993896
        ],
        [
            0.0002673805574886501,
            0.9997325539588928
        ],
        [
            0.0013752052327618003,
            0.9986248016357422
        ],
        [
            0.0027297334745526314,
            0.9972702860832214
        ],
        [
            0.00613410584628582,
            0.9938659071922302
        ],
        [
            0.010362992063164711,
            0.9896370768547058
        ],
        [
            0.0018109279917553067,
            0.9981890320777893
        ],
        [
            0.0002202807809226215,
            0.9997797608375549
        ],
        [
            0.00023846689146012068,
            0.9997615218162537
        ],
        [
            0.00016098484047688544,
            0.9998389482498169
        ],
        [
            0.00018034051754511893,
            0.9998196959495544
        ],
        [
            0.00019151292508468032,
            0.9998084902763367
        ],
        [
            0.0027913968078792095,
            0.9972086548805237
        ],
        [
            0.00043948082020506263,
            0.999560534954071
        ],
        [
            0.001256795134395361,
            0.9987432360649109
        ],
        [
            0.003915418405085802,
            0.9960845708847046
        ],
        [
            0.0005096037057228386,
            0.9994903802871704
        ],
        [
            0.0014514094218611717,
            0.9985485672950745
        ],
        [
            0.0014363178052008152,
            0.9985637068748474
        ],
        [
            0.0007558665820397437,
            0.999244213104248
        ],
        [
            0.0004417253367137164,
            0.9995582699775696
        ],
        [
            0.00034846505150198936,
            0.9996515512466431
        ],
        [
            0.0011391113512217999,
            0.9988609552383423
        ],
        [
            0.0013356144772842526,
            0.998664379119873
        ],
        [
            0.004125652834773064,
            0.9958743453025818
        ],
        [
            0.2496429830789566,
            0.7503570318222046
        ],
        [
            0.8766483664512634,
            0.12335159629583359
        ],
        [
            1.0,
            2.5860266816835065e-08
        ],
        [
            0.9999998807907104,
            8.429330478065822e-08
        ],
        [
            1.0,
            8.699078783702685e-12
        ],
        [
            0.9999419450759888,
            5.807864363305271e-05
        ],
        [
            1.0,
