{
    "initial_probs": [
        0.00011445522250141948,
        0.9998855590820312
    ],
    "initial_logits": [
        -3.733224868774414,
        5.341987133026123
    ],
    "transition_probs": [
        [
            0.8165072202682495,
            0.18349282443523407
        ],
        [
            0.07214345037937164,
            0.9278565049171448
        ]
    ],
    "transition_logits": [
        [
            1.226999282836914,
            -0.265860915184021
        ],
        [
            -1.0361636877059937,
            1.5180569887161255
        ]
    ],
    "posterior_probs": [
        [
            9.977935633287416e-07,
            0.9999990463256836
        ],
        [
            0.0008587238262407482,
            0.9991412162780762
        ],
        [
            0.0007979064248502254,
            0.9992020726203918
        ],
        [
            0.0007987829158082604,
            0.999201238155365
        ],
        [
            0.0007678308174945414,
            0.9992321729660034
        ],
        [
            0.0009341727709397674,
            0.9990658164024353
        ],
        [
            0.0028801443986594677,
            0.9971199035644531
        ],
        [
            0.01259664073586464,
            0.987403392791748
        ],
        [
            0.007889118045568466,
            0.9921108484268188
        ],
        [
            0.004291674587875605,
            0.9957083463668823
        ],
        [
            0.0545935183763504,
            0.9454064965248108
        ],
        [
            0.4332619309425354,
            0.5667380094528198
        ],
        [
            0.18766944110393524,
            0.8123305439949036
        ],
        [
            0.15102584660053253,
            0.8489741086959839
        ],
        [
            0.28723958134651184,
            0.7127604484558105
        ],
        [
            1.0,
            2.6536097763596445e-09
        ],
        [
            0.036800824105739594,
            0.9631991982460022
        ],
        [
            0.0020135180093348026,
            0.9979864358901978
        ],
        [
            0.001001053606159985,
            0.9989989399909973
        ],
        [
            0.0008014300256036222,
            0.9991986155509949
        ],
        [
            0.0009226521360687912,
            0.999077320098877
        ],
        [
            0.0014165828470140696,
            0.9985834360122681
        ],
        [
            0.0009212466538883746,
            0.9990787506103516
        ],
        [
            0.004740994889289141,
            0.9952589869499207
        ],
        [
            0.005181049928069115,
            0.9948189854621887
        ],
        [
            0.0015817636158317327,
            0.9984182119369507
        ],
        [
            0.0009414209052920341,
            0.9990585446357727
        ],
        [
            0.0007017934694886208,
            0.9992982149124146
        ],
        [
            0.0008270256221294403,
            0.9991729855537415
        ],
        [
            0.002940136007964611,
            0.9970598816871643
        ],
        [
            0.0011722048511728644,
            0.9988277554512024
        ],
        [
            0.005026718135923147,
            0.9949733018875122
        ],
        [
            0.09663783013820648,
            0.9033620953559875
        ],
        [
            0.032744042575359344,
            0.9672560095787048
        ],
        [
            0.01606938987970352,
            0.9839306473731995
        ],
        [
            0.03623337298631668,
            0.9637665748596191
        ],
        [
            0.005489396397024393,
            0.9945105314254761
        ],
        [
            0.0015145759098231792,
            0.9984855055809021
        ],
        [
            0.001006654230877757,
            0.9989933371543884
        ],
        [
            0.0029734685085713863,
            0.9970265030860901
        ],
        [
            0.0016883324133232236,
            0.9983116388320923
        ],
        [
            0.001993048470467329,
            0.9980069994926453
        ],
        [
            0.0008736723684705794,
            0.9991263747215271
        ],
        [
            0.0013172713806852698,
            0.9986826777458191
        ],
        [
            0.011957491748034954,
            0.9880424737930298
        ],
        [
            0.1315702199935913,
            0.8684297800064087
        ],
        [
            0.9475671052932739,
            0.05243290588259697
        ],
        [
            0.999970555305481,
            2.9425809771055356e-05
        ],
        [
            1.0,
            6.8828347465910156e-09
        ],
        [
            0.9996825456619263,
            0.00031743128784000874
        ],
        [
            1.0,
            3.2074542133386785e-08
        ],
        [
            0.9999998807907104,
            1.2298616525185935e-07
        ],
        [
            0.9844985604286194,
            0.015501442365348339
        ],
        [
            1.0,
            2.7655044476659896e-08
        ],
        [
            1.0,
            3.667054215839016e-08
        ],
        [
            1.0,
            1.6768314514692406e-09
        ],
        [
            1.0,
            2.1146991713294483e-08
        ],
        [
            1.0,
            6.509424249623308e-11
        ],
        [
            0.9999690055847168,
            3.1047566153574735e-05
        ],
        [
            0.9999961853027344,
            3.851100700558163e-06
        ],
        [
            0.981238067150116,
            0.018761927261948586
        ],
        [
            0.8270110487937927,
            0.17298893630504608
        ],
        [
            0.5004997253417969,
            0.4995002746582031
        ],
        [
            0.30159661173820496,
            0.6984033584594727
        ],
        [
            0.2019582837820053,
            0.7980417609214783
        ],
        [
            0.018835948780179024,
            0.9811640381813049
        ],
        [
            0.004336440935730934,
            0.995663583278656
        ],
        [
            0.0036298988852649927,
            0.9963700771331787
        ],
        [
            0.041738469153642654,
            0.9582615494728088
        ],
        [
            0.5729244351387024,
            0.4270756244659424
        ],
        [
            0.9961332082748413,
            0.0038667451590299606
        ],
        [
            0.05826708301901817,
            0.9417328834533691
        ],
        [
            0.007009883411228657,
            0.9929901361465454
        ],
        [
            0.03580265864729881,
            0.9641973972320557
        ],
        [
            0.4758032262325287,
            0.5241968035697937
        ],
        [
            0.9990212917327881,
            0.0009786771843209863
        ],
        [
            0.9999961853027344,
            3.840948011202272e-06
        ],
        [
            0.8289647698402405,
            0.17103523015975952
        ],
        [
            0.9995179176330566,
            0.00048210262320935726
        ],
        [
            1.0,
            7.403270441130871e-09
        ],
        [
            0.08840008825063705,
            0.9115999341011047
        ],
        [
            0.023774318397045135,
            0.976225733757019
        ],
        [
            0.10333505272865295,
            0.8966649174690247
        ],
        [
            0.12798261642456055,
            0.8720173239707947
        ],
        [
            0.03013242967426777,
            0.9698675870895386
        ],
        [
            0.0035957342479377985,
            0.9964042901992798
        ],
        [
            0.0016615173080936074,
            0.9983384609222412
        ],
        [
