{
    "initial_probs": [
        0.9999943971633911,
        5.6458225117239635e-06
    ],
    "initial_logits": [
        6.22769021987915,
        -5.856899261474609
    ],
    "transition_probs": [
        [
            0.9627362489700317,
            0.03726376220583916
        ],
        [
            0.03194060176610947,
            0.9680593609809875
        ]
    ],
    "transition_logits": [
        [
            2.1493330001831055,
            -1.1024249792099
        ],
        [
            -1.10697340965271,
            2.3044419288635254
        ]
    ],
    "posterior_probs": [
        [
            0.9999998807907104,
            1.744894717603529e-07
        ],
        [
            0.9993280172348022,
            0.0006719687953591347
        ],
        [
            0.9998020529747009,
            0.00019792285456787795
        ],
        [
            0.9997877478599548,
            0.00021228534751571715
        ],
        [
            0.9998730421066284,
            0.00012689991854131222
        ],
        [
            0.9747138023376465,
            0.025286177173256874
        ],
        [
            0.46884381771087646,
            0.5311561822891235
        ],
        [
            0.21285003423690796,
            0.7871499061584473
        ],
        [
            0.01682128570973873,
            0.9831787347793579
        ],
        [
            0.0022541796788573265,
            0.9977458119392395
        ],
        [
            0.0006268309662118554,
            0.9993731379508972
        ],
        [
            0.0002402652899036184,
            0.9997597336769104
        ],
        [
            3.820928395725787e-05,
            0.9999617338180542
        ],
        [
            7.144735718611628e-05,
            0.9999285936355591
        ],
        [
            1.941299888130743e-05,
            0.9999805688858032
        ],
        [
            1.6553256500628777e-05,
            0.9999834299087524
        ],
        [
            0.00013479904737323523,
            0.9998651742935181
        ],
        [
            5.455125915432291e-07,
            0.9999994039535522
        ],
        [
            0.000594868790358305,
            0.9994051456451416
        ],
        [
            1.6646264384689857e-06,
            0.9999983310699463
        ],
        [
            0.00047769653610885143,
            0.99952232837677
        ],
        [
            0.0012757641961798072,
            0.9987241625785828
        ],
        [
            0.006225380580872297,
            0.9937746524810791
        ],
        [
            0.10883548110723495,
            0.8911644816398621
        ],
        [
            0.9999866485595703,
            1.3307455446920358e-05
        ],
        [
            0.9999996423721313,
            3.849069969419361e-07
        ],
        [
            1.0,
            1.62345088483562e-08
        ],
        [
            0.981232762336731,
            0.01876726560294628
        ],
        [
            0.48108813166618347,
            0.5189118981361389
        ],
        [
            0.049432482570409775,
            0.9505674839019775
        ],
        [
            0.0005460422253236175,
            0.9994539618492126
        ],
        [
            5.209885330259567e-06,
            0.9999947547912598
        ],
        [
            1.055178833198056e-09,
            1.0
        ],
        [
            0.00011361509677954018,
            0.9998863935470581
        ],
        [
            0.00021168382954783738,
            0.9997883439064026
        ],
        [
            0.0002363175735808909,
            0.9997636675834656
        ],
        [
            0.0009774694917723536,
            0.9990224838256836
        ],
        [
            3.449933137744665e-05,
            0.9999655485153198
        ],
        [
            5.319030549344461e-08,
            1.0
        ],
        [
            0.00012397579848766327,
            0.9998760223388672
        ],
        [
            4.081464624050568e-07,
            0.9999996423721313
        ],
        [
            5.019787749915849e-06,
            0.9999949932098389
        ],
        [
            0.0004465414967853576,
            0.999553382396698
        ],
        [
            2.837508509401232e-05,
            0.9999716281890869
        ],
        [
            0.0003127213567495346,
            0.9996873140335083
        ],
        [
            4.7717498091515154e-05,
            0.9999523162841797
        ],
        [
            4.325776785663038e-07,
            0.9999995231628418
        ],
        [
            0.0006560325855389237,
            0.9993439316749573
        ],
        [
            0.0005509271286427975,
            0.9994490742683411
        ],
        [
            2.964527993754018e-05,
            0.9999703168869019
        ],
        [
            6.635733825532952e-06,
            0.9999933242797852
        ],
        [
            0.00018167708185501397,
            0.9998183846473694
        ],
        [
            1.3566402685682988e-06,
            0.9999986886978149
        ],
        [
            0.0002146954502677545,
            0.9997853636741638
        ],
        [
            6.424400567084376e-08,
            0.9999998807907104
        ],
        [
            2.074144867947325e-05,
            0.9999792575836182
        ],
        [
            9.3964918050915e-06,
            0.9999905824661255
        ],
        [
            1.6240526747424155e-05,
            0.9999837875366211
        ],
        [
            8.557272667530924e-05,
            0.9999144077301025
        ],
        [
            0.00011954749788856134,
            0.9998804330825806
        ],
        [
            6.326074071694165e-05,
            0.9999366998672485
        ],
        [
            1.0191697583650239e-05,
            0.9999898672103882
        ],
        [
            8.648099901620299e-05,
            0.9999134540557861
        ],
        [
            8.634826372144744e-06,
            0.9999914169311523
        ],
        [
            0.00016269342449959368,
            0.9998372793197632
        ],
        [
            0.000503427698276937,
            0.999496579170227
        ],
        [
            1.3865032997273374e-05,
            0.9999861717224121
        ],
        [
            3.133392567633564e-08,
            1.0
        ],
        [
            3.295070200692862e-05,
            0.999967098236084
        ],
        [
            0.0023886451963335276,
            0.997611403465271
        ],
        [
            0.00446607731282711,
            0.9955339431762695
        ],
        [
            0.01038696151226759,
            0.9896129965782166
        ],
        [
            0.18310469388961792,
            0.8168953061103821
        ],
        [
            0.2338375449180603,
            0.7661623954772949
        ],
        [
            0.27319249510765076,
            0.7268075346946716
        ],
        [
            0.06989406049251556,
            0.930105984210968
        ],
        [
            0.007166234776377678,
            0.9928337335586548
        ],
        [
            0.001223812927491963,
            0.9987761378288269
        ],
        [
            0.00148620770778507,
            0.9985137581825256
        ],
        [
            0.015251257456839085,
            0.9847487807273865
        ],
        [
            0.009523924440145493,
            0.9904760122299194
        ],
        [
            0.010455570183694363,
            0.9895444512367249
        ],
        [
            0.09408298879861832,
            0.9059170484542847
        ],
        [
            0.2427157163619995,
            0.7572843432426453
        ],
        [
            0.9600146412849426,
            0.03998531401157379
        ],
        [
            0.9994015693664551,
            0.0005984719609841704
        ],
        [
