{
    "initial_probs": [
        5.073188276583096e-06,
        0.9999948740005493
    ],
    "initial_logits": [
        -5.590418815612793,
        6.60111665725708
    ],
    "transition_probs": [
        [
            0.8644701242446899,
            0.13552989065647125
        ],
        [
            0.029807239770889282,
            0.9701927900314331
        ]
    ],
    "transition_logits": [
        [
            1.1834217309951782,
            -0.6695029139518738
        ],
        [
            -1.5749895572662354,
            1.9077539443969727
        ]
    ],
    "posterior_probs": [
        [
            1.3896026018755947e-07,
            0.9999998807907104
        ],
        [
            0.0013196623185649514,
            0.9986802935600281
        ],
        [
            0.00108031474519521,
            0.9989197254180908
        ],
        [
            0.0008918125531636178,
            0.9991081357002258
        ],
        [
            0.0017298284219577909,
            0.9982701539993286
        ],
        [
            0.0009381402051076293,
            0.9990618824958801
        ],
        [
            0.0008542841533198953,
            0.9991457462310791
        ],
        [
            0.0009644741658121347,
            0.9990355968475342
        ],
        [
            0.0018180583138018847,
            0.998181939125061
        ],
        [
            0.0019731768406927586,
            0.9980267882347107
        ],
        [
            0.004267811309546232,
            0.9957322478294373
        ],
        [
            0.013052687980234623,
            0.9869472980499268
        ],
        [
            0.003137362888082862,
            0.9968626499176025
        ],
        [
            0.004659973084926605,
            0.9953399896621704
        ],
        [
            0.01916070654988289,
            0.9808392524719238
        ],
        [
            0.03529728576540947,
            0.9647027254104614
        ],
        [
            0.160087451338768,
            0.8399125337600708
        ],
        [
            0.09339724481105804,
            0.906602680683136
        ],
        [
            0.031571146100759506,
            0.9684288501739502
        ],
        [
            0.020117973908782005,
            0.979882001876831
        ],
        [
            0.012232238426804543,
            0.98776775598526
        ],
        [
            0.004186754114925861,
            0.9958131909370422
        ],
        [
            0.0029836189933121204,
            0.997016429901123
        ],
        [
            0.0028891856782138348,
            0.9971108436584473
        ],
        [
            0.007020512595772743,
            0.9929794669151306
        ],
        [
            0.027001559734344482,
            0.9729984402656555
        ],
        [
            0.01677265204489231,
            0.9832273721694946
        ],
        [
            0.013338195160031319,
            0.9866618514060974
        ],
        [
            0.010425143875181675,
            0.9895748496055603
        ],
        [
            0.04038729518651962,
            0.9596127271652222
        ],
        [
            0.006053977645933628,
            0.9939460158348083
        ],
        [
            0.0019536816980689764,
            0.9980462789535522
        ],
        [
            0.0019076974131166935,
            0.9980922341346741
        ],
        [
            0.00362289696931839,
            0.9963770508766174
        ],
        [
            0.01877428963780403,
            0.9812256693840027
        ],
        [
            0.14541661739349365,
            0.8545834422111511
        ],
        [
            0.27841922640800476,
            0.7215807437896729
        ],
        [
            0.36257413029670715,
            0.6374258399009705
        ],
        [
            0.2170599400997162,
            0.7829400897026062
        ],
        [
            0.033843040466308594,
            0.9661570191383362
        ],
        [
            0.009348075836896896,
            0.9906519651412964
        ],
        [
            0.009749491699039936,
            0.9902504682540894
        ],
        [
            0.0020333612337708473,
            0.9979666471481323
        ],
        [
            0.00149654655251652,
            0.9985034465789795
        ],
        [
            0.0009623445803299546,
            0.9990376234054565
        ],
        [
            0.0009884679457172751,
            0.9990115165710449
        ],
        [
            0.0015669888816773891,
            0.9984330534934998
        ],
        [
            0.001251577166840434,
            0.9987484216690063
        ],
        [
            0.0008619899163022637,
            0.9991379976272583
        ],
        [
            0.0012976861326023936,
            0.9987022876739502
        ],
        [
            0.00227642385289073,
            0.9977235198020935
        ],
        [
            0.003788379020988941,
            0.9962116479873657
        ],
        [
            0.017221588641405106,
            0.9827783703804016
        ],
        [
            0.10450302064418793,
            0.8954969644546509
        ],
        [
            0.031945567578077316,
            0.9680544137954712
        ],
        [
            0.0313086211681366,
            0.9686914086341858
        ],
        [
            0.01422747503966093,
            0.9857725501060486
        ],
        [
            0.015795942395925522,
            0.9842039942741394
        ],
        [
            0.009401924908161163,
            0.9905980229377747
        ],
        [
            0.003091552061960101,
            0.9969084858894348
        ],
        [
            0.003022358985617757,
            0.996977686882019
        ],
        [
            0.002193877939134836,
            0.9978061318397522
        ],
        [
            0.0017142734723165631,
            0.998285710811615
        ],
        [
            0.000995802809484303,
            0.9990041851997375
        ],
        [
            0.0018935141852125525,
            0.9981064796447754
        ],
        [
            0.009910482913255692,
            0.9900895357131958
        ],
        [
            0.0767594650387764,
            0.9232405424118042
        ],
        [
            0.33344554901123047,
            0.6665544509887695
        ],
        [
            0.23513858020305634,
            0.7648614645004272
        ],
        [
            0.23657412827014923,
            0.7634259462356567
        ],
        [
            0.07091465592384338,
            0.9290853142738342
        ],
        [
            0.01297859288752079,
            0.9870213866233826
        ],
        [
            0.0035992893390357494,
            0.9964007139205933
        ],
        [
            0.005052041728049517,
            0.9949479103088379
        ],
        [
            0.00613968912512064,
            0.9938602447509766
        ],
        [
            0.004746326245367527,
            0.9952536821365356
        ],
        [
            0.0026166578754782677,
            0.9973832964897156
        ],
        [
            0.008498692885041237,
            0.9915013313293457
        ],
        [
            0.02916843257844448,
            0.970831573009491
        ],
        [
            0.15506847202777863,
            0.8449315428733826
        ],
        [
            0.4271988272666931,
            0.5728011727333069
        ],
        [
            0.9003040194511414,
            0.09969596564769745
        ],
        [
            0.986454427242279,
            0.013545598834753036
        ],
        [
            0.9905117154121399,
            0.009488294832408428
        ],
        [
            0.9782045483589172,
            0.02179548144340515
        ],
        [
            0.9582645893096924,
            0.041735418140888214
        ],
        [
