{
    "initial_probs": [
        0.9999918937683105,
        8.128445188049227e-06
    ],
    "initial_logits": [
        6.208739757537842,
        -5.511393070220947
    ],
    "transition_probs": [
        [
            0.9530792236328125,
            0.04692074656486511
        ],
        [
            0.9999696016311646,
            3.036663110833615e-05
        ]
    ],
    "transition_logits": [
        [
            1.679834008216858,
            -1.3314040899276733
        ],
        [
            5.925500392913818,
            -4.476635456085205
        ]
    ],
    "posterior_probs": [
        [
            1.0,
            3.1418875834354765e-10
        ],
        [
            0.9999756813049316,
            2.4325097911059856e-05
        ],
        [
            0.9999991655349731,
            7.892955977695237e-07
        ],
        [
            0.9999973773956299,
            2.65564221990644e-06
        ],
        [
            0.999992847442627,
            7.183479738159804e-06
        ],
        [
            0.9999793767929077,
            2.066941851808224e-05
        ],
        [
            0.9999293088912964,
            7.062687654979527e-05
        ],
        [
            0.9999897480010986,
            1.0270533493894618e-05
        ],
        [
            0.995093584060669,
            0.0049064490012824535
        ],
        [
            0.9999996423721313,
            3.190942834407906e-07
        ],
        [
            0.9999939203262329,
            6.091433078836417e-06
        ],
        [
            0.9999982118606567,
            1.7741225519785075e-06
        ],
        [
            0.9999738931655884,
            2.6079060262418352e-05
        ],
        [
            0.9999998807907104,
            1.562968350299343e-07
        ],
        [
            0.9999960660934448,
            3.891623236995656e-06
        ],
        [
            0.9998249411582947,
            0.00017504383868072182
        ],
        [
            0.999983549118042,
            1.648973011469934e-05
        ],
        [
            0.999990701675415,
            9.356574082630686e-06
        ],
        [
            0.9999939203262329,
            6.070277322578477e-06
        ],
        [
            0.9999986886978149,
            1.2948707990290131e-06
        ],
        [
            0.9999991655349731,
            8.678510425852437e-07
        ],
        [
            0.9999969005584717,
            3.149323902107426e-06
        ],
        [
            0.9999995231628418,
            4.4768691509489145e-07
        ],
        [
            0.9999994039535522,
            6.101067810959648e-07
        ],
        [
            0.9999994039535522,
            6.043251801202132e-07
        ],
        [
            0.9993234872817993,
            0.0006765027064830065
        ],
        [
            0.9999936819076538,
            6.272722657740815e-06
        ],
        [
            0.9999328851699829,
            6.705847044941038e-05
        ],
        [
            0.9999284744262695,
            7.147678843466565e-05
        ],
        [
            0.9999996423721313,
            3.9457029288314516e-07
        ],
        [
            0.9999997615814209,
            1.869743186944106e-07
        ],
        [
            0.9999996423721313,
            3.427458921123616e-07
        ],
        [
            0.9999997615814209,
            2.23659469611448e-07
        ],
        [
            0.9998217225074768,
            0.00017828065028879791
        ],
        [
            0.9998562335968018,
            0.00014374576858244836
        ],
        [
            0.9999969005584717,
            3.0568105557904346e-06
        ],
        [
            1.0,
            8.116399108359929e-09
        ],
        [
            0.014733930118381977,
            0.9852661490440369
        ],
        [
            0.9999996423721313,
            4.072257695497683e-07
        ],
        [
            0.9999691247940063,
            3.083229239564389e-05
        ],
        [
            0.9999967813491821,
            3.2676905448170146e-06
        ],
        [
            0.9948221445083618,
            0.005177904851734638
        ],
        [
            0.9999978542327881,
            2.1872745037399e-06
        ],
        [
            0.9999997615814209,
            2.7768271593231475e-07
        ],
        [
            0.9999996423721313,
            3.298066530987853e-07
        ],
        [
            0.9999785423278809,
            2.1496711269719526e-05
        ],
        [
            0.9999997615814209,
            2.1686751949800964e-07
        ],
        [
            0.9999994039535522,
            6.500401923403842e-07
        ],
        [
            0.9999997615814209,
            1.851488207194052e-07
        ],
        [
            0.9987758994102478,
            0.0012241487856954336
        ],
        [
            0.9999954700469971,
            4.588109277392505e-06
        ],
        [
            0.9999983310699463,
            1.7030879462254234e-06
        ],
        [
            0.9999687671661377,
            3.121429108432494e-05
        ],
        [
            0.9999997615814209,
            2.84194044297692e-07
        ],
        [
            0.9999996423721313,
            3.2548715012126195e-07
        ],
        [
            0.9999992847442627,
            7.704942390773795e-07
        ],
        [
            0.9999996423721313,
            3.535610630933661e-07
        ],
        [
            0.4301735460758209,
            0.5698264837265015
        ],
        [
            0.9999998807907104,
            1.3790410946512566e-07
        ],
        [
            0.9997238516807556,
            0.00027609526296146214
        ],
        [
            0.9999966621398926,
            3.3611445360293146e-06
        ],
        [
            0.9991683959960938,
            0.000831602665130049
        ],
        [
            0.9999041557312012,
            9.582423081155866e-05
        ],
        [
            0.9988698363304138,
            0.0011301877675577998
        ],
        [
            0.9999070167541504,
            9.297271026298404e-05
        ],
        [
            0.9997876286506653,
            0.0002123501180903986
        ],
        [
            1.0,
            2.7333271646057256e-08
        ],
        [
            0.008799714036285877,
            0.9912002682685852
        ],
        [
            0.9999997615814209,
            2.825725289312686e-07
        ],
        [
            1.0,
            2.7091608956197888e-08
        ],
        [
            0.0165476743131876,
            0.9834522604942322
        ],
        [
            0.9999972581863403,
            2.7072348984802375e-06
        ],
        [
            0.9999947547912598,
            5.231313934928039e-06
        ],
        [
            0.9999842643737793,
            1.5762498151161708e-05
        ],
        [
            0.999997615814209,
            2.348178441025084e-06
        ],
        [
            0.9999998807907104,
            1.770940087908457e-07
        ],
        [
            0.9999961853027344,
            3.823814040515572e-06
        ],
        [
            0.9999995231628418,
            4.404504068133974e-07
        ],
        [
            0.9999991655349731,
            7.865424436204194e-07
        ],
        [
            0.9999630451202393,
            3.698801083373837e-05
        ],
        [
            0.9999916553497314,
            8.312145837408025e-06
        ],
        [
            0.9999978542327881,
            2.183839569624979e-06
        ],
        [
            0.9999908208847046,
            9.185969247482717e-06
        ],
        [
            0.9999741315841675,
            2.5863879272947088e-05
        ],
        [
            0.9999984502792358,
            1.519248712611443e-06
        ],
        [
            0.9999997615814209,
