{
    "initial_probs": [
        0.999503493309021,
        0.000496484397444874
    ],
    "initial_logits": [
        4.526057720184326,
        -3.081403970718384
    ],
    "transition_probs": [
        [
            0.9891412258148193,
            0.010858742520213127
        ],
        [
            0.03157661855220795,
            0.9684233665466309
        ]
    ],
    "transition_logits": [
        [
            2.908949851989746,
            -1.6029164791107178
        ],
        [
            -1.1539762020111084,
            2.2692761421203613
        ]
    ],
    "posterior_probs": [
        [
            1.0,
            4.5365755596549207e-08
        ],
        [
            0.999998927116394,
            1.024186644826841e-06
        ],
        [
            0.9999996423721313,
            3.8634863130937447e-07
        ],
        [
            0.9999924898147583,
            7.497611022699857e-06
        ],
        [
            0.9999996423721313,
            3.082120656472398e-07
        ],
        [
            0.9999997615814209,
            2.9479895147233037e-07
        ],
        [
            0.9999964237213135,
            3.590552296373062e-06
        ],
        [
            0.9999997615814209,
            2.3451117669992527e-07
        ],
        [
            0.9999916553497314,
            8.392307790927589e-06
        ],
        [
            0.9999995231628418,
            4.3852577391589875e-07
        ],
        [
            0.9999840259552002,
            1.5994844943634234e-05
        ],
        [
            0.9999995231628418,
            4.6365633465939027e-07
        ],
        [
            0.9999943971633911,
            5.604334091913188e-06
        ],
        [
            0.9999997615814209,
            2.698548371427023e-07
        ],
        [
            0.9999823570251465,
            1.7603362721274607e-05
        ],
        [
            0.9999997615814209,
            2.0735051009523886e-07
        ],
        [
            0.9999997615814209,
            2.266241807546976e-07
        ],
        [
            0.9999946355819702,
            5.3936678341415245e-06
        ],
        [
            0.999995231628418,
            4.733678451884771e-06
        ],
        [
            0.999744713306427,
            0.00025523873046040535
        ],
        [
            0.9992875456809998,
            0.0007125329575501382
        ],
        [
            0.9999768733978271,
            2.3125645384425297e-05
        ],
        [
            0.9999997615814209,
            2.880446459130326e-07
        ],
        [
            0.9999994039535522,
            6.033577619746211e-07
        ],
        [
            0.999987006187439,
            1.301824795518769e-05
        ],
        [
            0.9999996423721313,
            3.4718314623205515e-07
        ],
        [
            0.9999996423721313,
            3.2170493113881093e-07
        ],
        [
            0.9999983310699463,
            1.6622659586573718e-06
        ],
        [
            0.9999992847442627,
            7.590698487547343e-07
        ],
        [
            0.9999957084655762,
            4.290577180654509e-06
        ],
        [
            0.9999986886978149,
            1.3418173239188036e-06
        ],
        [
            0.999997615814209,
            2.3482859887735685e-06
        ],
        [
            0.999994158744812,
            5.889803560421569e-06
        ],
        [
            0.9999927282333374,
            7.289813311217586e-06
        ],
        [
            0.9999995231628418,
            5.111263590151793e-07
        ],
        [
            0.9999974966049194,
            2.4878270323824836e-06
        ],
        [
            0.9999862909317017,
            1.3722543371841311e-05
        ],
        [
            0.9999992847442627,
            7.288996357601718e-07
        ],
        [
            0.9999985694885254,
            1.4618055956816534e-06
        ],
        [
            0.9999823570251465,
            1.762970714480616e-05
        ],
        [
            0.9999994039535522,
            5.611568667518441e-07
        ],
        [
            0.9999985694885254,
            1.4540639767801622e-06
        ],
        [
            0.9999995231628418,
            4.976964191882871e-07
        ],
        [
            0.9999983310699463,
            1.6479967825944186e-06
        ],
        [
            0.999997615814209,
            2.3507595869887155e-06
        ],
        [
            0.9999920129776001,
            8.042163244681433e-06
        ],
        [
            0.9999958276748657,
            4.1564767343516e-06
        ],
        [
            0.9998291730880737,
            0.00017076543008442968
        ],
        [
            0.9904138445854187,
            0.00958616379648447
        ],
        [
            0.9987491369247437,
            0.0012508335057646036
        ],
        [
            0.9999712705612183,
            2.868065348593518e-05
        ],
        [
            0.9999971389770508,
            2.830757466654177e-06
        ],
        [
            0.9999291896820068,
            7.085894321789965e-05
        ],
        [
            0.9999936819076538,
            6.2827807596477214e-06
        ],
        [
            0.9999990463256836,
            9.6913322522596e-07
        ],
        [
            0.9999971389770508,
            2.8231224860064685e-06
        ],
        [
            0.9999992847442627,
            7.360301879089093e-07
        ],
        [
            0.999997615814209,
            2.334780674573267e-06
        ],
        [
            0.9999977350234985,
            2.2903207081981236e-06
        ],
        [
            0.999433696269989,
            0.0005662598414346576
        ],
        [
            0.9977518916130066,
            0.0022480792831629515
        ],
        [
            9.357133123888417e-12,
            1.0
        ],
        [
            4.83044437782354e-10,
            1.0
        ],
        [
            9.359957947596698e-11,
            1.0
        ],
        [
            2.2455159259804347e-11,
            1.0
        ],
        [
            6.127441332104411e-10,
            1.0
        ],
        [
            3.5570210665802904e-10,
            1.0
        ],
        [
            8.209559957255049e-18,
            1.0
        ],
        [
            2.8548683417284337e-09,
            1.0
        ],
        [
            5.6420102286956417e-14,
            1.0
        ],
        [
            5.950688773737056e-06,
            0.9999940395355225
        ],
        [
            0.010603735223412514,
            0.9893962740898132
        ],
        [
            4.8242729255854044e-11,
            1.0
        ],
        [
            3.2040827781763814e-13,
            1.0
        ],
        [
            1.2595558649623317e-14,
            1.0
        ],
        [
            8.389755361791484e-13,
            1.0
        ],
        [
            5.312304957906522e-13,
            1.0
        ],
        [
            1.9180660615347733e-08,
            1.0
        ],
        [
            1.672130101049163e-09,
            1.0
        ],
        [
            3.2261553428725165e-08,
            1.0
        ],
        [
            3.917838411549371e-14,
            1.0
        ],
        [
            6.2299942982235734e-09,
            1.0
        ],
        [
            1.1782588793529669e-11,
            1.0
        ],
        [
            4.246561988093282e-15,
            1.0
        ],
        [
            1.527303439274874e-08,
            1.0
        ],
        [
            5.3550503739457564e-14,
            1.0
        ],
        [
            1.9182020555286172e-11,
            1.0
        ],
        [
            6.537130303740923e-08,
            0.9999998807907104
        ],
        [
            6.524240869776321e-11,
            1.0
        ],
        [
