{
    "initial_probs": [
        3.518920857459307e-05,
        0.9999648332595825
    ],
    "initial_logits": [
        -4.417591571807861,
        5.83714485168457
    ],
    "transition_probs": [
        [
            0.2906832695007324,
            0.7093167304992676
        ],
        [
            0.10720781236886978,
            0.8927922248840332
        ]
    ],
    "transition_logits": [
        [
            0.08195147663354874,
            0.9740194082260132
        ],
        [
            -0.5857036709785461,
            1.5338811874389648
        ]
    ],
    "posterior_probs": [
        [
            4.421317498781718e-05,
            0.9999557733535767
        ],
        [
            0.019603250548243523,
            0.9803967475891113
        ],
        [
            0.025722291320562363,
            0.974277675151825
        ],
        [
            0.03188145533204079,
            0.9681185483932495
        ],
        [
            0.022373128682374954,
            0.9776269197463989
        ],
        [
            0.03053952567279339,
            0.9694604873657227
        ],
        [
            0.01173582673072815,
            0.9882642030715942
        ],
        [
            0.03681110218167305,
            0.9631889462471008
        ],
        [
            0.015259508043527603,
            0.9847404360771179
        ],
        [
            0.03209501877427101,
            0.9679049849510193
        ],
        [
            0.0005058983224444091,
            0.9994940757751465
        ],
        [
            0.039499666541814804,
            0.9605002999305725
        ],
        [
            0.031146595254540443,
            0.9688534140586853
        ],
        [
            0.0011957524111494422,
            0.9988042116165161
        ],
        [
            0.061928264796733856,
            0.9380717277526855
        ],
        [
            0.21949169039726257,
            0.780508279800415
        ],
        [
            0.03131001070141792,
            0.9686899781227112
        ],
        [
            0.001862680190242827,
            0.998137354850769
        ],
        [
            0.027352528646588326,
            0.972647488117218
        ],
        [
            0.0006177214672788978,
            0.9993822574615479
        ],
        [
            0.026739023625850677,
            0.9732609391212463
        ],
        [
            0.008157606236636639,
            0.9918423891067505
        ],
        [
            0.9869390726089478,
            0.013060946948826313
        ],
        [
            0.9999949932098389,
            4.963274022884434e-06
        ],
        [
            0.11649833619594574,
            0.8835016489028931
        ],
        [
            0.019712936133146286,
            0.9802871346473694
        ],
        [
            0.0006245792028494179,
            0.9993754029273987
        ],
        [
            0.02796642668545246,
            0.9720335602760315
        ],
        [
            0.034875236451625824,
            0.965124785900116
        ],
        [
            0.034354135394096375,
            0.9656458497047424
        ],
        [
            0.03655175492167473,
            0.9634482264518738
        ],
        [
            0.02091262862086296,
            0.9790873527526855
        ],
        [
            0.013348842039704323,
            0.9866511821746826
        ],
        [
            0.0936378464102745,
            0.9063621163368225
        ],
        [
            0.07390487194061279,
            0.926095187664032
        ],
        [
            0.7563519477844238,
            0.24364806711673737
        ],
        [
            0.05874026566743851,
            0.9412596821784973
        ],
        [
            0.029177077114582062,
            0.9708229303359985
        ],
        [
            0.010598612949252129,
            0.9894014000892639
        ],
        [
            0.004709421191364527,
            0.9952906370162964
        ],
        [
            0.03029651567339897,
            0.9697034955024719
        ],
        [
            0.11597009748220444,
            0.8840298652648926
        ],
        [
            0.37283340096473694,
            0.6271666288375854
        ],
        [
            0.021041110157966614,
            0.9789589047431946
        ],
        [
            0.025430617853999138,
            0.9745693802833557
        ],
        [
            0.030742568895220757,
            0.9692574143409729
        ],
        [
            0.07069079577922821,
            0.9293091297149658
        ],
        [
            0.5608164668083191,
            0.4391835331916809
        ],
        [
            0.059633247554302216,
            0.9403666853904724
        ],
        [
            0.10831121355295181,
            0.8916888236999512
        ],
        [
            0.06615699082612991,
            0.9338430166244507
        ],
        [
            0.03709019348025322,
            0.9629097580909729
        ],
        [
            0.0004924169625155628,
            0.9995075464248657
        ],
        [
            0.03066491149365902,
            0.9693350195884705
        ],
        [
            0.022673454135656357,
            0.9773265719413757
        ],
        [
            0.2694908082485199,
            0.7305092215538025
        ],
        [
            0.9614959359169006,
            0.03850402310490608
        ],
        [
            0.01713143102824688,
            0.9828685522079468
        ],
        [
            0.01299678348004818,
            0.9870031476020813
        ],
        [
            0.043766994029283524,
            0.956233024597168
        ],
        [
            0.0526752695441246,
            0.9473247528076172
        ],
        [
            0.02812531590461731,
            0.9718746542930603
        ],
        [
            0.12392281740903854,
            0.8760771751403809
        ],
        [
            0.0014619518769904971,
            0.9985380172729492
        ],
        [
            0.11577627062797546,
            0.8842237591743469
        ],
        [
            0.22309128940105438,
            0.7769086956977844
        ],
        [
            0.033858511596918106,
            0.9661415219306946
        ],
        [
            0.058322370052337646,
            0.9416775703430176
        ],
        [
            0.028286760672926903,
            0.9717132449150085
        ],
        [
            0.032828714698553085,
            0.9671712517738342
        ],
        [
            0.04436410218477249,
            0.9556358456611633
        ],
        [
            0.026282232254743576,
            0.9737178087234497
        ],
        [
            0.008138985373079777,
            0.9918609857559204
        ],
        [
            0.38903504610061646,
            0.6109650135040283
        ],
        [
            0.05811906233429909,
            0.9418808817863464
        ],
        [
            0.007425473537296057,
            0.9925745725631714
        ],
        [
            0.039831556379795074,
            0.9601684808731079
        ],
        [
            0.006792793981730938,
            0.9932071566581726
        ],
        [
            0.03605900704860687,
            0.9639410376548767
        ],
        [
            0.0558086633682251,
            0.9441912770271301
        ],
        [
            0.05053889751434326,
            0.949461042881012
        ],
        [
            0.0645354762673378,
            0.9354645609855652
        ],
        [
            0.0742470994591713,
            0.9257528781890869
        ],
        [
            0.05501718819141388,
            0.9449828267097473
        ],
        [
            0.8544581532478333,
            0.14554180204868317
        ],
        [
            0.9996241331100464,
            0.00037589165731333196
        ],
        [
            0.5549604296684265,
