{
    "initial_probs": [
        9.124071948463097e-05,
        0.9999088048934937
    ],
    "initial_logits": [
        -3.806100606918335,
        5.4958176612854
    ],
    "transition_probs": [
        [
            0.46226924657821655,
            0.5377307534217834
        ],
        [
            0.19532573223114014,
            0.8046742081642151
        ]
    ],
    "transition_logits": [
        [
            0.4271300733089447,
            0.5783405303955078
        ],
        [
            0.03046884573996067,
            1.4462376832962036
        ]
    ],
    "posterior_probs": [
        [
            5.723159574699821e-06,
            0.9999942779541016
        ],
        [
            0.01547398790717125,
            0.9845260381698608
        ],
        [
            0.03209786117076874,
            0.9679020643234253
        ],
        [
            0.02740819752216339,
            0.972591757774353
        ],
        [
            0.03641122952103615,
            0.9635887742042542
        ],
        [
            0.20182551443576813,
            0.7981745004653931
        ],
        [
            0.10606687515974045,
            0.8939331769943237
        ],
        [
            0.19623105227947235,
            0.8037688732147217
        ],
        [
            0.03680244833230972,
            0.9631975889205933
        ],
        [
            0.029795363545417786,
            0.9702047109603882
        ],
        [
            0.022920915856957436,
            0.9770790934562683
        ],
        [
            0.020762566477060318,
            0.97923743724823
        ],
        [
            0.026103587821125984,
            0.9738963842391968
        ],
        [
            0.029499059543013573,
            0.9705008864402771
        ],
        [
            0.04282715916633606,
            0.9571728110313416
        ],
        [
            0.11460520327091217,
            0.8853947520256042
        ],
        [
            0.9998410940170288,
            0.00015889373025856912
        ],
        [
            0.13810178637504578,
            0.8618982434272766
        ],
        [
            0.33104202151298523,
            0.6689580082893372
        ],
        [
            0.13456609845161438,
            0.865433931350708
        ],
        [
            0.0346657894551754,
            0.9653342366218567
        ],
        [
            0.03186967968940735,
            0.9681302905082703
        ],
        [
            0.0539785735309124,
            0.9460213780403137
        ],
        [
            0.6128601431846619,
            0.3871399164199829
        ],
        [
            0.9789044260978699,
            0.021095551550388336
        ],
        [
            0.9998530149459839,
            0.0001470082497689873
        ],
        [
            0.2541992962360382,
            0.7458006739616394
        ],
        [
            0.378792941570282,
            0.621207058429718
        ],
        [
            0.8617255687713623,
            0.1382744014263153
        ],
        [
            0.07783359289169312,
            0.9221664667129517
        ],
        [
            0.11488574743270874,
            0.8851141929626465
        ],
        [
            0.04474538937211037,
            0.9552545547485352
        ],
        [
            0.14686748385429382,
            0.8531324863433838
        ],
        [
            0.04534795880317688,
            0.9546520709991455
        ],
        [
            0.09508917480707169,
            0.9049108028411865
        ],
        [
            0.15109238028526306,
            0.8489076495170593
        ],
        [
            0.8394832611083984,
            0.16051672399044037
        ],
        [
            0.24941867589950562,
            0.7505813241004944
        ],
        [
            0.05304655432701111,
            0.9469534754753113
        ],
        [
            0.05744534358382225,
            0.9425546526908875
        ],
        [
            0.03990865871310234,
            0.9600913524627686
        ],
        [
            0.03667932003736496,
            0.9633206725120544
        ],
        [
            0.05063783749938011,
            0.9493622183799744
        ],
        [
            0.03050205297768116,
            0.9694979190826416
        ],
        [
            0.022267907857894897,
            0.9777321219444275
        ],
        [
            0.028082387521862984,
            0.9719175696372986
        ],
        [
            0.02619100920855999,
            0.973809003829956
        ],
        [
            0.09734480828046799,
            0.9026552438735962
        ],
        [
            0.9998226761817932,
            0.0001774070260580629
        ],
        [
            0.324998140335083,
            0.675001859664917
        ],
        [
            0.005700937006622553,
            0.994299054145813
        ],
        [
            0.004669041372835636,
            0.9953309893608093
        ],
        [
            0.9998024106025696,
            0.00019760003488045186
        ],
        [
            0.04849037155508995,
            0.9515096545219421
        ],
        [
            0.00390193285420537,
            0.9960980415344238
        ],
        [
            0.14409615099430084,
            0.8559038043022156
        ],
        [
            0.9974168539047241,
            0.0025831046514213085
        ],
        [
            0.23058661818504333,
            0.769413411617279
        ],
        [
            0.15994183719158173,
            0.8400581479072571
        ],
        [
            0.0348932184278965,
            0.9651067852973938
        ],
        [
            0.029461080208420753,
            0.9705389738082886
        ],
        [
            0.07694023847579956,
            0.9230597019195557
        ],
        [
            0.025994418188929558,
            0.9740055203437805
        ],
        [
            0.05291104316711426,
            0.947088897228241
        ],
        [
            0.47605443000793457,
            0.5239456295967102
        ],
        [
            0.05916181951761246,
            0.9408381581306458
        ],
        [
            0.17414678633213043,
            0.8258532285690308
        ],
        [
            0.9992706179618835,
            0.0007294401293620467
        ],
        [
            0.004458959214389324,
            0.9955410361289978
        ],
        [
            0.009566624648869038,
            0.9904333353042603
        ],
        [
            0.0170093085616827,
            0.9829907417297363
        ],
        [
            0.9998313188552856,
            0.00016860901087056845
        ],
        [
            0.04339176043868065,
            0.9566082954406738
        ],
        [
            0.005807788111269474,
            0.9941921830177307
        ],
        [
            0.007359970826655626,
            0.9926400184631348
        ],
        [
            0.04436928406357765,
            0.9556307792663574
        ],
        [
            0.7097206711769104,
            0.290279358625412
        ],
        [
            0.9999357461929321,
            6.425198807846755e-05
        ],
        [
            0.8895153403282166,
            0.11048464477062225
        ],
        [
            0.1317272186279297,
            0.8682727813720703
        ],
        [
            0.029942598193883896,
            0.9700573682785034
        ],
        [
            0.04917643591761589,
            0.9508236050605774
        ],
        [
            0.9999039173126221,
            9.612295252736658e-05
        ],
        [
            0.9999849796295166,
            1.507124488853151e-05
        ],
        [
            0.9994459748268127,
            0.0005540531128644943
        ],
        [
            0.047764796763658524,
            0.9522351622581482
        ],
        [
            0.08044885098934174,
