{
    "initial_probs": [
        0.9999043941497803,
        9.559387399349362e-05
    ],
    "initial_logits": [
        5.315282344818115,
        -3.940023422241211
    ],
    "transition_probs": [
        [
            0.8258931040763855,
            0.1741068810224533
        ],
        [
            0.6830937266349792,
            0.31690630316734314
        ]
    ],
    "transition_logits": [
        [
            1.4350248575210571,
            -0.12177109718322754
        ],
        [
            0.6473608016967773,
            -0.12066508829593658
        ]
    ],
    "posterior_probs": [
        [
            0.999977707862854,
            2.23055812966777e-05
        ],
        [
            0.9193601608276367,
            0.08063982427120209
        ],
        [
            0.2814325988292694,
            0.7185673713684082
        ],
        [
            0.4989204406738281,
            0.5010795593261719
        ],
        [
            0.5700134634971619,
            0.42998650670051575
        ],
        [
            0.5606877207756042,
            0.43931224942207336
        ],
        [
            0.6111281514167786,
            0.38887181878089905
        ],
        [
            0.903860867023468,
            0.09613913297653198
        ],
        [
            0.8944589495658875,
            0.10554102808237076
        ],
        [
            0.006699193734675646,
            0.9933007955551147
        ],
        [
            0.8426164388656616,
            0.15738356113433838
        ],
        [
            0.9329770803451538,
            0.0670228824019432
        ],
        [
            0.9051901698112488,
            0.094809889793396
        ],
        [
            0.23801220953464508,
            0.7619878053665161
        ],
        [
            0.8283576369285583,
            0.17164237797260284
        ],
        [
            0.9155208468437195,
            0.0844791829586029
        ],
        [
            0.7472681403160095,
            0.2527318596839905
        ],
        [
            0.5627707839012146,
            0.4372292757034302
        ],
        [
            0.8882444500923157,
            0.11175553500652313
        ],
        [
            0.30328747630119324,
            0.6967124938964844
        ],
        [
            0.8786038160324097,
            0.12139616906642914
        ],
        [
            0.9299657344818115,
            0.07003430277109146
        ],
        [
            0.6811098456382751,
            0.31889018416404724
        ],
        [
            0.9318962097167969,
            0.06810382753610611
        ],
        [
            0.9294273853302002,
            0.07057260721921921
        ],
        [
            0.8769088387489319,
            0.12309113144874573
        ],
        [
            0.02385191060602665,
            0.9761481285095215
        ],
        [
            0.001654628082178533,
            0.9983453750610352
        ],
        [
            0.8664753437042236,
            0.13352462649345398
        ],
        [
            0.390302449464798,
            0.6096975803375244
        ],
        [
            0.5977565050125122,
            0.4022435247898102
        ],
        [
            0.9290971159934998,
            0.07090284675359726
        ],
        [
            0.9737961292266846,
            0.026203855872154236
        ],
        [
            0.941574215888977,
            0.058425743132829666
        ],
        [
            0.7788004875183105,
            0.22119949758052826
        ],
        [
            0.6535683870315552,
            0.34643158316612244
        ],
        [
            0.8012295961380005,
            0.19877038896083832
        ],
        [
            0.5919020175933838,
            0.4080979824066162
        ],
        [
            0.004264116752892733,
            0.9957358837127686
        ],
        [
            0.8387510180473328,
            0.16124902665615082
        ],
        [
            0.9365217685699463,
            0.06347828358411789
        ],
        [
            0.8445603251457214,
            0.15543970465660095
        ],
        [
            0.9440020322799683,
            0.05599791556596756
        ],
        [
            0.9474032521247864,
            0.05259670689702034
        ],
        [
            0.8780089616775513,
            0.12199105322360992
        ],
        [
            0.9680564403533936,
            0.031943563371896744
        ],
        [
            0.9446322917938232,
            0.05536768585443497
        ],
        [
            0.9752058982849121,
            0.02479410171508789
        ],
        [
            0.979921817779541,
            0.020078158006072044
        ],
        [
            0.9739279747009277,
            0.02607199177145958
        ],
        [
            0.9742259979248047,
            0.025773964822292328
        ],
        [
            0.8809043169021606,
            0.11909562349319458
        ],
        [
            0.9607828855514526,
            0.03921711817383766
        ],
        [
            0.9693002104759216,
            0.03069974295794964
        ],
        [
            0.8604974150657654,
            0.13950258493423462
        ],
        [
            0.709502100944519,
            0.29049786925315857
        ],
        [
            0.9498897194862366,
            0.050110287964344025
        ],
        [
            0.8277862668037415,
            0.17221371829509735
        ],
        [
            0.8133229613304138,
            0.186677023768425
        ],
        [
            0.9641010761260986,
            0.03589890897274017
        ],
        [
            0.9756240844726562,
            0.02437596209347248
        ],
        [
            0.9331774115562439,
            0.06682255119085312
        ],
        [
            0.9372419714927673,
            0.06275801360607147
        ],
        [
            0.9659911394119263,
            0.034008823335170746
        ],
        [
            0.8216933012008667,
            0.17830662429332733
        ],
        [
            0.8694718480110168,
            0.13052809238433838
        ],
        [
            0.9380699396133423,
            0.061930038034915924
        ],
        [
            0.8942394256591797,
            0.10576052963733673
        ],
        [
            0.9510920643806458,
            0.04890797287225723
        ],
        [
            0.9489216804504395,
            0.051078300923109055
        ],
        [
            0.9665852785110474,
            0.033414728939533234
        ],
        [
            0.9783565402030945,
            0.021643424406647682
        ],
        [
            0.896041214466095,
            0.10395880043506622
        ],
        [
            0.9369864463806152,
            0.06301362067461014
        ],
        [
            0.0175393745303154,
            0.9824605584144592
        ],
        [
            0.9132553339004517,
            0.08674472570419312
        ],
        [
            0.9310647249221802,
            0.06893527507781982
        ],
        [
            0.8818479776382446,
            0.11815198510885239
        ],
        [
            0.9130244255065918,
            0.0869755819439888
        ],
        [
            0.88921058177948,
            0.11078944057226181
        ],
        [
            0.03197023272514343,
            0.9680297374725342
        ],
        [
            0.8826935887336731,
            0.11730644106864929
        ],
        [
            0.8923208117485046,
            0.10767914354801178
        ],
        [
            0.003942619543522596,
            0.996057391166687
        ],
        [
            0.0020055235363543034,
            0.9979945421218872
        ],
        [
            0.6696714162826538,
            0.3303285539150238
        ],
        [
            0.9573876857757568,
            0.04261234775185585
        ],
