{
    "initial_probs": [
        0.9992076754570007,
        0.000792376056779176
    ],
    "initial_logits": [
        3.9503438472747803,
        -3.189338207244873
    ],
    "transition_probs": [
        [
            0.9655944108963013,
            0.0344056636095047
        ],
        [
            0.0746687725186348,
            0.9253312349319458
        ]
    ],
    "transition_logits": [
        [
            2.183336019515991,
            -1.1511865854263306
        ],
        [
            -0.46061351895332336,
            2.056476354598999
        ]
    ],
    "posterior_probs": [
        [
            0.9999017715454102,
            9.821322601055726e-05
        ],
        [
            0.9974300265312195,
            0.002570007462054491
        ],
        [
            0.999934196472168,
            6.582276546396315e-05
        ],
        [
            0.9999706745147705,
            2.9313327104318887e-05
        ],
        [
            0.9998200535774231,
            0.00018002165597863495
        ],
        [
            0.994922935962677,
            0.005077107343822718
        ],
        [
            0.9939602613449097,
            0.006039762869477272
        ],
        [
            0.9998763799667358,
            0.000123643345432356
        ],
        [
            1.0,
            7.730015239015842e-11
        ],
        [
            0.9999663829803467,
            3.355855733389035e-05
        ],
        [
            0.9999953508377075,
            4.663135314331157e-06
        ],
        [
            0.9996501207351685,
            0.00034991916618309915
        ],
        [
            0.9999732971191406,
            2.671052970981691e-05
        ],
        [
            0.999967098236084,
            3.29265785694588e-05
        ],
        [
            0.9999345541000366,
            6.542425398947671e-05
        ],
        [
            0.999893307685852,
            0.0001066443364834413
        ],
        [
            0.9989474415779114,
            0.001052568550221622
        ],
        [
            0.9984399676322937,
            0.0015600334154441953
        ],
        [
            0.9999386072158813,
            6.138942262623459e-05
        ],
        [
            0.9999853372573853,
            1.4682417713629548e-05
        ],
        [
            0.9998292922973633,
            0.0001706664770608768
        ],
        [
            0.9999936819076538,
            6.3485035752819385e-06
        ],
        [
            0.999967098236084,
            3.2892432500375435e-05
        ],
        [
            0.9998170733451843,
            0.00018299002840649337
        ],
        [
            0.999874472618103,
            0.00012553272244986147
        ],
        [
            0.9991992115974426,
            0.0008007826399989426
        ],
        [
            0.9998154044151306,
            0.00018457694386597723
        ],
        [
            0.9994138479232788,
            0.0005861519603058696
        ],
        [
            0.9998438358306885,
            0.0001561803073855117
        ],
        [
            0.9998432397842407,
            0.00015673406596761197
        ],
        [
            0.9999167919158936,
            8.321648056153208e-05
        ],
        [
            0.9998941421508789,
            0.00010582419781712815
        ],
        [
            1.0,
            4.853881879762767e-11
        ],
        [
            1.0,
            1.8463097717358323e-09
        ],
        [
            0.9994432330131531,
            0.0005567040061578155
        ],
        [
            0.9995985627174377,
            0.00040144528611563146
        ],
        [
            0.9999122619628906,
            8.775703463470563e-05
        ],
        [
            1.0,
            3.239901402718459e-11
        ],
        [
            0.9998051524162292,
            0.00019488467660266906
        ],
        [
            0.9996957778930664,
            0.0003042423923034221
        ],
        [
            0.9999240636825562,
            7.597841613460332e-05
        ],
        [
            0.9996625185012817,
            0.0003374436928424984
        ],
        [
            0.9998146891593933,
            0.00018527661450207233
        ],
        [
            0.9995414018630981,
            0.000458578608231619
        ],
        [
            0.9996799230575562,
            0.00032003727392293513
        ],
        [
            0.9999867677688599,
            1.3244253750599455e-05
        ],
        [
            0.9999958276748657,
            4.2108654270123225e-06
        ],
        [
            0.9996981620788574,
            0.0003019215364474803
        ],
        [
            0.9998013377189636,
            0.00019873979908879846
        ],
        [
            0.9999229907989502,
            7.698663102928549e-05
        ],
        [
            1.0,
            9.131253531080574e-10
        ],
        [
            0.9540597796440125,
            0.045940179377794266
        ],
        [
            1.0,
            1.0631950875250595e-09
        ],
        [
            0.9999334812164307,
            6.653361197095364e-05
        ],
        [
            1.0,
            4.289291491432756e-11
        ],
        [
            1.0,
            5.898118798919327e-11
        ],
        [
            0.9996801614761353,
            0.0003198323247488588
        ],
        [
            0.9996819496154785,
            0.0003180128987878561
        ],
        [
            0.9999301433563232,
            6.98179574101232e-05
        ],
        [
            0.9993508458137512,
            0.0006492058746516705
        ],
        [
            0.9999606609344482,
            3.9336810004897416e-05
        ],
        [
            0.9997088313102722,
            0.0002911034971475601
        ],
        [
            0.9999765157699585,
            2.345721804886125e-05
        ],
        [
            0.9999986886978149,
            1.2575620758070727e-06
        ],
        [
            0.9994766116142273,
            0.0005234396085143089
        ],
        [
            0.9999439716339111,
            5.5977943702600896e-05
        ],
        [
            0.9999617338180542,
            3.822211147053167e-05
        ],
        [
            0.9999885559082031,
            1.143227291322546e-05
        ],
        [
            0.9998040795326233,
            0.00019589217845350504
        ],
        [
            0.9998503923416138,
            0.00014963993453420699
        ],
        [
            0.9999121427536011,
            8.787494152784348e-05
        ],
        [
            0.9999254941940308,
            7.447259122272953e-05
        ],
        [
            0.9999110698699951,
            8.886457362677902e-05
        ],
        [
            0.999971866607666,
            2.810191290336661e-05
        ],
        [
            0.999951958656311,
            4.806678771274164e-05
        ],
        [
            0.9997290968894958,
            0.0002708474057726562
        ],
        [
            0.9999803304672241,
            1.9665218133013695e-05
        ],
        [
            0.9999403953552246,
            5.964985757600516e-05
        ],
        [
            0.9985226988792419,
            0.0014773578150197864
        ],
        [
            0.9999725818634033,
            2.745346682786476e-05
        ],
        [
            0.9998550415039062,
            0.00014492165064439178
        ],
        [
            0.9998592138290405,
            0.00014071230543777347
        ],
        [
            0.9998997449874878,
            0.00010020207264460623
        ],
        [
            0.999523401260376,
            0.000476634013466537
        ],
        [
            0.9980809688568115,
            0.0019190622260794044
        ],
        [
            0.9999102354049683,
            8.979409176390618e-05
        ],
        [
