{
    "initial_probs": [
        4.963141236657975e-06,
        0.9999949932098389
    ],
    "initial_logits": [
        -5.780248165130615,
        6.433218002319336
    ],
    "transition_probs": [
        [
            0.643829882144928,
            0.35617005825042725
        ],
        [
            0.08479738235473633,
            0.9152026176452637
        ]
    ],
    "transition_logits": [
        [
            1.0387934446334839,
            0.44676724076271057
        ],
        [
            -0.729503333568573,
            1.6493773460388184
        ]
    ],
    "posterior_probs": [
        [
            2.6050076940009603e-07,
            0.9999997615814209
        ],
        [
            0.004905219189822674,
            0.9950947761535645
        ],
        [
            0.004144487902522087,
            0.9958555102348328
        ],
        [
            0.003725289134308696,
            0.9962747097015381
        ],
        [
            0.005477414466440678,
            0.9945225715637207
        ],
        [
            0.0036032043863087893,
            0.9963968396186829
        ],
        [
            0.0038696853443980217,
            0.9961303472518921
        ],
        [
            0.00505037372931838,
            0.9949495792388916
        ],
        [
            0.016858739778399467,
            0.983141303062439
        ],
        [
            0.005480074789375067,
            0.9945198893547058
        ],
        [
            0.01699782907962799,
            0.9830021262168884
        ],
        [
            0.005049319472163916,
            0.9949506521224976
        ],
        [
            0.006501660216599703,
            0.9934983253479004
        ],
        [
            0.0065419236198067665,
            0.993458092212677
        ],
        [
            0.0038510404992848635,
            0.996148943901062
        ],
        [
            0.006098625715821981,
            0.9939013719558716
        ],
        [
            0.01443655788898468,
            0.9855633974075317
        ],
        [
            0.009057420305907726,
            0.9909425377845764
        ],
        [
            0.036116331815719604,
            0.963883638381958
        ],
        [
            0.504175066947937,
            0.4958249032497406
        ],
        [
            0.06919451802968979,
            0.930805504322052
        ],
        [
            0.06919746100902557,
            0.9308024644851685
        ],
        [
            0.37605997920036316,
            0.6239400506019592
        ],
        [
            0.04171360656619072,
            0.9582864046096802
        ],
        [
            0.06269723176956177,
            0.937302827835083
        ],
        [
            0.01499529555439949,
            0.9850046634674072
        ],
        [
            0.016454627737402916,
            0.9835453629493713
        ],
        [
            0.026874370872974396,
            0.973125696182251
        ],
        [
            0.010957013815641403,
            0.9890430569648743
        ],
        [
            0.0044219098053872585,
            0.9955781102180481
        ],
        [
            0.006259455811232328,
            0.9937404990196228
        ],
        [
            0.007665236480534077,
            0.99233478307724
        ],
        [
            0.009959186427295208,
            0.9900408387184143
        ],
        [
            0.005671454127877951,
            0.9943285584449768
        ],
        [
            0.003976107109338045,
            0.9960238933563232
        ],
        [
            0.010636401362717152,
            0.9893635511398315
        ],
        [
            0.07439012825489044,
            0.9256098866462708
        ],
        [
            0.008402101695537567,
            0.9915978908538818
        ],
        [
            0.004983177874237299,
            0.995016872882843
        ],
        [
            0.014857875183224678,
            0.9851421117782593
        ],
        [
            0.021004289388656616,
            0.9789957404136658
        ],
        [
            0.05214594304561615,
            0.9478540420532227
        ],
        [
            0.6818956136703491,
            0.3181043863296509
        ],
        [
            0.8861105442047119,
            0.11388952285051346
        ],
        [
            0.9999401569366455,
            5.9856127336388454e-05
        ],
        [
            0.13309051096439362,
            0.8669095039367676
        ],
        [
            0.019558578729629517,
            0.9804414510726929
        ],
        [
            0.00454129371792078,
            0.995458722114563
        ],
        [
            0.005345162469893694,
            0.9946548938751221
        ],
        [
            0.010868571698665619,
            0.9891314506530762
        ],
        [
            0.04376443848013878,
            0.9562355875968933
        ],
        [
            0.6247094869613647,
            0.37529048323631287
        ],
        [
            0.9999918937683105,
            8.067666385613848e-06
        ],
        [
            0.9981921315193176,
            0.001807820750400424
        ],
        [
            0.21750758588314056,
            0.7824923992156982
        ],
        [
            0.022693749517202377,
            0.9773063063621521
        ],
        [
            0.006193929817527533,
            0.9938061237335205
        ],
        [
            0.010554701089859009,
            0.9894452691078186
        ],
        [
            0.009241988882422447,
            0.990757942199707
        ],
        [
            0.05524829402565956,
            0.9447516798973083
        ],
        [
            0.4787296652793884,
            0.5212702751159668
        ],
        [
            0.4664449095726013,
            0.5335550308227539
        ],
        [
            1.0,
            1.2768176566228838e-20
        ],
        [
            0.08446294814348221,
            0.9155369997024536
        ],
        [
            0.009135610423982143,
            0.9908643364906311
        ],
        [
            0.006258436478674412,
            0.9937415719032288
        ],
        [
            0.024899374693632126,
            0.975100576877594
        ],
        [
            0.3053751587867737,
            0.6946247816085815
        ],
        [
            0.04319978132843971,
            0.9568002223968506
        ],
        [
            0.06993871182203293,
            0.9300612807273865
        ],
        [
            0.19436123967170715,
            0.8056387305259705
        ],
        [
            0.041681140661239624,
            0.9583188891410828
        ],
        [
            0.08689109236001968,
            0.9131088852882385
        ],
        [
            0.9999991655349731,
            8.59381088957889e-07
        ],
        [
            0.5438779592514038,
            0.45612210035324097
        ],
        [
            0.17680369317531586,
            0.823196291923523
        ],
        [
            0.29498791694641113,
            0.7050121426582336
        ],
        [
            0.05714843049645424,
            0.9428516030311584
        ],
        [
            0.007185476366430521,
            0.9928145408630371
        ],
        [
            0.004769899882376194,
            0.9952300786972046
        ],
        [
            0.005511599592864513,
            0.9944883584976196
        ],
        [
            0.006753837689757347,
            0.9932460784912109
        ],
        [
            0.010583383031189442,
            0.9894166588783264
        ],
        [
            0.005431228317320347,
            0.9945688247680664
        ],
        [
            0.004959175828844309,
            0.9950408339500427
        ],
        [
            0.02180410362780094,
            0.9781959056854248
        ],
        [
            0.11006172746419907,
