{
    "initial_probs": [
        0.9998983144760132,
        0.00010169469169341028
    ],
    "initial_logits": [
        5.011937141418457,
        -4.1814961433410645
    ],
    "transition_probs": [
        [
            0.9180613160133362,
            0.08193869143724442
        ],
        [
            0.021566497161984444,
            0.9784334301948547
        ]
    ],
    "transition_logits": [
        [
            1.8096671104431152,
            -0.6066257357597351
        ],
        [
            -1.2112910747528076,
            2.603520631790161
        ]
    ],
    "posterior_probs": [
        [
            1.0,
            0.0
        ],
        [
            1.0,
            0.0
        ],
        [
            1.0,
            0.0
        ],
        [
            1.0,
            1.2860456345415838e-14
        ],
        [
            1.0,
            7.2355984051530875e-12
        ],
        [
            0.9986873269081116,
            0.0013126826379448175
        ],
        [
            0.99998939037323,
            1.0576037311693653e-05
        ],
        [
            1.0,
            2.2636786201839545e-20
        ],
        [
            1.0,
            0.0
        ],
        [
            1.0,
            0.0
        ],
        [
            1.0,
            0.0
        ],
        [
            1.0,
            0.0
        ],
        [
            0.9999287128448486,
            7.124269905034453e-05
        ],
        [
            0.9692715406417847,
            0.030728477984666824
        ],
        [
            0.9584648609161377,
            0.04153510555624962
        ],
        [
            0.9999957084655762,
            4.304019057599362e-06
        ],
        [
            0.9885099530220032,
            0.01149011217057705
        ],
        [
            0.9857528805732727,
            0.014247177168726921
        ],
        [
            1.0,
            1.0025321017792521e-08
        ],
        [
            0.9999669790267944,
            3.305847349110991e-05
        ],
        [
            0.9273715615272522,
            0.07262849062681198
        ],
        [
            0.7512491345405579,
            0.24875082075595856
        ],
        [
            0.27078744769096375,
            0.7292125225067139
        ],
        [
            0.0224684439599514,
            0.9775315523147583
        ],
        [
            0.00045245105866342783,
            0.99954754114151
        ],
        [
            0.0003177413600496948,
            0.9996823072433472
        ],
        [
            4.685747262556106e-05,
            0.9999531507492065
        ],
        [
            6.124533683760092e-05,
            0.9999387264251709
        ],
        [
            7.342331809923053e-05,
            0.9999265670776367
        ],
        [
            0.00047089692088775337,
            0.9995291233062744
        ],
        [
            0.00010960365034407005,
            0.9998903274536133
        ],
        [
            5.5093321861932054e-05,
            0.9999449253082275
        ],
        [
            3.353501597302966e-05,
            0.9999665021896362
        ],
        [
            4.436116432771087e-05,
            0.9999556541442871
        ],
        [
            6.668605783488601e-05,
            0.9999333620071411
        ],
        [
            6.561219925060868e-05,
            0.9999344348907471
        ],
        [
            7.211983029264957e-05,
            0.9999278783798218
        ],
        [
            4.20170727011282e-05,
            0.9999580383300781
        ],
        [
            3.0231807613745332e-05,
            0.9999697208404541
        ],
        [
            3.1314470106735826e-05,
            0.9999686479568481
        ],
        [
            0.00029651744989678264,
            0.9997034668922424
        ],
        [
            7.271649519680068e-05,
            0.999927282333374
        ],
        [
            6.123786442913115e-05,
            0.9999387264251709
        ],
        [
            0.00014064792776480317,
            0.9998593330383301
        ],
        [
            0.001264768885448575,
            0.998735249042511
        ],
        [
            0.035029131919145584,
            0.9649709463119507
        ],
        [
            0.3804999589920044,
            0.6195000410079956
        ],
        [
            1.0,
            1.7071462299345086e-10
        ],
        [
            1.0,
            3.779412113130709e-12
        ],
        [
            1.0,
            8.69182114362449e-18
        ],
        [
            1.0,
            5.786707051036455e-12
        ],
        [
            1.0,
            6.563626053258942e-13
        ],
        [
            1.0,
            4.8969288774783e-14
        ],
        [
            1.0,
            2.574165547386542e-09
        ],
        [
            0.7512320876121521,
            0.24876795709133148
        ],
        [
            0.3633432686328888,
            0.6366567015647888
        ],
        [
            0.012289337813854218,
            0.9877106547355652
        ],
        [
            0.0005075288936495781,
            0.9994924068450928
        ],
        [
            0.0001285524049308151,
            0.9998713731765747
        ],
        [
            2.7381509426049888e-05,
            0.9999725818634033
        ],
        [
            3.790616392507218e-05,
            0.9999620914459229
        ],
        [
            5.54390499019064e-05,
            0.9999445676803589
        ],
        [
            4.776411151397042e-05,
            0.9999521970748901
        ],
        [
            0.00012466621410567313,
            0.9998753070831299
        ],
        [
            2.9858645575586706e-05,
            0.9999701976776123
        ],
        [
            6.260014924919233e-05,
            0.9999374151229858
        ],
        [
            0.00018248820560984313,
            0.9998175501823425
        ],
        [
            4.871355849900283e-05,
            0.9999512434005737
        ],
        [
            3.1380481232190505e-05,
            0.9999686479568481
        ],
        [
            3.848193591693416e-05,
            0.9999614953994751
        ],
        [
            0.0001073528328561224,
            0.9998925924301147
        ],
        [
            0.002026097849011421,
            0.9979738593101501
        ],
        [
            0.025221575051546097,
            0.9747784733772278
        ],
        [
            0.0021004886366426945,
            0.9978995323181152
        ],
        [
            8.392798918066546e-05,
            0.9999160766601562
        ],
        [
            2.8762169677065685e-05,
            0.9999712705612183
        ],
        [
            0.0001121169698308222,
            0.9998878240585327
        ],
        [
            3.031402957276441e-05,
            0.9999697208404541
        ],
        [
            2.9719558369833976e-05,
            0.9999703168869019
        ],
        [
            6.985630898270756e-05,
            0.9999301433563232
        ],
        [
            2.8337010007817298e-05,
            0.9999716281890869
        ],
        [
            3.342365016578697e-05,
            0.9999666213989258
        ],
        [
            4.5500499254558235e-05,
            0.9999544620513916
        ],
        [
            0.0003098060842603445,
            0.9996901750564575
        ],
        [
            0.00044548031291924417,
            0.999554455280304
        ],
        [
            0.00032421384821645916,
            0.9996757507324219
        ],
        [
            0.00010495271999388933,
            0.9998950958251953
        ],
        [
            7.672161882510409e-05,
            0.9999232292175293
        ],
        [
            9.133056300925091e-05,
            0.9999086856842041
        ],
        [
            0.004097070079296827,
