{
    "initial_probs": [
        0.9997851252555847,
        0.00021493446547538042
    ],
    "initial_logits": [
        4.627834320068359,
        -3.8171279430389404
    ],
    "transition_probs": [
        [
            0.8733306527137756,
            0.12666931748390198
        ],
        [
            0.10870204865932465,
            0.8912978768348694
        ]
    ],
    "transition_logits": [
        [
            1.4614319801330566,
            -0.46930238604545593
        ],
        [
            -0.7043208479881287,
            1.3997472524642944
        ]
    ],
    "posterior_probs": [
        [
            1.0,
            5.954134527031614e-27
        ],
        [
            1.0,
            4.220397165462456e-24
        ],
        [
            1.0,
            9.828601822739503e-24
        ],
        [
            1.0,
            3.593190425800239e-24
        ],
        [
            1.0,
            4.837011080889365e-24
        ],
        [
            1.0,
            1.5221724934714625e-24
        ],
        [
            1.0,
            1.4722992279291928e-23
        ],
        [
            0.9564299583435059,
            0.04357009008526802
        ],
        [
            0.9999483823776245,
            5.1579754654085264e-05
        ],
        [
            0.9999821186065674,
            1.7930571630131453e-05
        ],
        [
            0.9999929666519165,
            6.980445959925419e-06
        ],
        [
            1.0,
            8.12664536517023e-26
        ],
        [
            1.0,
            3.419242257464027e-24
        ],
        [
            1.0,
            5.662186724565683e-23
        ],
        [
            0.8895318508148193,
            0.11046815663576126
        ],
        [
            0.9999279975891113,
            7.205164729384705e-05
        ],
        [
            1.0,
            6.407118805874195e-24
        ],
        [
            0.9851919412612915,
            0.01480809785425663
        ],
        [
            0.8236809968948364,
            0.17631895840168
        ],
        [
            0.9957874417304993,
            0.004212598782032728
        ],
        [
            0.4600084125995636,
            0.5399916172027588
        ],
        [
            0.47364580631256104,
            0.526354193687439
        ],
        [
            0.5967268943786621,
            0.4032730162143707
        ],
        [
            1.0,
            9.611883903818833e-23
        ],
        [
            1.0,
            4.165299175537294e-23
        ],
        [
            0.8982433080673218,
            0.10175668448209763
        ],
        [
            0.9164490103721619,
            0.08355093002319336
        ],
        [
            0.9907478094100952,
            0.009252194315195084
        ],
        [
            0.9997530579566956,
            0.00024699565256014466
        ],
        [
            0.9999833106994629,
            1.6706266251276247e-05
        ],
        [
            0.9999985694885254,
            1.4719673799845623e-06
        ],
        [
            0.8495484590530396,
            0.15045155584812164
        ],
        [
            0.8203840255737305,
            0.17961598932743073
        ],
        [
            0.9935238361358643,
            0.006476182956248522
        ],
        [
            0.9962292313575745,
            0.003770798444747925
        ],
        [
            1.0,
            4.1227574846405354e-24
        ],
        [
            1.0,
            2.0560415066507687e-24
        ],
        [
            1.0,
            4.518024918671481e-24
        ],
        [
            1.0,
            2.077232282717268e-24
        ],
        [
            0.9897081851959229,
            0.010291875340044498
        ],
        [
            1.0,
            4.977397950873854e-24
        ],
        [
            0.9998666048049927,
            0.00013342409511096776
        ],
        [
            1.0,
            3.2797345729584068e-24
        ],
        [
            1.0,
            1.8852332019325628e-24
        ],
        [
            1.0,
            7.288361886419319e-22
        ],
        [
            0.0796208456158638,
            0.9203791618347168
        ],
        [
            0.00713319843634963,
            0.9928667545318604
        ],
        [
            0.0011964815203100443,
            0.9988034963607788
        ],
        [
            0.0009585233055986464,
            0.9990414977073669
        ],
        [
            0.0042527285404503345,
            0.9957472681999207
        ],
        [
            0.0035397002939134836,
            0.9964602589607239
        ],
        [
            0.001684248331002891,
            0.9983158111572266
        ],
        [
            0.0010953868040814996,
            0.9989045858383179
        ],
        [
            0.010178416036069393,
            0.9898215532302856
        ],
        [
            1.0,
            2.768175078659862e-23
        ],
        [
            1.0,
            2.1180081084776896e-24
        ],
        [
            1.0,
            6.224317251598688e-24
        ],
        [
            0.9938788414001465,
            0.006121095269918442
        ],
        [
            1.0,
            9.770435163893031e-24
        ],
        [
            1.0,
            2.5540511957057334e-27
        ],
        [
            0.9999933242797852,
            6.657031008217018e-06
        ],
        [
            1.0,
            1.4139964116904804e-23
        ],
        [
            1.0,
            1.0085966904206952e-23
        ],
        [
            1.0,
            9.843609901461332e-24
        ],
        [
            0.999911904335022,
            8.808434358797967e-05
        ],
        [
            0.9004586338996887,
            0.0995413064956665
        ],
        [
            0.20581947267055511,
            0.7941805124282837
        ],
        [
            0.16614624857902527,
            0.8338537812232971
        ],
        [
            1.0,
            1.7908109376442407e-22
        ],
        [
            0.9713948965072632,
            0.02860514633357525
        ],
        [
            0.011179433204233646,
            0.9888206124305725
        ],
        [
            0.001176894991658628,
            0.9988231062889099
        ],
        [
            0.001268436317332089,
            0.9987315535545349
        ],
        [
            0.0008795793983153999,
            0.9991204142570496
        ],
        [
            0.0006747925654053688,
            0.9993252754211426
        ],
        [
            0.000984302838332951,
            0.9990156888961792
        ],
        [
            0.0028056614100933075,
            0.9971942901611328
        ],
        [
            0.06275958567857742,
            0.9372404217720032
        ],
        [
            1.0,
            2.3318984738127306e-24
        ],
        [
            1.0,
            2.69458455548488e-10
        ],
        [
            0.03637484461069107,
            0.9636251926422119
        ],
        [
            0.0008945768349803984,
            0.9991053938865662
        ],
        [
            0.0007951133884489536,
            0.9992049336433411
        ],
        [
            0.00045990239595994353,
            0.9995400905609131
        ],
        [
            0.00017773208674043417,
            0.9998223185539246
        ],
        [
            0.001736111007630825,
            0.9982638955116272
        ],
        [
            0.00012774491915479302,
            0.9998722076416016
        ],
        [
            0.0009052089881151915,
            0.9990948438644409
        ],
        [
            0.0015038148267194629,
            0.9984961748123169
        ],
        [
            0.0010844888165593147,
            0.9989155530929565
        ],
        [
            0.0013564224354922771,
            0.9986435770988464
