{
    "initial_probs": [
        4.351430106908083e-05,
        0.999956488609314
    ],
    "initial_logits": [
        -4.296194553375244,
        5.746182918548584
    ],
    "transition_probs": [
        [
            0.32359471917152405,
            0.6764053106307983
        ],
        [
            0.1655058115720749,
            0.8344942331314087
        ]
    ],
    "transition_logits": [
        [
            0.2676876485347748,
            1.0049883127212524
        ],
        [
            -0.5878291726112366,
            1.0299904346466064
        ]
    ],
    "posterior_probs": [
        [
            1.1522445220180089e-06,
            0.9999988079071045
        ],
        [
            0.005439806263893843,
            0.994560182094574
        ],
        [
            0.009764676913619041,
            0.9902352690696716
        ],
        [
            0.012898307293653488,
            0.987101674079895
        ],
        [
            0.006948126945644617,
            0.9930518865585327
        ],
        [
            0.007162327878177166,
            0.9928377270698547
        ],
        [
            0.16972386837005615,
            0.8302760720252991
        ],
        [
            0.9510570764541626,
            0.048942938446998596
        ],
        [
            0.02005700208246708,
            0.9799429774284363
        ],
        [
            0.0070009673945605755,
            0.9929990768432617
        ],
        [
            0.01603011041879654,
            0.9839698672294617
        ],
        [
            0.020063601434230804,
            0.9799363613128662
        ],
        [
            0.013560695573687553,
            0.9864393472671509
        ],
        [
            0.9990326166152954,
            0.0009674191242083907
        ],
        [
            0.9984652996063232,
            0.0015347617445513606
        ],
        [
            0.6444978713989258,
            0.3555021584033966
        ],
        [
            0.1161234974861145,
            0.8838764429092407
        ],
        [
            0.9994016885757446,
            0.0005982894799672067
        ],
        [
            0.02852046862244606,
            0.9714795351028442
        ],
        [
            0.020164653658866882,
            0.9798353910446167
        ],
        [
            0.01931213028728962,
            0.9806878566741943
        ],
        [
            0.9968239068984985,
            0.00317606283351779
        ],
        [
            0.01480231061577797,
            0.9851977229118347
        ],
        [
            0.014676888473331928,
            0.9853230714797974
        ],
        [
            1.0,
            7.097744614270596e-09
        ],
        [
            0.015189962461590767,
            0.9848100543022156
        ],
        [
            0.019000209867954254,
            0.9809998273849487
        ],
        [
            0.0306839682161808,
            0.9693160057067871
        ],
        [
            0.999442994594574,
            0.0005570097710005939
        ],
        [
            0.1005745455622673,
            0.8994253873825073
        ],
        [
            0.012062504887580872,
            0.9879375100135803
        ],
        [
            0.012089446187019348,
            0.9879105091094971
        ],
        [
            0.013846111483871937,
            0.9861539602279663
        ],
        [
            0.008510530926287174,
            0.9914895296096802
        ],
        [
            0.013960329815745354,
            0.9860396385192871
        ],
        [
            0.9999955892562866,
            4.417664513312047e-06
        ],
        [
            0.9859532713890076,
            0.014046710915863514
        ],
        [
            0.023241231217980385,
            0.9767587184906006
        ],
        [
            0.03205522522330284,
            0.9679447412490845
        ],
        [
            0.02095109224319458,
            0.9790489673614502
        ],
        [
            0.0067247794941067696,
            0.9932752847671509
        ],
        [
            0.006733753718435764,
            0.993266224861145
        ],
        [
            0.07683518528938293,
            0.9231647849082947
        ],
        [
            0.010649295523762703,
            0.9893507361412048
        ],
        [
            0.44390925765037537,
            0.5560907125473022
        ],
        [
            0.01579689234495163,
            0.9842031002044678
        ],
        [
            0.09175272285938263,
            0.9082472324371338
        ],
        [
            0.9998123049736023,
            0.0001876891328720376
        ],
        [
            0.26621416211128235,
            0.7337858080863953
        ],
        [
            0.0072100101970136166,
            0.9927899837493896
        ],
        [
            0.006620609201490879,
            0.9933793544769287
        ],
        [
            0.007569442968815565,
            0.9924306273460388
        ],
        [
            0.008955585770308971,
            0.9910444021224976
        ],
        [
            0.16564792394638062,
            0.8343520164489746
        ],
        [
            0.007489170879125595,
            0.9925107955932617
        ],
        [
            0.033291611820459366,
            0.9667083621025085
        ],
        [
            0.01106213964521885,
            0.9889378547668457
        ],
        [
            0.006062154658138752,
            0.9939378499984741
        ],
        [
            0.006456086412072182,
            0.9935438632965088
        ],
        [
            0.006162823643535376,
            0.9938371777534485
        ],
        [
            0.00919377151876688,
            0.9908061623573303
        ],
        [
            0.006735182832926512,
            0.9932647943496704
        ],
        [
            0.006631657015532255,
            0.9933683276176453
        ],
        [
            0.006393359508365393,
            0.993606686592102
        ],
        [
            0.010131636634469032,
            0.9898684024810791
        ],
        [
            0.04406747594475746,
            0.9559324979782104
        ],
        [
            0.9998776912689209,
            0.00012231867003720254
        ],
        [
            0.013794533908367157,
            0.9862053990364075
        ],
        [
            0.011120046488940716,
            0.988879919052124
        ],
        [
            0.014852683991193771,
            0.9851472973823547
        ],
        [
            0.060468677431344986,
            0.9395313262939453
        ],
        [
            1.0,
            1.9441594731639687e-29
        ],
        [
            1.0,
            1.2458830411787858e-08
        ],
        [
            0.022113949060440063,
            0.9778860807418823
        ],
        [
            0.005798280704766512,
            0.9942017197608948
        ],
        [
            0.006569027900695801,
            0.993431031703949
        ],
        [
            0.006421335972845554,
            0.9935786724090576
        ],
        [
            0.05204686149954796,
            0.9479531645774841
        ],
        [
            0.005679698660969734,
            0.994320273399353
        ],
        [
            0.005612196866422892,
            0.9943878054618835
        ],
        [
            0.020252268761396408,
            0.9797477126121521
        ],
        [
            0.015671178698539734,
            0.9843288660049438
        ],
        [
            0.011757614091038704,
            0.9882424473762512
        ],
        [
            0.009395532310009003,
            0.9906044602394104
        ],
        [
            0.009885810315608978,
            0.9901142120361328
        ],
        [
            0.006578593514859676,
            0.9934213757514954
        ],
        [
            0.00563797214999795,
