{
    "initial_probs": [
        0.9999918937683105,
        8.108361726044677e-06
    ],
    "initial_logits": [
        6.232137680053711,
        -5.490468502044678
    ],
    "transition_probs": [
        [
            0.9999195337295532,
            8.051085023907945e-05
        ],
        [
            0.9967933297157288,
            0.003206635359674692
        ]
    ],
    "transition_logits": [
        [
            4.949544906616211,
            -4.4774932861328125
        ],
        [
            3.488307476043701,
            -2.25101375579834
        ]
    ],
    "posterior_probs": [
        [
            0.9999988079071045,
            1.1703987183864228e-06
        ],
        [
            0.9999583959579468,
            4.1627812606748194e-05
        ],
        [
            0.9999903440475464,
            9.614477676223032e-06
        ],
        [
            0.9999877214431763,
            1.224530024046544e-05
        ],
        [
            0.9999830722808838,
            1.6959767890512012e-05
        ],
        [
            0.9998968839645386,
            0.00010313673556083813
        ],
        [
            0.9978818297386169,
            0.002118120901286602
        ],
        [
            0.9999886751174927,
            1.134365356847411e-05
        ],
        [
            0.9990262985229492,
            0.0009737145155668259
        ],
        [
            0.9987597465515137,
            0.0012402039719745517
        ],
        [
            0.9999611377716064,
            3.889545041602105e-05
        ],
        [
            0.999940037727356,
            5.9968795540044084e-05
        ],
        [
            0.9999902248382568,
            9.787589078769088e-06
        ],
        [
            0.9999754428863525,
            2.4549941372242756e-05
        ],
        [
            0.9999654293060303,
            3.451354496064596e-05
        ],
        [
            0.9999856948852539,
            1.4303403077065013e-05
        ],
        [
            0.9999910593032837,
            8.919394531403668e-06
        ],
        [
            0.9999790191650391,
            2.103739643644076e-05
        ],
        [
            0.9999865293502808,
            1.3447584024106618e-05
        ],
        [
            0.9999773502349854,
            2.2666949007543735e-05
        ],
        [
            0.9999910593032837,
            8.92422758624889e-06
        ],
        [
            0.9999909400939941,
            9.079643859877251e-06
        ],
        [
            0.9999908208847046,
            9.13655458134599e-06
        ],
        [
            0.9999890327453613,
            1.1017321412509773e-05
        ],
        [
            0.999984860420227,
            1.5194315892586019e-05
        ],
        [
            0.9999909400939941,
            9.000877980724908e-06
        ],
        [
            0.9999899864196777,
            1.003751913231099e-05
        ],
        [
            0.9999867677688599,
            1.3268830116430763e-05
        ],
        [
            0.9999828338623047,
            1.7225263945874758e-05
        ],
        [
            0.9999771118164062,
            2.2916468878975138e-05
        ],
        [
            0.9999781847000122,
            2.1870408090762794e-05
        ],
        [
            0.9999904632568359,
            9.481538654654287e-06
        ],
        [
            0.9999802112579346,
            1.983367110369727e-05
        ],
        [
            0.9999865293502808,
            1.3443377611110918e-05
        ],
        [
            0.9999905824661255,
            9.469828000874259e-06
        ],
        [
            0.9999816417694092,
            1.839741162257269e-05
        ],
        [
            0.9999868869781494,
            1.3086859325994737e-05
        ],
        [
            0.9999911785125732,
            8.833188076096121e-06
        ],
        [
            0.999974250793457,
            2.5763245503185317e-05
        ],
        [
            0.9999459981918335,
            5.396763299359009e-05
        ],
        [
            0.9999910593032837,
            8.913680176192429e-06
        ],
        [
            0.9999896287918091,
            1.0406990440969821e-05
        ],
        [
            0.999782145023346,
            0.0002178512077080086
        ],
        [
            0.9998779296875,
            0.00012200275523355231
        ],
        [
            0.999984622001648,
            1.5338622688432224e-05
        ],
        [
            0.9999891519546509,
            1.0837003173946869e-05
        ],
        [
            0.9999902248382568,
            9.79924516286701e-06
        ],
        [
            0.9999881982803345,
            1.1831309166154824e-05
        ],
        [
            0.9999473094940186,
            5.270949986879714e-05
        ],
        [
            0.9992438554763794,
            0.0007561258389614522
        ],
        [
            0.9999819993972778,
            1.795520802261308e-05
        ],
        [
            0.9999876022338867,
            1.2432820767571684e-05
        ],
        [
            0.999363362789154,
            0.0006366230663843453
        ],
        [
            0.9999865293502808,
            1.3419296010397375e-05
        ],
        [
            0.9999860525131226,
            1.3923227015766315e-05
        ],
        [
            0.999983549118042,
            1.640790833334904e-05
        ],
        [
            0.9999790191650391,
            2.101365680573508e-05
        ],
        [
            0.9999910593032837,
            8.881368557922542e-06
        ],
        [
            0.9999896287918091,
            1.0354719051974826e-05
        ],
        [
            0.9999806880950928,
            1.927030461956747e-05
        ],
        [
            0.9999904632568359,
            9.521771062281914e-06
        ],
        [
            0.9995548129081726,
            0.00044522565440274775
        ],
        [
            0.9999908208847046,
            9.186670467897784e-06
        ],
        [
            0.9999910593032837,
            8.965036613517441e-06
        ],
        [
            0.9998842477798462,
            0.00011576293036341667
        ],
        [
            0.9999822378158569,
            1.777028046490159e-05
        ],
        [
            0.9999905824661255,
            9.373507054988295e-06
        ],
        [
            0.9999867677688599,
            1.3262757420307025e-05
        ],
        [
            0.99998939037323,
            1.0642815141181927e-05
        ],
        [
            0.9999581575393677,
            4.185358920949511e-05
        ],
        [
            0.9999288320541382,
            7.118674693629146e-05
        ],
        [
            0.9999901056289673,
            9.93254616332706e-06
        ],
        [
            0.9999911785125732,
            8.852077371557243e-06
        ],
        [
            0.9999899864196777,
            9.968529411708005e-06
        ],
        [
            0.9999902248382568,
            9.726547432364896e-06
        ],
        [
            0.9999629259109497,
            3.7106154195498675e-05
        ],
        [
            0.9999688863754272,
            3.1168128771241754e-05
        ],
        [
            0.9999884366989136,
            1.1591414477152284e-05
        ],
        [
            0.9996196031570435,
            0.0003803904401138425
        ],
        [
            0.9999874830245972,
            1.245722160092555e-05
        ],
        [
            0.9999896287918091,
            1.037369656842202e-05
        ],
        [
            0.9999873638153076,
            1.267155403184006e-05
        ],
        [
            0.9999885559082031,
            1.1447983524703886e-05
        ],
        [
            0.9999837875366211,
            1.6240526747424155e-05
        ],
        [
            0.9999899864196777,
