{
    "initial_probs": [
        0.9977318644523621,
        0.002268223324790597
    ],
    "initial_logits": [
        3.570974588394165,
        -2.5155134201049805
    ],
    "transition_probs": [
        [
            0.9198364019393921,
            0.08016366511583328
        ],
        [
            0.9997349381446838,
            0.0002650675014592707
        ]
    ],
    "transition_logits": [
        [
            1.617648720741272,
            -0.8224767446517944
        ],
        [
            4.383912563323975,
            -3.851348400115967
        ]
    ],
    "posterior_probs": [
        [
            0.9999842643737793,
            1.5769956007716246e-05
        ],
        [
            0.9997126460075378,
            0.00028738405671902
        ],
        [
            0.998319685459137,
            0.0016803017351776361
        ],
        [
            0.9999704360961914,
            2.9551794796134345e-05
        ],
        [
            0.06082160025835037,
            0.9391784071922302
        ],
        [
            0.9999837875366211,
            1.6194253475987352e-05
        ],
        [
            0.9997220635414124,
            0.00027794193010777235
        ],
        [
            0.9996071457862854,
            0.0003929158265236765
        ],
        [
            0.9996873140335083,
            0.0003127118106931448
        ],
        [
            0.9997609257698059,
            0.00023908796720206738
        ],
        [
            0.9987921118736267,
            0.0012079697335138917
        ],
        [
            0.8146687150001526,
            0.1853312849998474
        ],
        [
            0.9995469450950623,
            0.00045298959594219923
        ],
        [
            0.9996330738067627,
            0.000366918568033725
        ],
        [
            0.989854633808136,
            0.010145418345928192
        ],
        [
            0.9998664855957031,
            0.00013346072228159755
        ],
        [
            0.9996458292007446,
            0.00035417205072008073
        ],
        [
            0.9995606541633606,
            0.00043931324034929276
        ],
        [
            0.999862551689148,
            0.00013747204502578825
        ],
        [
            0.9876739382743835,
            0.012326065450906754
        ],
        [
            0.8648000359535217,
            0.13519996404647827
        ],
        [
            0.7763633728027344,
            0.22363658249378204
        ],
        [
            0.9997029900550842,
            0.0002969338675029576
        ],
        [
            0.9991304278373718,
            0.000869539740961045
        ],
        [
            0.9994687438011169,
            0.0005313134170137346
        ],
        [
            0.9976372718811035,
            0.002362679922953248
        ],
        [
            0.993603527545929,
            0.006396462209522724
        ],
        [
            0.9996755123138428,
            0.00032449091668240726
        ],
        [
            0.9998112320899963,
            0.00018878612900152802
        ],
        [
            0.9971715807914734,
            0.002828422235324979
        ],
        [
            0.99950110912323,
            0.0004988647997379303
        ],
        [
            0.999998927116394,
            1.0510694892218453e-06
        ],
        [
            0.004324860405176878,
            0.9956751465797424
        ],
        [
            1.0,
            1.5144930642918553e-08
        ],
        [
            0.004300225060433149,
            0.9956997632980347
        ],
        [
            0.9999898672103882,
            1.012226493912749e-05
        ],
        [
            0.999762237071991,
            0.000237778527662158
        ],
        [
            0.9992696642875671,
            0.0007303861202672124
        ],
        [
            0.99782794713974,
            0.0021720747463405132
        ],
        [
            0.9979217648506165,
            0.0020782186184078455
        ],
        [
            0.9997300505638123,
            0.0002699028991628438
        ],
        [
            0.9998407363891602,
            0.00015928935317788273
        ],
        [
            0.9998080134391785,
            0.00019206301658414304
        ],
        [
            0.9269283413887024,
            0.07307165116071701
        ],
        [
            0.9991217255592346,
            0.0008782796212472022
        ],
        [
            0.9990140199661255,
            0.0009859998244792223
        ],
        [
            0.9996354579925537,
            0.0003645254182629287
        ],
        [
            0.9991939663887024,
            0.0008059883839450777
        ],
        [
            0.9994531273841858,
            0.0005469006719067693
        ],
        [
            0.9963929057121277,
            0.003607068443670869
        ],
        [
            0.9979861974716187,
            0.0020137939136475325
        ],
        [
            0.9996541738510132,
            0.000345859705703333
        ],
        [
            0.9998495578765869,
            0.00015043423627503216
        ],
        [
            0.9991106390953064,
            0.0008893958874978125
        ],
        [
            0.9998311996459961,
            0.00016877629968803376
        ],
        [
            0.999671220779419,
            0.000328790774801746
        ],
        [
            0.9994950294494629,
            0.0005049040191806853
        ],
        [
            0.9999992847442627,
            6.928727316335426e-07
        ],
        [
            0.0019290249329060316,
            0.998071014881134
        ],
        [
            0.9999992847442627,
            7.371428978331096e-07
        ],
        [
            0.9996572732925415,
            0.00034277152735739946
        ],
        [
            0.9995515942573547,
            0.00044837736641056836
        ],
        [
            0.9995597004890442,
            0.00044032622827216983
        ],
        [
            0.9997977614402771,
            0.00020228195353411138
        ],
        [
            0.9995965361595154,
            0.0004034340672660619
        ],
        [
            0.9998216032981873,
            0.00017841941735241562
        ],
        [
            0.9987009763717651,
            0.001299051335081458
        ],
        [
            0.9997356534004211,
            0.0002642925246618688
        ],
        [
            0.9998389482498169,
            0.00016107084229588509
        ],
        [
            0.9998918771743774,
            0.00010806439240695909
        ],
        [
            0.9998544454574585,
            0.00014558648399543017
        ],
        [
            0.9996949434280396,
            0.00030507423798553646
        ],
        [
            0.17326854169368744,
            0.8267315030097961
        ],
        [
            0.9999325275421143,
            6.744737038388848e-05
        ],
        [
            0.9995388984680176,
            0.00046117379679344594
        ],
        [
            0.999657154083252,
            0.00034284472349099815
        ],
        [
            0.9998210072517395,
            0.0001789810339687392
        ],
        [
            0.9994713664054871,
            0.0005285977968014777
        ],
        [
            0.999616265296936,
            0.00038367690285667777
        ],
        [
            0.9920461177825928,
            0.007953871041536331
        ],
        [
            0.9994621872901917,
            0.0005378025816753507
        ],
        [
            0.9999147653579712,
            8.52365410537459e-05
        ],
        [
            0.9998975992202759,
            0.00010235918307444081
        ],
        [
            0.9998296499252319,
            0.00017028414004016668
        ],
        [
            0.9998469352722168,
            0.00015309921582229435
        ],
        [
