{
    "initial_probs": [
        0.00020792035502381623,
        0.9997920393943787
    ],
    "initial_logits": [
        -3.526020050048828,
        4.952127456665039
    ],
    "transition_probs": [
        [
            0.9999779462814331,
            2.2102409275248647e-05
        ],
        [
            0.03481559827923775,
            0.9651844501495361
        ]
    ],
    "transition_logits": [
        [
            5.798141002655029,
            -4.921660900115967
        ],
        [
            -1.0215885639190674,
            2.3006651401519775
        ]
    ],
    "posterior_probs": [
        [
            2.395059151005796e-10,
            1.0
        ],
        [
            4.194494351850153e-08,
            1.0
        ],
        [
            4.359986860436038e-08,
            1.0
        ],
        [
            4.681296061903595e-08,
            1.0
        ],
        [
            2.0825895319376286e-07,
            0.9999997615814209
        ],
        [
            4.6012885945856397e-07,
            0.9999995231628418
        ],
        [
            2.7032147187355804e-08,
            1.0
        ],
        [
            1.7593853840480733e-07,
            0.9999998807907104
        ],
        [
            3.887747013209264e-08,
            1.0
        ],
        [
            3.24890443437198e-08,
            1.0
        ],
        [
            1.9605657541887922e-07,
            0.9999997615814209
        ],
        [
            3.515059354697314e-09,
            1.0
        ],
        [
            1.4582305141175311e-08,
            1.0
        ],
        [
            1.1644490705009503e-08,
            1.0
        ],
        [
            2.2573549074422772e-07,
            0.9999997615814209
        ],
        [
            1.7353228543015575e-07,
            0.9999998807907104
        ],
        [
            3.395276593209928e-08,
            1.0
        ],
        [
            1.7920201855758933e-07,
            0.9999997615814209
        ],
        [
            1.944084004890101e-08,
            1.0
        ],
        [
            6.999739809998573e-08,
            0.9999998807907104
        ],
        [
            1.3192518508731155e-06,
            0.9999986886978149
        ],
        [
            2.1383514194894815e-06,
            0.9999978542327881
        ],
        [
            7.916274626040831e-06,
            0.9999921321868896
        ],
        [
            7.057785842334852e-05,
            0.9999294281005859
        ],
        [
            9.790054900804535e-05,
            0.9999021291732788
        ],
        [
            0.00019251916091889143,
            0.9998075366020203
        ],
        [
            0.00023222736490424722,
            0.9997677206993103
        ],
        [
            0.006574207916855812,
            0.9934258460998535
        ],
        [
            0.43134087324142456,
            0.5686591267585754
        ],
        [
            0.8356637954711914,
            0.164336159825325
        ],
        [
            0.999889612197876,
            0.00011033348710043356
        ],
        [
            0.9999912977218628,
            8.663727385282982e-06
        ],
        [
            1.0,
            4.5213376154151774e-08
        ],
        [
            1.0,
            1.3693060907371546e-08
        ],
        [
            0.9999982118606567,
            1.7413218529327423e-06
        ],
        [
            0.9999446868896484,
            5.529037298401818e-05
        ],
        [
            0.9999508857727051,
            4.912820804747753e-05
        ],
        [
            0.9999603033065796,
            3.9717371691949666e-05
        ],
        [
            0.9999945163726807,
            5.5138712014013436e-06
        ],
        [
            0.9999996423721313,
            3.557989032287878e-07
        ],
        [
            0.9999960660934448,
            3.929063950636191e-06
        ],
        [
            1.0,
            2.4073358417808777e-08
        ],
        [
            0.9999998807907104,
            1.1879372863177196e-07
        ],
        [
            1.0,
            3.042239127282187e-09
        ],
        [
            1.0,
            1.823735829020734e-08
        ],
        [
            0.9999990463256836,
            9.193507821692037e-07
        ],
        [
            1.0,
            3.901785117221834e-09
        ],
        [
            0.9999998807907104,
            9.827329705558441e-08
        ],
        [
            0.9999991655349731,
            8.307670782414789e-07
        ],
        [
            1.0,
            6.558734000350341e-09
        ],
        [
            1.0,
            2.4993783043214535e-08
        ],
        [
            0.999997615814209,
            2.4217199552367674e-06
        ],
        [
            1.0,
            4.0182023042234505e-08
        ],
        [
            1.0,
            3.2537414540456666e-08
        ],
        [
            0.9999995231628418,
            5.16965940278169e-07
        ],
        [
            0.9999786615371704,
            2.1336913050618023e-05
        ],
        [
            0.9999997615814209,
            2.334953421723185e-07
        ],
        [
            1.0,
            9.291694080815205e-10
        ],
        [
            1.0,
            1.6239464883938126e-08
        ],
        [
            1.0,
            7.212158426028736e-09
        ],
        [
            1.0,
            6.18972384458516e-09
        ],
        [
            1.0,
            2.2330979287943364e-09
        ],
        [
            1.0,
            5.576763584258515e-08
        ],
        [
            1.0,
            1.4162845340948138e-09
        ],
        [
            1.0,
            3.364832412700025e-09
        ],
        [
            0.9999995231628418,
            4.314109673941857e-07
        ],
        [
            0.9999963045120239,
            3.6568187624652637e-06
        ],
        [
            1.0,
            3.659172875813965e-08
        ],
        [
            1.0,
            2.090069228799507e-09
        ],
        [
            1.0,
            4.747584725350862e-08
        ],
        [
            1.0,
            2.567065893188669e-09
        ],
        [
            1.0,
            3.773209300561575e-09
        ],
        [
            1.0,
            2.292943890314092e-10
        ],
        [
            1.0,
            4.368425621237293e-09
        ],
        [
            1.0,
            2.1700143904013203e-09
        ],
        [
            1.0,
            5.4128602045011576e-08
        ],
        [
            0.9999998807907104,
            1.0701702990445483e-07
        ],
        [
            1.0,
            5.901410915498673e-09
        ],
        [
            1.0,
            2.8725779088745185e-08
        ],
        [
            1.0,
            3.5918885643582144e-09
        ],
        [
            0.9999998807907104,
            9.94203332993493e-08
        ],
        [
            1.0,
            7.812852587107955e-09
        ],
        [
            0.9999998807907104,
            1.2859177900281793e-07
        ],
        [
            1.0,
            7.521576250724138e-09
        ],
        [
            0.9999997615814209,
            1.885098015463882e-07
        ],
        [
            0.999996542930603,
            3.417253537918441e-06
        ],
        [
            0.9999996423721313,
            3.704383289004909e-07
        ],
        [
            0.9999544620513916,
            4.548800643533468e-05
        ],
        [
            0.9999980926513672,
            1.8715606984187616e-06
        ],
        [
            1.0,
            4.285796162406541e-09
        ],
        [
            1.0,
            2.124895148725159e-09
        ],
        [
            0.9999998807907104,
            1.739086883389973e-07
        ],
        [
            0.9999990463256836,
