{
    "initial_probs": [
        0.9999027252197266,
        9.731602040119469e-05
    ],
    "initial_logits": [
        5.112115859985352,
        -4.125333786010742
    ],
    "transition_probs": [
        [
            0.9711400866508484,
            0.02885996177792549
        ],
        [
            0.999295711517334,
            0.0007043227669782937
        ]
    ],
    "transition_logits": [
        [
            2.2737200260162354,
            -1.242295503616333
        ],
        [
            4.049262046813965,
            -3.2083070278167725
        ]
    ],
    "posterior_probs": [
        [
            1.0,
            3.751553734332447e-08
        ],
        [
            0.9999932050704956,
            6.743522590113571e-06
        ],
        [
            0.9999685287475586,
            3.1510026019532233e-05
        ],
        [
            0.9999830722808838,
            1.693959529802669e-05
        ],
        [
            0.999018669128418,
            0.0009813514770939946
        ],
        [
            0.9999963045120239,
            3.751056738110492e-06
        ],
        [
            0.9999802112579346,
            1.977172723854892e-05
        ],
        [
            0.9993730187416077,
            0.0006269839941523969
        ],
        [
            0.9999966621398926,
            3.349931375851156e-06
        ],
        [
            0.9999876022338867,
            1.2394085388223175e-05
        ],
        [
            0.9999784231185913,
            2.1584139176411554e-05
        ],
        [
            0.9999842643737793,
            1.5781748516019434e-05
        ],
        [
            0.9999909400939941,
            9.024119208334014e-06
        ],
        [
            0.9999527931213379,
            4.722351877717301e-05
        ],
        [
            0.9999910593032837,
            8.98509915714385e-06
        ],
        [
            0.9998144507408142,
            0.0001855764858191833
        ],
        [
            0.9999972581863403,
            2.7914672955375863e-06
        ],
        [
            0.9999943971633911,
            5.630305622617016e-06
        ],
        [
            0.9735426306724548,
            0.026457348838448524
        ],
        [
            0.9999728202819824,
            2.717672396101989e-05
        ],
        [
            0.9997449517250061,
            0.0002549857599660754
        ],
        [
            0.9999927282333374,
            7.239598289743299e-06
        ],
        [
            0.9998688697814941,
            0.00013108753773849458
        ],
        [
            0.9999815225601196,
            1.842817619035486e-05
        ],
        [
            0.9999117851257324,
            8.818384958431125e-05
        ],
        [
            0.9999958276748657,
            4.1583798520150594e-06
        ],
        [
            0.999997615814209,
            2.341916342629702e-06
        ],
        [
            0.9999889135360718,
            1.1137837645947002e-05
        ],
        [
            0.9999959468841553,
            4.038566657982301e-06
        ],
        [
            0.9989070892333984,
            0.001092851860448718
        ],
        [
            0.9999669790267944,
            3.304031633888371e-05
        ],
        [
            0.9999905824661255,
            9.449691788177006e-06
        ],
        [
            0.9999910593032837,
            8.999918463814538e-06
        ],
        [
            0.9998644590377808,
            0.00013547117123380303
        ],
        [
            0.8749145269393921,
            0.12508541345596313
        ],
        [
            0.9999628067016602,
            3.723660120158456e-05
        ],
        [
            0.9999347925186157,
            6.517915608128533e-05
        ],
        [
            0.9999914169311523,
            8.549084668629803e-06
        ],
        [
            0.9947643280029297,
            0.005235679447650909
        ],
        [
            0.9999836683273315,
            1.632051498745568e-05
        ],
        [
            0.9999507665634155,
            4.9230635340791196e-05
        ],
        [
            0.9999712705612183,
            2.8686781661235727e-05
        ],
        [
            0.9999897480010986,
            1.0240644769510254e-05
        ],
        [
            0.9993153810501099,
            0.0006846282631158829
        ],
        [
            0.9990856647491455,
            0.0009142790804617107
        ],
        [
            0.9996496438980103,
            0.000350346410414204
        ],
        [
            0.9999477863311768,
            5.2185339882271364e-05
        ],
        [
            0.9999840259552002,
            1.6024403521441855e-05
        ],
        [
            0.9960493445396423,
            0.00395068759098649
        ],
        [
            0.9999915361404419,
            8.490844265907072e-06
        ],
        [
            0.9999872446060181,
            1.2779709322785493e-05
        ],
        [
            0.9999771118164062,
            2.284472247993108e-05
        ],
        [
            0.9998401403427124,
            0.0001598346425453201
        ],
        [
            0.9999967813491821,
            3.191263886037632e-06
        ],
        [
            0.9999357461929321,
            6.43059320282191e-05
        ],
        [
            0.9999904632568359,
            9.556996701576281e-06
        ],
        [
            0.9999840259552002,
            1.5986304788384587e-05
        ],
        [
            0.9999784231185913,
            2.1556490537477657e-05
        ],
        [
            0.9998094439506531,
            0.00019056863675359637
        ],
        [
            0.9998428821563721,
            0.0001571459142724052
        ],
        [
            0.9999771118164062,
            2.2830783564131707e-05
        ],
        [
            0.9999834299087524,
            1.6605878045083955e-05
        ],
        [
            0.9990910291671753,
            0.0009089980158023536
        ],
        [
            0.9999978542327881,
            2.193457703469903e-06
        ],
        [
            0.9999911785125732,
            8.809699465928134e-06
        ],
        [
            0.9999948740005493,
            5.0729177019093186e-06
        ],
        [
            0.9999934434890747,
            6.536047749250429e-06
        ],
        [
            0.999603807926178,
            0.0003962500486522913
        ],
        [
            0.9999957084655762,
            4.340159193816362e-06
        ],
        [
            0.999996542930603,
            3.4341896935075056e-06
        ],
        [
            0.9999884366989136,
            1.1529322364367545e-05
        ],
        [
            0.9988056421279907,
            0.00119436823297292
        ],
        [
            0.9997962117195129,
            0.00020378730550874025
        ],
        [
            0.9999935626983643,
            6.492313332273625e-06
        ],
        [
            0.9999868869781494,
            1.3151618077245075e-05
        ],
        [
            0.9999676942825317,
            3.2251333323074505e-05
        ],
        [
            0.5955807566642761,
            0.4044192135334015
        ],
        [
            0.9999637603759766,
            3.623445445555262e-05
        ],
        [
            0.999991774559021,
            8.208541657950263e-06
        ],
        [
            0.9999901056289673,
            9.905605111271143e-06
        ],
        [
            0.9999970197677612,
            2.9541406547650695e-06
        ],
        [
            0.9999973773956299,
            2.5984425064962124e-06
        ],
        [
            0.9999921321868896,
            7.84029998612823e-06
        ],
        [
            0.9999960660934448,
            3.9573128560732584e-06
        ],
        [
            0.9992375373840332,
            0.000762441020924598
        ],
