{
    "initial_probs": [
        0.9999133348464966,
        8.664560300530866e-05
    ],
    "initial_logits": [
        4.920020580291748,
        -4.433576583862305
    ],
    "transition_probs": [
        [
            0.999473512172699,
            0.0005265471409074962
        ],
        [
            0.9941959381103516,
            0.0058040618896484375
        ]
    ],
    "transition_logits": [
        [
            3.8717517852783203,
            -3.676891565322876
        ],
        [
            3.0899765491485596,
            -2.0533998012542725
        ]
    ],
    "posterior_probs": [
        [
            0.9999867677688599,
            1.3268526345200371e-05
        ],
        [
            0.9997499585151672,
            0.0002500398550182581
        ],
        [
            0.9999301433563232,
            6.990536348894238e-05
        ],
        [
            0.999916672706604,
            8.33308367873542e-05
        ],
        [
            0.9998779296875,
            0.00012208003317937255
        ],
        [
            0.9995015859603882,
            0.0004984618281014264
        ],
        [
            0.9819933176040649,
            0.01800670474767685
        ],
        [
            0.9999110698699951,
            8.893511403584853e-05
        ],
        [
            0.9942305088043213,
            0.005769500974565744
        ],
        [
            0.9948241710662842,
            0.005175782833248377
        ],
        [
            0.999755322933197,
            0.0002446294529363513
        ],
        [
            0.999697208404541,
            0.0003028163337148726
        ],
        [
            0.9999061822891235,
            9.380769188283011e-05
        ],
        [
            0.9998495578765869,
            0.00015036309196148068
        ],
        [
            0.9997796416282654,
            0.00022039675968699157
        ],
        [
            0.999894380569458,
            0.00010563707473920658
        ],
        [
            0.9999349117279053,
            6.511354877147824e-05
        ],
        [
            0.9998651742935181,
            0.00013485665840562433
        ],
        [
            0.9999979734420776,
            2.0450893316592555e-06
        ],
        [
            0.9998522996902466,
            0.00014771193673368543
        ],
        [
            0.9999336004257202,
            6.64119070279412e-05
        ],
        [
            0.9999343156814575,
            6.566227239090949e-05
        ],
        [
            0.999932050704956,
            6.789340841351077e-05
        ],
        [
            0.9999194145202637,
            8.055062062339857e-05
        ],
        [
            0.9998975992202759,
            0.00010236230446025729
        ],
        [
            0.9999346733093262,
            6.533248961204663e-05
        ],
        [
            0.9999260902404785,
            7.395851571345702e-05
        ],
        [
            0.9999097585678101,
            9.025559847941622e-05
        ],
        [
            0.9998871088027954,
            0.0001128893782151863
        ],
        [
            0.9998237490653992,
            0.0001763250184012577
        ],
        [
            0.9998345375061035,
            0.00016538619820494205
        ],
        [
            0.999927282333374,
            7.273202936630696e-05
        ],
        [
            0.9998428821563721,
            0.0001571171305840835
        ],
        [
            0.9998948574066162,
            0.00010518355702515692
        ],
        [
            0.9999282360076904,
            7.175104838097468e-05
        ],
        [
            0.9998704195022583,
            0.0001295051770284772
        ],
        [
            0.9999097585678101,
            9.026110637933016e-05
        ],
        [
            0.9999346733093262,
            6.530259270220995e-05
        ],
        [
            0.9999643564224243,
            3.565421138773672e-05
        ],
        [
            0.9996750354766846,
            0.0003249565197620541
        ],
        [
            0.999968409538269,
            3.161404674756341e-05
        ],
        [
            0.9999223947525024,
            7.758566061966121e-05
        ],
        [
            0.9981062412261963,
            0.0018936870619654655
        ],
        [
            0.9992619156837463,
            0.0007380996830761433
        ],
        [
            0.999897837638855,
            0.00010218442184850574
        ],
        [
            0.9999170303344727,
            8.301864727400243e-05
        ],
        [
            0.9999251365661621,
            7.487593393307179e-05
        ],
        [
            0.9999059438705444,
            9.403409785591066e-05
        ],
        [
            0.9996086955070496,
            0.00039136072155088186
        ],
        [
            0.9958688020706177,
            0.004131204914301634
        ],
        [
            0.9998805522918701,
            0.00011942353012273088
        ],
        [
            0.9998970031738281,
            0.00010302664304617792
        ],
        [
            0.9995416402816772,
            0.00045834085904061794
        ],
        [
            0.9999165534973145,
            8.340714703081176e-05
        ],
        [
            0.9999918937683105,
            8.089917173492722e-06
        ],
        [
            0.999890923500061,
            0.00010905320232268423
        ],
        [
            0.9998737573623657,
            0.00012621254427358508
        ],
        [
            0.9999338388442993,
            6.616915197810158e-05
        ],
        [
            0.9999268054962158,
            7.322864985326305e-05
        ],
        [
            0.9998414516448975,
            0.00015858132974244654
        ],
        [
            0.9999313354492188,
            6.863708404125646e-05
        ],
        [
            0.9981984496116638,
            0.0018015193054452538
        ],
        [
            0.9999306201934814,
            6.941644824109972e-05
        ],
        [
            0.9999343156814575,
            6.571840640390292e-05
        ],
        [
            0.9992870688438416,
            0.0007129459409043193
        ],
        [
            0.9999345541000366,
            6.540230242535472e-05
        ],
        [
            0.9999321699142456,
            6.78623400744982e-05
        ],
        [
            0.9999097585678101,
            9.018126002047211e-05
        ],
        [
            0.9999232292175293,
            7.673332584090531e-05
        ],
        [
            0.9996507167816162,
            0.0003492899122647941
        ],
        [
            0.9995627999305725,
            0.0004372010298538953
        ],
        [
            0.9999263286590576,
            7.3694929596968e-05
        ],
        [
            0.9999340772628784,
            6.589511031052098e-05
        ],
        [
            0.9999247789382935,
            7.52286214265041e-05
        ],
        [
            0.9999287128448486,
            7.127967546693981e-05
        ],
        [
            0.9997621178627014,
            0.000237880100030452
        ],
        [
            0.999997615814209,
            2.3729232907498954e-06
        ],
        [
            0.9999122619628906,
            8.768475527176633e-05
        ],
        [
            0.9967727065086365,
            0.003227291163057089
        ],
        [
            0.9999141693115234,
            8.581592555856332e-05
        ],
        [
            0.9999252557754517,
            7.467967952834442e-05
        ],
        [
            0.9999138116836548,
            8.612547389930114e-05
        ],
        [
            0.999909520149231,
            9.05203924048692e-05
        ],
        [
            0.9998912811279297,
            0.00010873753490159288
        ],
        [
            0.9999246597290039,
            7.527913840021938e-05
        ],
