{
    "initial_probs": [
        0.0013892666902393103,
        0.9986107349395752
    ],
    "initial_logits": [
        -3.0157103538513184,
        3.5618786811828613
    ],
    "transition_probs": [
        [
            0.9711557030677795,
            0.028844259679317474
        ],
        [
            0.01012080442160368,
            0.9898791313171387
        ]
    ],
    "transition_logits": [
        [
            2.2222418785095215,
            -1.2943339347839355
        ],
        [
            -1.4002352952957153,
            3.1827545166015625
        ]
    ],
    "posterior_probs": [
        [
            4.247191043305065e-09,
            1.0
        ],
        [
            1.3260692810490582e-07,
            0.9999998807907104
        ],
        [
            1.1811181366283563e-06,
            0.9999988079071045
        ],
        [
            4.2915100493701175e-05,
            0.9999570846557617
        ],
        [
            2.7703358682629187e-06,
            0.9999972581863403
        ],
        [
            1.096798541766475e-06,
            0.999998927116394
        ],
        [
            3.4394911918589344e-10,
            1.0
        ],
        [
            5.639638516186096e-07,
            0.9999994039535522
        ],
        [
            2.521430724300444e-05,
            0.9999747276306152
        ],
        [
            2.0672396203735843e-06,
            0.9999979734420776
        ],
        [
            1.482484924750227e-13,
            1.0
        ],
        [
            2.8069289328414015e-06,
            0.9999971389770508
        ],
        [
            1.2492054338508751e-05,
            0.9999874830245972
        ],
        [
            1.8761069213724113e-06,
            0.9999980926513672
        ],
        [
            0.00010644277062965557,
            0.9998935461044312
        ],
        [
            2.470326592174388e-07,
            0.9999997615814209
        ],
        [
            5.156463771527342e-07,
            0.9999995231628418
        ],
        [
            1.1505782437915002e-11,
            1.0
        ],
        [
            0.0,
            1.0
        ],
        [
            3.0242226120751124e-17,
            1.0
        ],
        [
            3.264842234784737e-05,
            0.9999673366546631
        ],
        [
            5.688719102181494e-05,
            0.9999431371688843
        ],
        [
            1.180082431773144e-08,
            1.0
        ],
        [
            2.8711437494166603e-07,
            0.9999997615814209
        ],
        [
            1.0019740557254408e-06,
            0.9999990463256836
        ],
        [
            1.7690224751731876e-07,
            0.9999998807907104
        ],
        [
            1.7918882804224268e-06,
            0.9999982118606567
        ],
        [
            1.881340416787225e-08,
            1.0
        ],
        [
            3.2034050967411076e-09,
            1.0
        ],
        [
            5.327133294485975e-07,
            0.9999995231628418
        ],
        [
            6.385478741322004e-07,
            0.9999994039535522
        ],
        [
            1.7013680917443708e-05,
            0.9999829530715942
        ],
        [
            5.285311544867e-06,
            0.9999947547912598
        ],
        [
            3.119462732570355e-08,
            1.0
        ],
        [
            4.3965972196247094e-08,
            1.0
        ],
        [
            6.882194156787591e-06,
            0.999993085861206
        ],
        [
            6.39380668872036e-05,
            0.9999361038208008
        ],
        [
            8.337386816492653e-07,
            0.9999991655349731
        ],
        [
            4.745973456010688e-06,
            0.999995231628418
        ],
        [
            1.6035652151913382e-05,
            0.9999839067459106
        ],
        [
            4.2455753828107845e-06,
            0.9999957084655762
        ],
        [
            5.662182502419455e-06,
            0.9999943971633911
        ],
        [
            9.841245400821208e-07,
            0.9999990463256836
        ],
        [
            1.633251311972117e-10,
            1.0
        ],
        [
            5.53398822446578e-19,
            1.0
        ],
        [
            0.0,
            1.0
        ],
        [
            1.3971930457046255e-07,
            0.9999998807907104
        ],
        [
            1.0204272484770627e-06,
            0.999998927116394
        ],
        [
            0.0,
            1.0
        ],
        [
            0.0,
            1.0
        ],
        [
            2.7778705771197565e-06,
            0.9999972581863403
        ],
        [
            1.299879568250617e-05,
            0.999987006187439
        ],
        [
            0.0,
            1.0
        ],
        [
            5.27767274327573e-10,
            1.0
        ],
        [
            0.0,
            1.0
        ],
        [
            2.8411697883257148e-08,
            1.0
        ],
        [
            7.354801141445932e-07,
            0.9999992847442627
        ],
        [
            1.1470569916127715e-07,
            0.9999998807907104
        ],
        [
            0.0,
            1.0
        ],
        [
            0.023180346935987473,
            0.9768196940422058
        ],
        [
            0.03732359781861305,
            0.9626764059066772
        ],
        [
            1.0,
            6.916510007955179e-13
        ],
        [
            1.0,
            2.9575356053079815e-11
        ],
        [
            1.0,
            8.828791864257113e-12
        ],
        [
            1.0,
            1.1804221879477272e-12
        ],
        [
            1.0,
            3.9638001214648e-11
        ],
        [
            1.0,
            2.103809487730146e-11
        ],
        [
            1.0,
            2.690638103863886e-19
        ],
        [
            1.0,
            2.0455573346289668e-10
        ],
        [
            1.0,
            2.492808858165223e-15
        ],
        [
            0.9999966621398926,
            3.378678684384795e-06
        ],
        [
            0.9540999531745911,
            0.045900072902441025
        ],
        [
            1.0,
            1.2195624718436271e-11
        ],
        [
            1.0,
            1.4448372918007477e-14
        ],
        [
            1.0,
            4.3370111837559707e-16
        ],
        [
            1.0,
            4.6888237243596434e-14
        ],
        [
            1.0,
            3.244881238164375e-14
        ],
        [
            1.0,
            1.6859650342482269e-09
        ],
        [
            1.0,
            1.660845350137663e-10
        ],
        [
            1.0,
            3.5875340476110296e-09
        ],
        [
            1.0,
            2.0623899130508975e-15
        ],
        [
            1.0,
            5.648137513247775e-10
        ],
        [
            1.0,
            7.05917095611408e-13
        ],
        [
            1.0,
            2.7600550057435655e-16
        ],
        [
            1.0,
            1.045307174152299e-09
        ],
        [
            1.0,
            2.870081144520551e-15
        ],
        [
            1.0,
            1.1817197611077579e-12
        ],
        [
            1.0,
            5.705983241455215e-09
        ],
        [
            1.0,
            9.068858945054936e-13
        ],
        [
            0.9929713606834412,
            0.007028601132333279
        ],
        [
            0.9998880624771118,
            0.00011193580576218665
        ],
        [
            0.9892404675483704,
            0.010759497061371803
        ],
        [
            1.0,
            4.2469455729943206e-10
        ],
        [
            1.0,
            6.196954981396729e-16
        ],
        [
            1.0,
