{
    "initial_probs": [
        0.9999431371688843,
        5.685789801646024e-05
    ],
    "initial_logits": [
        5.671779155731201,
        -4.103118896484375
    ],
    "transition_probs": [
        [
            0.8760805726051331,
            0.12391948699951172
        ],
        [
            0.49919334053993225,
            0.5008066892623901
        ]
    ],
    "transition_logits": [
        [
            1.420859456062317,
            -0.5349665284156799
        ],
        [
            0.4415084719657898,
            0.44473516941070557
        ]
    ],
    "posterior_probs": [
        [
            0.9999969005584717,
            3.1049960398377152e-06
        ],
        [
            0.9903179407119751,
            0.009682105854153633
        ],
        [
            0.9917214512825012,
            0.008278489112854004
        ],
        [
            0.9901517033576965,
            0.009848242625594139
        ],
        [
            0.9847359657287598,
            0.015264096669852734
        ],
        [
            0.9901676177978516,
            0.009832334704697132
        ],
        [
            0.9914876222610474,
            0.00851233210414648
        ],
        [
            0.9914952516555786,
            0.008504738099873066
        ],
        [
            0.9893269538879395,
            0.010673115961253643
        ],
        [
            0.9909329414367676,
            0.009067046456038952
        ],
        [
            0.9876682162284851,
            0.012331826612353325
        ],
        [
            0.9919223785400391,
            0.00807762611657381
        ],
        [
            0.9896296858787537,
            0.010370349511504173
        ],
        [
            0.9902778267860413,
            0.009722128510475159
        ],
        [
            0.9710090160369873,
            0.028990935534238815
        ],
        [
            0.9355427622795105,
            0.06445722281932831
        ],
        [
            0.9475170373916626,
            0.0524829626083374
        ],
        [
            0.9064074754714966,
            0.09359253942966461
        ],
        [
            0.0022740685380995274,
            0.9977259039878845
        ],
        [
            0.0514940544962883,
            0.9485058784484863
        ],
        [
            0.9458849430084229,
            0.05411510169506073
        ],
        [
            0.9889049530029297,
            0.011095074005424976
        ],
        [
            0.9870647192001343,
            0.012935271486639977
        ],
        [
            0.9819714426994324,
            0.01802857406437397
        ],
        [
            0.9764410257339478,
            0.02355889230966568
        ],
        [
            0.991419792175293,
            0.008580210618674755
        ],
        [
            0.9920153617858887,
            0.00798463262617588
        ],
        [
            0.991115927696228,
            0.008884093724191189
        ],
        [
            0.9888597726821899,
            0.01114019937813282
        ],
        [
            0.93974769115448,
            0.06025232374668121
        ],
        [
            0.17658282816410065,
            0.8234171271324158
        ],
        [
            0.41834041476249695,
            0.5816595554351807
        ],
        [
            0.43356549739837646,
            0.5664345622062683
        ],
        [
            0.8361995816230774,
            0.1638004332780838
        ],
        [
            0.9595001935958862,
            0.04049980267882347
        ],
        [
            0.9628110527992249,
            0.03718896210193634
        ],
        [
            0.98605877161026,
            0.013941229321062565
        ],
        [
            0.9891526699066162,
            0.010847389698028564
        ],
        [
            0.9894355535507202,
            0.010564425960183144
        ],
        [
            0.9780632853507996,
            0.021936794742941856
        ],
        [
            0.8749263286590576,
            0.12507374584674835
        ],
        [
            0.9858161211013794,
            0.014183883555233479
        ],
        [
            0.9903333783149719,
            0.009666608646512032
        ],
        [
            0.9910064339637756,
            0.008993585593998432
        ],
        [
            0.9896156787872314,
            0.010384295135736465
        ],
        [
            0.9804307818412781,
            0.019569262862205505
        ],
        [
            0.9397148489952087,
            0.060285162180662155
        ],
        [
            1.1179381544934586e-05,
            0.9999887943267822
        ],
        [
            0.8981624245643616,
            0.10183761268854141
        ],
        [
            0.8330637812614441,
            0.1669362634420395
        ],
        [
            0.858746349811554,
            0.14125365018844604
        ],
        [
            0.9796386957168579,
            0.020361246541142464
        ],
        [
            0.9869478940963745,
            0.013052098453044891
        ],
        [
            0.9845169186592102,
            0.01548305619508028
        ],
        [
            0.9708107709884644,
            0.029189180582761765
        ],
        [
            0.9872849583625793,
            0.012715044431388378
        ],
        [
            0.9378995299339294,
            0.06210045516490936
        ],
        [
            3.704358732647961e-06,
            0.9999963045120239
        ],
        [
            0.8373665809631348,
            0.16263338923454285
        ],
        [
            0.7437617182731628,
            0.25623831152915955
        ],
        [
            1.7294324834438157e-06,
            0.9999982118606567
        ],
        [
            0.483309268951416,
            0.516690731048584
        ],
        [
            3.6867896824333e-07,
            0.9999996423721313
        ],
        [
            6.159436338748492e-07,
            0.9999994039535522
        ],
        [
            0.9402108192443848,
            0.05978917330503464
        ],
        [
            0.9821704626083374,
            0.017829488962888718
        ],
        [
            0.9895521998405457,
            0.01044783741235733
        ],
        [
            0.9778186082839966,
            0.02218136191368103
        ],
        [
            0.9913235902786255,
            0.008676404133439064
        ],
        [
            0.9882070422172546,
            0.011792948469519615
        ],
        [
            0.9552016854286194,
            0.04479825124144554
        ],
        [
            0.9480096101760864,
            0.05199042707681656
        ],
        [
            0.9125920534133911,
            0.0874079167842865
        ],
        [
            0.9150813817977905,
            0.08491864800453186
        ],
        [
            1.2407700751282391e-06,
            0.9999988079071045
        ],
        [
            0.036201950162649155,
            0.9637980461120605
        ],
        [
            0.13569490611553192,
            0.8643050789833069
        ],
        [
            0.7434824109077454,
            0.25651755928993225
        ],
        [
            8.865872223395854e-05,
            0.9999113082885742
        ],
        [
            0.0015005420427769423,
            0.9984995126724243
        ],
        [
            0.7296943664550781,
            0.2703056037425995
        ],
        [
            0.005283498205244541,
            0.994716465473175
        ],
        [
            0.02649589255452156,
            0.9735041260719299
        ],
        [
            0.8597778081893921,
            0.14022214710712433
        ],
        [
            0.9184253811836243,
            0.08157461136579514
        ],
        [
            0.9788333773612976,
            0.021166564896702766
        ],
        [
            0.9658079743385315,
