{
    "initial_probs": [
        1.7271979231736623e-05,
        0.9999827146530151
    ],
    "initial_logits": [
        -5.20112419128418,
        5.765284061431885
    ],
    "transition_probs": [
        [
            0.8002676367759705,
            0.19973234832286835
        ],
        [
            0.03454175963997841,
            0.9654582738876343
        ]
    ],
    "transition_logits": [
        [
            1.396236777305603,
            0.008268880657851696
        ],
        [
            -1.4248679876327515,
            1.9055657386779785
        ]
    ],
    "posterior_probs": [
        [
            1.7976256003748858e-06,
            0.9999982118606567
        ],
        [
            0.015348845161497593,
            0.9846512079238892
        ],
        [
            0.004868563264608383,
            0.9951314926147461
        ],
        [
            0.0017079658573493361,
            0.9982920289039612
        ],
        [
            0.0022613981273025274,
            0.9977385997772217
        ],
        [
            0.0034744313452392817,
            0.9965255856513977
        ],
        [
            0.002411258639767766,
            0.9975887537002563
        ],
        [
            0.0021122752223163843,
            0.9978876709938049
        ],
        [
            0.0021195083390921354,
            0.9978805780410767
        ],
        [
            0.006911584176123142,
            0.99308842420578
        ],
        [
            0.0026695302221924067,
            0.9973304271697998
        ],
        [
            0.0021192501299083233,
            0.9978808164596558
        ],
        [
            0.00035327370278537273,
            0.9996466636657715
        ],
        [
            0.0025775872636586428,
            0.997422456741333
        ],
        [
            0.003829922992736101,
            0.9961701035499573
        ],
        [
            0.0030266379471868277,
            0.9969733953475952
        ],
        [
            0.010168659500777721,
            0.9898313879966736
        ],
        [
            0.028804242610931396,
            0.9711957573890686
        ],
        [
            0.018300840631127357,
            0.9816992282867432
        ],
        [
            0.06520050764083862,
            0.9347994327545166
        ],
        [
            0.14375397562980652,
            0.8562459945678711
        ],
        [
            0.9837414026260376,
            0.016258535906672478
        ],
        [
            0.7342207431793213,
            0.2657792270183563
        ],
        [
            0.7260069251060486,
            0.27399304509162903
        ],
        [
            0.7530072331428528,
            0.246992826461792
        ],
        [
            0.9999805688858032,
            1.9485409211483784e-05
        ],
        [
            0.9979376792907715,
            0.002062298823148012
        ],
        [
            0.9366662502288818,
            0.06333374977111816
        ],
        [
            0.9596191644668579,
            0.04038078710436821
        ],
        [
            0.9979343414306641,
            0.0020656618289649487
        ],
        [
            0.9862516522407532,
            0.013748318888247013
        ],
        [
            0.997289776802063,
            0.0027102797757834196
        ],
        [
            0.906706690788269,
            0.09329330176115036
        ],
        [
            0.22709950804710388,
            0.7729004621505737
        ],
        [
            0.19982962310314178,
            0.8001704216003418
        ],
        [
            0.29895487427711487,
            0.7010451555252075
        ],
        [
            0.9666993618011475,
            0.03330070152878761
        ],
        [
            0.2959177494049072,
            0.7040822505950928
        ],
        [
            0.1835833340883255,
            0.8164166808128357
        ],
        [
            0.16624562442302704,
            0.8337543606758118
        ],
        [
            0.034003812819719315,
            0.965996265411377
        ],
        [
            0.010671019554138184,
            0.989328920841217
        ],
        [
            0.023259250447154045,
            0.9767407178878784
        ],
        [
            0.01014572475105524,
            0.9898542761802673
        ],
        [
            0.0037328144535422325,
            0.9962672591209412
        ],
        [
            0.001820164266973734,
            0.9981799125671387
        ],
        [
            0.002374795498326421,
            0.9976251721382141
        ],
        [
            0.008800778537988663,
            0.9911991953849792
        ],
        [
            7.991529128048569e-05,
            0.999920129776001
        ],
        [
            0.00018947283388115466,
            0.999810516834259
        ],
        [
            0.0001108802534872666,
            0.9998891353607178
        ],
        [
            2.5748116968316026e-05,
            0.999974250793457
        ],
        [
            0.001922821276821196,
            0.9980771541595459
        ],
        [
            0.0003182215732522309,
            0.999681830406189
        ],
        [
            0.00016300895367749035,
            0.9998369216918945
        ],
        [
            2.725354534049984e-05,
            0.9999727010726929
        ],
        [
            0.001045253942720592,
            0.9989547729492188
        ],
        [
            0.0010733717354014516,
            0.99892657995224
        ],
        [
            0.002403307007625699,
            0.9975966811180115
        ],
        [
            0.0022763547021895647,
            0.9977236390113831
        ],
        [
            0.004562831483781338,
            0.9954372048377991
        ],
        [
            0.0016913957661017776,
            0.9983086585998535
        ],
        [
            0.0037860185839235783,
            0.996213972568512
        ],
        [
            0.06504306197166443,
            0.934956967830658
        ],
        [
            0.13051728904247284,
            0.8694827556610107
        ],
        [
            0.998712420463562,
            0.0012875316897407174
        ],
        [
            0.9999994039535522,
            6.13898123447143e-07
        ],
        [
            0.9985319375991821,
            0.0014680569292977452
        ],
        [
            0.44060465693473816,
            0.5593953728675842
        ],
        [
            0.06026182696223259,
            0.9397382140159607
        ],
        [
            0.01364227570593357,
            0.9863576889038086
        ],
        [
            0.002204089192673564,
            0.9977959394454956
        ],
        [
            0.0016402415931224823,
            0.998359739780426
        ],
        [
            0.0008350712014362216,
            0.9991649389266968
        ],
        [
            0.0013250830816105008,
            0.9986749291419983
        ],
        [
            0.0016968664713203907,
            0.9983030557632446
        ],
        [
            0.001034925109706819,
            0.9989650249481201
        ],
        [
            0.0009213871671818197,
            0.999078631401062
        ],
        [
            0.0019532954320311546,
            0.9980467557907104
        ],
        [
            0.0016232390189543366,
            0.998376727104187
        ],
        [
            0.0006624460802413523,
            0.9993374943733215
        ],
        [
            0.0007318351999856532,
            0.999268114566803
        ],
        [
            0.0010651088086888194,
            0.9989349246025085
        ],
        [
            0.0007368908263742924,
            0.9992631077766418
        ],
        [
            0.0028478980530053377,
            0.9971520900726318
        ],
        [
            0.0007015473674982786,
            0.9992984533309937
