{
    "initial_probs": [
        1.9867517039529048e-05,
        0.999980092048645
    ],
    "initial_logits": [
        -5.118312358856201,
        5.70809268951416
    ],
    "transition_probs": [
        [
            0.2490854114294052,
            0.7509145736694336
        ],
        [
            0.19024252891540527,
            0.8097574710845947
        ]
    ],
    "transition_logits": [
        [
            -0.4068167209625244,
            0.6966793537139893
        ],
        [
            -0.18806171417236328,
            1.2603733539581299
        ]
    ],
    "posterior_probs": [
        [
            3.7136969694984145e-06,
            0.9999963045120239
        ],
        [
            0.05431421473622322,
            0.9456857442855835
        ],
        [
            0.6569867730140686,
            0.34301328659057617
        ],
        [
            0.3622726798057556,
            0.6377273201942444
        ],
        [
            0.30799832940101624,
            0.6920017004013062
        ],
        [
            0.32105740904808044,
            0.6789426207542419
        ],
        [
            0.3188926577568054,
            0.6811073422431946
        ],
        [
            0.06635995209217072,
            0.9336400032043457
        ],
        [
            0.062068019062280655,
            0.9379318952560425
        ],
        [
            0.9946097135543823,
            0.00539025291800499
        ],
        [
            0.10279059410095215,
            0.8972094058990479
        ],
        [
            0.05183834210038185,
            0.9481616616249084
        ],
        [
            0.06016813591122627,
            0.9398317933082581
        ],
        [
            0.7476707100868225,
            0.25232934951782227
        ],
        [
            0.1134767085313797,
            0.8865233063697815
        ],
        [
            0.05954176187515259,
            0.9404582381248474
        ],
        [
            0.20652998983860016,
            0.793470025062561
        ],
        [
            0.3912678360939026,
            0.6087321639060974
        ],
        [
            0.06088395044207573,
            0.9391160607337952
        ],
        [
            0.6881770491600037,
            0.31182289123535156
        ],
        [
            0.08394434303045273,
            0.9160556197166443
        ],
        [
            0.05056086927652359,
            0.9494391083717346
        ],
        [
            0.29490143060684204,
            0.705098569393158
        ],
        [
            0.050629399716854095,
            0.9493705630302429
        ],
        [
            0.057027075439691544,
            0.9429729580879211
        ],
        [
            0.07459289580583572,
            0.9254071116447449
        ],
        [
            0.9730465412139893,
            0.026953494176268578
        ],
        [
            0.9989708662033081,
            0.0010290967766195536
        ],
        [
            0.0794622078537941,
            0.9205378293991089
        ],
        [
            0.7160418033599854,
            0.28395819664001465
        ],
        [
            0.3337033689022064,
            0.666296660900116
        ],
        [
            0.0914955660700798,
            0.9085044860839844
        ],
        [
            0.04342755675315857,
            0.956572413444519
        ],
        [
            0.06217826530337334,
            0.9378217458724976
        ],
        [
            0.18759851157665253,
            0.812401533126831
        ],
        [
            0.2932131290435791,
            0.7067868709564209
        ],
        [
            0.14859171211719513,
            0.8514082431793213
        ],
        [
            0.2758302092552185,
            0.7241698503494263
        ],
        [
            0.9961645603179932,
            0.003835486713796854
        ],
        [
            0.16537712514400482,
            0.8346229195594788
        ],
        [
            0.05053524300456047,
            0.9494647979736328
        ],
        [
            0.14300058782100677,
            0.8569993376731873
        ],
        [
            0.046207766979932785,
            0.9537922143936157
        ],
        [
            0.044134050607681274,
            0.9558659791946411
        ],
        [
            0.10893764346837997,
            0.8910623788833618
        ],
        [
            0.05235222354531288,
            0.947647750377655
        ],
        [
            0.112874835729599,
            0.8871251940727234
        ],
        [
            0.05056563392281532,
            0.9494343996047974
        ],
        [
            0.04743414744734764,
            0.9525658488273621
        ],
        [
            0.04958398640155792,
            0.9504159688949585
        ],
        [
            0.04495620355010033,
            0.9550437927246094
        ],
        [
            0.1870236098766327,
            0.8129763603210449
        ],
        [
            0.0843653678894043,
            0.9156346321105957
        ],
        [
            0.04885352775454521,
            0.9511464834213257
        ],
        [
            0.19393093883991241,
            0.8060690760612488
        ],
        [
            0.2614266574382782,
            0.7385733127593994
        ],
        [
            0.05620719864964485,
            0.9437928199768066
        ],
        [
            0.3605435788631439,
            0.6394563913345337
        ],
        [
            0.17529749870300293,
            0.8247025012969971
        ],
        [
            0.057998061180114746,
            0.9420018792152405
        ],
        [
            0.043008290231227875,
            0.9569916725158691
        ],
        [
            0.06802977621555328,
            0.9319702386856079
        ],
        [
            0.1956361085176468,
            0.8043639063835144
        ],
        [
            0.048970650881528854,
            0.9510294198989868
        ],
        [
            0.15439392626285553,
            0.8456060290336609
        ],
        [
            0.11218073964118958,
            0.887819230556488
        ],
        [
            0.04949992522597313,
            0.9505000710487366
        ],
        [
            0.09458553791046143,
            0.9054144620895386
        ],
        [
            0.06937556713819504,
            0.9306244850158691
        ],
        [
            0.06790315359830856,
            0.9320968389511108
        ],
        [
            0.04429752007126808,
            0.9557024836540222
        ],
        [
            0.05461163446307182,
            0.9453883767127991
        ],
        [
            0.09733474999666214,
            0.9026652574539185
        ],
        [
            0.06739212572574615,
            0.9326078295707703
        ],
        [
            0.9890719652175903,
            0.010928072966635227
        ],
        [
            0.09473199397325516,
            0.9052680134773254
        ],
        [
            0.06459905952215195,
            0.9354009032249451
        ],
        [
            0.18863673508167267,
            0.8113632798194885
        ],
        [
            0.11523067206144333,
            0.8847693800926208
        ],
        [
            0.09389068186283112,
            0.9061093330383301
        ],
        [
            0.9850382208824158,
            0.014961808919906616
        ],
        [
            0.07227368652820587,
            0.9277263283729553
        ],
        [
            0.06504908949136734,
            0.9349509477615356
        ],
        [
            0.9945369362831116,
            0.00546305300667882
        ],
        [
            0.9973770380020142,
            0.0026229373179376125
        ],
        [
            0.2287643551826477,
            0.7712356448173523
        ],
        [
            0.05669321119785309,
            0.9433067440986633
        ],
