{
    "initial_probs": [
        6.1736477618978824e-06,
        0.9999938011169434
    ],
    "initial_logits": [
        -5.780351638793945,
        6.214862823486328
    ],
    "transition_probs": [
        [
            2.6189118216279894e-05,
            0.9999737739562988
        ],
        [
            0.2939302623271942,
            0.7060697078704834
        ]
    ],
    "transition_logits": [
        [
            -4.789670467376709,
            5.760469436645508
        ],
        [
            -0.005397319793701172,
            0.870974063873291
        ]
    ],
    "posterior_probs": [
        [
            1.7599469401829992e-06,
            0.9999982118606567
        ],
        [
            0.08547132462263107,
            0.9145286083221436
        ],
        [
            0.2734856903553009,
            0.7265142798423767
        ],
        [
            0.13666419684886932,
            0.8633358478546143
        ],
        [
            0.11201860755681992,
            0.8879813551902771
        ],
        [
            0.19419343769550323,
            0.8058065176010132
        ],
        [
            0.14621101319789886,
            0.8537889719009399
        ],
        [
            0.06963782757520676,
            0.9303622245788574
        ],
        [
            0.2861528694629669,
            0.7138471007347107
        ],
        [
            0.022857269272208214,
            0.9771426916122437
        ],
        [
            0.14357423782348633,
            0.8564257621765137
        ],
        [
            0.10493648052215576,
            0.8950635194778442
        ],
        [
            0.18983007967472076,
            0.8101699352264404
        ],
        [
            0.11783161759376526,
            0.8821684122085571
        ],
        [
            0.11152816563844681,
            0.8884718418121338
        ],
        [
            0.15211734175682068,
            0.8478826880455017
        ],
        [
            0.11516378074884415,
            0.8848361968994141
        ],
        [
            0.09460971504449844,
            0.9053903222084045
        ],
        [
            0.1329699605703354,
            0.8670300841331482
        ],
        [
            0.0918281078338623,
            0.9081719517707825
        ],
        [
            0.09948183596134186,
            0.9005181789398193
        ],
        [
            0.3975783586502075,
            0.6024216413497925
        ],
        [
            0.09658756107091904,
            0.903412401676178
        ],
        [
            0.01265227422118187,
            0.9873477220535278
        ],
        [
            0.9544218182563782,
            0.045578230172395706
        ],
        [
            0.0057573686353862286,
            0.9942426085472107
        ],
        [
            0.2880806624889374,
            0.7119193077087402
        ],
        [
            0.19705182313919067,
            0.8029481172561646
        ],
        [
            0.09698373079299927,
            0.9030163288116455
        ],
        [
            0.23875604569911957,
            0.7612439393997192
        ],
        [
            0.012511991895735264,
            0.9874880313873291
        ],
        [
            0.8989087343215942,
            0.10109126567840576
        ],
        [
            0.01689411886036396,
            0.9831058382987976
        ],
        [
            0.15140725672245026,
            0.8485926985740662
        ],
        [
            2.8887407097499818e-05,
            0.9999711513519287
        ],
        [
            0.9999057054519653,
            9.434199455427006e-05
        ],
        [
            2.30673194892006e-05,
            0.9999768733978271
        ],
        [
            5.7210119848605245e-05,
            0.9999427795410156
        ],
        [
            1.0,
            5.496168409280244e-09
        ],
        [
            1.0113863027072512e-06,
            0.9999990463256836
        ],
        [
            0.011689064092934132,
            0.9883108735084534
        ],
        [
            0.9870346188545227,
            0.0129653075709939
        ],
        [
            0.00040385581087321043,
            0.9995961785316467
        ],
        [
            0.8443388938903809,
            0.1556611806154251
        ],
        [
            0.018491441383957863,
            0.9815085530281067
        ],
        [
            0.004534297622740269,
            0.9954656958580017
        ],
        [
            0.9748621582984924,
            0.02513786405324936
        ],
        [
            0.000813203165307641,
            0.9991868138313293
        ],
        [
            0.2280799299478531,
            0.7719200253486633
        ],
        [
            3.584307341952808e-05,
            0.9999641180038452
        ],
        [
            0.9997486472129822,
            0.00025130942231044173
        ],
        [
            2.5963321604649536e-05,
            0.9999740123748779
        ],
        [
            0.20379170775413513,
            0.7962083220481873
        ],
        [
            0.0741218701004982,
            0.9258781671524048
        ],
        [
            0.1336623877286911,
            0.8663375377655029
        ],
        [
            0.18795748054981232,
            0.8120425343513489
        ],
        [
            0.19510000944137573,
            0.8048999905586243
        ],
        [
            0.06102674826979637,
            0.9389733076095581
        ],
        [
            0.2855571210384369,
            0.7144428491592407
        ],
        [
            0.00012984943168703467,
            0.9998701810836792
        ],
        [
            0.999721109867096,
            0.0002789145801216364
        ],
        [
            3.5880420909961686e-05,
            0.9999641180038452
        ],
        [
            0.1071382462978363,
            0.8928617835044861
        ],
        [
            0.10975384712219238,
            0.8902461528778076
        ],
        [
            0.11977484077215195,
            0.8802251219749451
        ],
        [
            0.17544865608215332,
            0.8245513439178467
        ],
        [
            6.703154213028029e-06,
            0.9999933242797852
        ],
        [
            0.9999997615814209,
            2.0800806055376597e-07
        ],
        [
            3.11076692014467e-05,
            0.9999688863754272
        ],
        [
            0.10789045691490173,
            0.8921095728874207
        ],
        [
            0.09359706938266754,
            0.9064029455184937
        ],
        [
            0.6299880146980286,
            0.37001192569732666
        ],
        [
            0.00044321504537947476,
            0.9995567202568054
        ],
        [
            0.9949896931648254,
            0.005010318011045456
        ],
        [
            2.4148694137693383e-05,
            0.9999758005142212
        ],
        [
            0.9696944952011108,
            0.03030548244714737
        ],
        [
            0.0035578978713601828,
            0.9964421391487122
        ],
        [
            0.23040392994880676,
            0.7695960998535156
        ],
        [
            0.05372202396392822,
            0.9462780356407166
        ],
        [
            0.13988447189331055,
            0.8601155281066895
        ],
        [
            0.0008409675792790949,
            0.9991590976715088
        ],
        [
            0.998467743396759,
            0.001532220863737166
        ],
        [
            0.00018738872313406318,
            0.999812662601471
        ],
        [
            0.10338879376649857,
            0.8966111540794373
        ],
        [
            0.16658268868923187,
            0.8334172368049622
        ],
        [
            0.12319411337375641,
            0.8768059015274048
        ],
        [
            0.08078673481941223,
