{
    "initial_probs": [
        0.9999512434005737,
        4.8711699491832405e-05
    ],
    "initial_logits": [
        5.507369518280029,
        -4.422172546386719
    ],
    "transition_probs": [
        [
            0.9813224077224731,
            0.018677594140172005
        ],
        [
            0.052605632692575455,
            0.9473943710327148
        ]
    ],
    "transition_logits": [
        [
            2.738632917404175,
            -1.2229434251785278
        ],
        [
            -0.9199230670928955,
            1.9709692001342773
        ]
    ],
    "posterior_probs": [
        [
            1.0,
            7.106817356827833e-10
        ],
        [
            0.9999996423721313,
            3.6497635846899357e-07
        ],
        [
            1.0,
            2.6113646356407116e-08
        ],
        [
            0.9999998807907104,
            7.488284126111466e-08
        ],
        [
            0.999998927116394,
            1.0373036047894857e-06
        ],
        [
            0.9999970197677612,
            2.9876180178689538e-06
        ],
        [
            0.9999984502792358,
            1.60709680585569e-06
        ],
        [
            0.9999945163726807,
            5.434933427750366e-06
        ],
        [
            1.0,
            8.027166487067916e-09
        ],
        [
            0.9999996423721313,
            3.4647663937903417e-07
        ],
        [
            0.9999984502792358,
            1.5673314237574232e-06
        ],
        [
            0.9999998807907104,
            1.7222782844328322e-07
        ],
        [
            0.9999809265136719,
            1.9054959921049885e-05
        ],
        [
            0.9936188459396362,
            0.006381157785654068
        ],
        [
            0.9999798536300659,
            2.0172761651338078e-05
        ],
        [
            0.9999970197677612,
            3.01926252177509e-06
        ],
        [
            0.999998927116394,
            1.1010913567588432e-06
        ],
        [
            0.9999998807907104,
            1.1683250278338164e-07
        ],
        [
            0.9999997615814209,
            1.9981060006557527e-07
        ],
        [
            0.9999996423721313,
            3.933860170945991e-07
        ],
        [
            0.9999949932098389,
            4.995260496798437e-06
        ],
        [
            0.9999988079071045,
            1.1410120350774378e-06
        ],
        [
            0.9999171495437622,
            8.281117334263399e-05
        ],
        [
            0.9999970197677612,
            3.025211526619387e-06
        ],
        [
            0.999998927116394,
            1.0498913525225362e-06
        ],
        [
            0.9999920129776001,
            8.032842742977664e-06
        ],
        [
            0.9999978542327881,
            2.176255065933219e-06
        ],
        [
            0.9999972581863403,
            2.7176233743375633e-06
        ],
        [
            0.9999996423721313,
            3.587508956570673e-07
        ],
        [
            0.9999997615814209,
            2.4501861162207206e-07
        ],
        [
            0.9999555349349976,
            4.4451280700741336e-05
        ],
        [
            0.9999973773956299,
            2.649429461598629e-06
        ],
        [
            0.9999996423721313,
            3.6814492432313273e-07
        ],
        [
            0.9999985694885254,
            1.4534427918988513e-06
        ],
        [
            0.9999997615814209,
            2.656772153386555e-07
        ],
        [
            0.999994158744812,
            5.850258730788482e-06
        ],
        [
            0.9999997615814209,
            1.7940584484676947e-07
        ],
        [
            0.9999991655349731,
            8.136612450471148e-07
        ],
        [
            0.9999998807907104,
            8.956218522371273e-08
        ],
        [
            0.9999403953552246,
            5.9637117374222726e-05
        ],
        [
            0.9999982118606567,
            1.7355655472783837e-06
        ],
        [
            0.9999998807907104,
            1.2813539740363922e-07
        ],
        [
            0.9999967813491821,
            3.2365519473387394e-06
        ],
        [
            0.9999996423721313,
            3.6042163742422417e-07
        ],
        [
            0.9999988079071045,
            1.168632024928229e-06
        ],
        [
            0.9999997615814209,
            2.724469254644646e-07
        ],
        [
            0.9999973773956299,
            2.569404387031682e-06
        ],
        [
            0.9999942779541016,
            5.770775715063792e-06
        ],
        [
            0.9999849796295166,
            1.5056533811730333e-05
        ],
        [
            0.9999992847442627,
            6.743946414644597e-07
        ],
        [
            0.9999998807907104,
            1.2776835944805498e-07
        ],
        [
            0.999998927116394,
            1.048194576469541e-06
        ],
        [
            0.9999938011169434,
            6.1923642533656675e-06
        ],
        [
            0.9999890327453613,
            1.0956549886032008e-05
        ],
        [
            0.9999969005584717,
            3.139487944281427e-06
        ],
        [
            0.9999986886978149,
            1.294673211305053e-06
        ],
        [
            0.9999992847442627,
            7.266619945767161e-07
        ],
        [
            0.9999991655349731,
            8.596729230703204e-07
        ],
        [
            0.9999997615814209,
            2.2199006366463436e-07
        ],
        [
            0.999991774559021,
            8.269766112789512e-06
        ],
        [
            0.9968523383140564,
            0.0031477357260882854
        ],
        [
            0.1129046306014061,
            0.8870953917503357
        ],
        [
            0.9999376535415649,
            6.229856808204204e-05
        ],
        [
            0.9999986886978149,
            1.283628080273047e-06
        ],
        [
            0.9999992847442627,
            7.138749538171396e-07
        ],
        [
            0.9999892711639404,
            1.073709427146241e-05
        ],
        [
            0.9350232481956482,
            0.06497673690319061
        ],
        [
            0.29120758175849915,
            0.7087924480438232
        ],
        [
            0.17430153489112854,
            0.8256984353065491
        ],
        [
            5.021471682908896e-09,
            1.0
        ],
        [
            6.772043370517622e-09,
            1.0
        ],
        [
            2.709184991545044e-05,
            0.999972939491272
        ],
        [
            5.753937784902519e-06,
            0.9999942779541016
        ],
        [
            5.428002882237881e-13,
            1.0
        ],
        [
            1.3459232617307748e-09,
            1.0
        ],
        [
            9.426904955700966e-16,
            1.0
        ],
        [
            3.752649926913598e-11,
            1.0
        ],
        [
            4.5958568080095574e-05,
            0.9999539852142334
        ],
        [
            7.142984031816013e-06,
            0.999992847442627
        ],
        [
            2.7813531033871186e-08,
            1.0
        ],
        [
            2.417361666742779e-12,
            1.0
        ],
        [
            1.534252369594924e-08,
            1.0
        ],
        [
            1.3810247310175328e-06,
            0.9999985694885254
        ],
        [
            1.113365328819782e-06,
            0.999998927116394
        ],
        [
            3.0248420443967916e-06,
            0.9999970197677612
        ],
        [
            5.177895330381321e-13,
            1.0
        ],
        [
            1.6898356491878985e-08,
            1.0
        ],
        [
