{
    "initial_probs": [
        1.554644768475555e-05,
        0.9999845027923584
    ],
    "initial_logits": [
        -4.921980857849121,
        6.14968204498291
    ],
    "transition_probs": [
        [
            0.9426599144935608,
            0.05734013393521309
        ],
        [
            0.1708838939666748,
            0.8291161060333252
        ]
    ],
    "transition_logits": [
        [
            1.569650411605835,
            -1.2300543785095215
        ],
        [
            -0.48319634795188904,
            1.096179485321045
        ]
    ],
    "posterior_probs": [
        [
            3.6287692811508393e-32,
            1.0
        ],
        [
            1.0008856117270322e-37,
            1.0
        ],
        [
            0.0,
            1.0
        ],
        [
            0.0,
            1.0
        ],
        [
            0.0,
            1.0
        ],
        [
            0.0,
            1.0
        ],
        [
            0.0,
            1.0
        ],
        [
            0.23560816049575806,
            0.7643918395042419
        ],
        [
            0.0,
            1.0
        ],
        [
            0.0,
            1.0
        ],
        [
            0.0,
            1.0
        ],
        [
            0.0,
            1.0
        ],
        [
            0.0,
            1.0
        ],
        [
            0.0,
            1.0
        ],
        [
            0.0,
            1.0
        ],
        [
            0.0,
            1.0
        ],
        [
            0.17362071573734283,
            0.8263792395591736
        ],
        [
            0.0,
            1.0
        ],
        [
            1.8914141388629112e-31,
            1.0
        ],
        [
            1.1859527975299503e-32,
            1.0
        ],
        [
            0.9218405485153198,
            0.07815948873758316
        ],
        [
            0.9993593096733093,
            0.0006406694883480668
        ],
        [
            0.9994513392448425,
            0.0005486465524882078
        ],
        [
            0.9997875094413757,
            0.00021253162412904203
        ],
        [
            0.9999997615814209,
            2.8771080451406306e-07
        ],
        [
            0.9993975162506104,
            0.0006025011534802616
        ],
        [
            0.9998719692230225,
            0.00012796925147995353
        ],
        [
            0.9996236562728882,
            0.00037633912870660424
        ],
        [
            0.9995494484901428,
            0.00045046795275993645
        ],
        [
            0.9997212290763855,
            0.0002787188859656453
        ],
        [
            0.9992800354957581,
            0.0007200032123364508
        ],
        [
            0.9999970197677612,
            2.9991053906996967e-06
        ],
        [
            0.9995538592338562,
            0.00044613308273255825
        ],
        [
            0.9990798234939575,
            0.0009202079963870347
        ],
        [
            0.999607264995575,
            0.00039274804294109344
        ],
        [
            1.0,
            6.518668244082093e-11
        ],
        [
            0.9994897842407227,
            0.0005101363058201969
        ],
        [
            0.9998937845230103,
            0.00010615408245939761
        ],
        [
            1.0,
            7.028524548105514e-17
        ],
        [
            0.999925971031189,
            7.397656008834019e-05
        ],
        [
            0.999997615814209,
            2.330865072508459e-06
        ],
        [
            1.0,
            9.246193144463177e-09
        ],
        [
            0.9997721314430237,
            0.00022786356566939503
        ],
        [
            0.9999918937683105,
            8.143668310367502e-06
        ],
        [
            0.9993470311164856,
            0.0006529188831336796
        ],
        [
            0.9996604919433594,
            0.00033953998354263604
        ],
        [
            0.9999995231628418,
            4.92483877678751e-07
        ],
        [
            0.9997946619987488,
            0.00020534770737867802
        ],
        [
            0.9999957084655762,
            4.288024683773983e-06
        ],
        [
            0.999988317489624,
            1.1650993656076025e-05
        ],
        [
            1.0,
            7.462751250297828e-11
        ],
        [
            0.9998581409454346,
            0.00014185906911734492
        ],
        [
            0.9994282126426697,
            0.0005717264139093459
        ],
        [
            0.9993625283241272,
            0.0006375120137818158
        ],
        [
            0.9989268183708191,
            0.001073142746463418
        ],
        [
            0.9993316531181335,
            0.0006682900711894035
        ],
        [
            0.9995477795600891,
            0.00045224410132505
        ],
        [
            0.9994350075721741,
            0.0005650176899507642
        ],
        [
            0.999488353729248,
            0.0005115698440931737
        ],
        [
            0.9999459981918335,
            5.403272734838538e-05
        ],
        [
            1.0,
            4.3601489085887124e-10
        ],
        [
            0.999566376209259,
            0.00043356200330890715
        ],
        [
            0.9993768334388733,
            0.000623247236944735
        ],
        [
            0.9991412162780762,
            0.0008588024647906423
        ],
        [
            0.9990265369415283,
            0.0009734844788908958
        ],
        [
            0.9986384510993958,
            0.0013615373754873872
        ],
        [
            0.9993788003921509,
            0.0006211219006218016
        ],
        [
            1.0,
            2.2496536087441253e-14
        ],
        [
            0.9999473094940186,
            5.2710303862113506e-05
        ],
        [
            0.9996354579925537,
            0.00036447535967454314
        ],
        [
            0.9995543360710144,
            0.00044562984840013087
        ],
        [
            0.9999479055404663,
            5.2107370720477775e-05
        ],
        [
            0.9993877410888672,
            0.0006122446502558887
        ],
        [
            1.0,
            8.484265734409746e-09
        ],
        [
            0.9992600083351135,
            0.0007399928290396929
        ],
        [
            0.9999998807907104,
            1.681021615240752e-07
        ],
        [
            0.9992550015449524,
            0.00074499670881778
        ],
        [
            0.9992063641548157,
            0.0007936115143820643
        ],
        [
            0.9997878670692444,
            0.0002121234720107168
        ],
        [
            0.9991644620895386,
            0.0008355551399290562
        ],
        [
            0.9998024106025696,
            0.00019756084657274187
        ],
        [
            0.9999998807907104,
            1.7417558240140352e-07
        ],
        [
            8.225735474133523e-18,
            1.0
        ],
        [
            0.9472134709358215,
            0.05278655141592026
        ],
        [
            0.9959203004837036,
            0.004079673904925585
        ],
        [
            0.9987420439720154,
            0.001258002477698028
        ],
        [
            0.9991329312324524,
            0.0008670378010720015
        ],
        [
            0.9996672868728638,
            0.000332751456880942
        ],
        [
            0.9992110729217529,
            0.0007889065309427679
        ],
        [
            0.9992029070854187,
            0.0007971039740368724
        ],
        [
            0.9999992847442627,
            7.119169254110602e-07
        ],
        [
            0.9557689428329468,
            0.04423103109002113
        ],
        [
            0.0,
