{
    "initial_probs": [
        8.840696682455018e-05,
        0.9999115467071533
    ],
    "initial_logits": [
        -3.838710069656372,
        5.4947614669799805
    ],
    "transition_probs": [
        [
            0.8551821112632751,
            0.14481782913208008
        ],
        [
            0.12041051685810089,
            0.8795894980430603
        ]
    ],
    "transition_logits": [
        [
            1.0395854711532593,
            -0.7362523674964905
        ],
        [
            -0.7078710794448853,
            1.2806774377822876
        ]
    ],
    "posterior_probs": [
        [
            5.271191184874624e-05,
            0.9999473094940186
        ],
        [
            0.035072993487119675,
            0.9649269580841064
        ],
        [
            0.11825934797525406,
            0.8817406296730042
        ],
        [
            1.0,
            1.1048086632608782e-19
        ],
        [
            1.0,
            4.312994838653212e-21
        ],
        [
            1.0,
            3.2881200791839284e-21
        ],
        [
            1.0,
            3.6820705004672764e-21
        ],
        [
            1.0,
            1.2681584811702601e-19
        ],
        [
            0.29743486642837524,
            0.7025651335716248
        ],
        [
            0.3474990427494049,
            0.6525009274482727
        ],
        [
            1.0,
            4.3500965193020696e-18
        ],
        [
            0.05530985817313194,
            0.9446901679039001
        ],
        [
            0.00544864684343338,
            0.9945513606071472
        ],
        [
            0.0034699963871389627,
            0.9965299963951111
        ],
        [
            0.00484338216483593,
            0.9951565861701965
        ],
        [
            0.008444094099104404,
            0.99155592918396
        ],
        [
            0.06606089323759079,
            0.9339390397071838
        ],
        [
            0.6415767669677734,
            0.35842323303222656
        ],
        [
            0.9991300702095032,
            0.000870003888849169
        ],
        [
            0.9990529417991638,
            0.0009470056975260377
        ],
        [
            0.33856216073036194,
            0.6614378094673157
        ],
        [
            0.13606397807598114,
            0.8639360070228577
        ],
        [
            0.235207200050354,
            0.7647928595542908
        ],
        [
            0.9864094853401184,
            0.013590528629720211
        ],
        [
            1.0,
            6.180248442740835e-21
        ],
        [
            1.0,
            4.162221784969816e-21
        ],
        [
            0.9999988079071045,
            1.1812443290182273e-06
        ],
        [
            0.9933980703353882,
            0.006601969711482525
        ],
        [
            0.9997496008872986,
            0.00025040630134753883
        ],
        [
            0.9991875290870667,
            0.00081241613952443
        ],
        [
            0.9553523659706116,
            0.044647667557001114
        ],
        [
            1.0,
            1.2032950326575578e-20
        ],
        [
            1.0,
            5.698987653774095e-21
        ],
        [
            0.9872552156448364,
            0.012744767591357231
        ],
        [
            1.0,
            5.9728522911887704e-21
        ],
        [
            1.0,
            7.457166992780231e-20
        ],
        [
            0.08489848673343658,
            0.9151014685630798
        ],
        [
            0.012274899519979954,
            0.9877250790596008
        ],
        [
            0.006816616747528315,
            0.993183434009552
        ],
        [
            0.00363293569535017,
            0.9963670969009399
        ],
        [
            0.0034396317787468433,
            0.9965603947639465
        ],
        [
            0.009179605171084404,
            0.9908203482627869
        ],
        [
            0.12720471620559692,
            0.8727952837944031
        ],
        [
            0.9699881672859192,
            0.030011815950274467
        ],
        [
            0.9996371269226074,
            0.00036281690699979663
        ],
        [
            0.9209675192832947,
            0.07903243601322174
        ],
        [
            0.9492108225822449,
            0.050789158791303635
        ],
        [
            0.9676556587219238,
            0.032344333827495575
        ],
        [
            0.9957369565963745,
            0.004263080190867186
        ],
        [
            0.9999995231628418,
            4.810681275557727e-07
        ],
        [
            0.9947139620780945,
            0.0052859848365187645
        ],
        [
            0.9585225582122803,
            0.04147743806242943
        ],
        [
            0.9774096012115479,
            0.02259042300283909
        ],
        [
            0.9518855810165405,
            0.04811440408229828
        ],
        [
            0.9347804188728333,
            0.06521958112716675
        ],
        [
            0.9999619722366333,
            3.8044068787712604e-05
        ],
        [
            0.5405184030532837,
            0.4594815969467163
        ],
        [
            0.04175250977277756,
            0.9582475423812866
        ],
        [
            0.004783882759511471,
            0.9952161312103271
        ],
        [
            0.0022503735963255167,
            0.9977496266365051
        ],
        [
            0.008283627219498158,
            0.9917163252830505
        ],
        [
            0.07162366062402725,
            0.928376317024231
        ],
        [
            0.561165988445282,
            0.4388340413570404
        ],
        [
            0.8576284646987915,
            0.14237158000469208
        ],
        [
            0.7985085844993591,
            0.20149143040180206
        ],
        [
            0.9933439493179321,
            0.006656027399003506
        ],
        [
            1.0,
            1.7444164753299315e-21
        ],
        [
            0.9996148347854614,
            0.00038517804932780564
        ],
        [
            1.0,
            2.63013223312459e-21
        ],
        [
            1.0,
            3.1921628872115507e-21
        ],
        [
            1.0,
            1.3986349783140483e-19
        ],
        [
            0.059794314205646515,
            0.9402056336402893
        ],
        [
            0.004895286168903112,
            0.9951046705245972
        ],
        [
            0.0017401884542778134,
            0.9982598423957825
        ],
        [
            0.003461669897660613,
            0.9965384006500244
        ],
        [
            0.012228366918861866,
            0.9877716302871704
        ],
        [
            0.19133712351322174,
            0.8086628913879395
        ],
        [
            0.98915034532547,
            0.010849682614207268
        ],
        [
            0.7271406650543213,
            0.2728593349456787
        ],
        [
            0.6170043349266052,
            0.3829956650733948
        ],
        [
            0.4061514735221863,
            0.5938485264778137
        ],
        [
            0.6896029114723206,
            0.31039708852767944
        ],
        [
            0.9993526339530945,
            0.0006473572575487196
        ],
        [
            1.0,
            4.349077765598354e-21
        ],
        [
            0.9999985694885254,
            1.3711872952626436e-06
        ],
        [
            0.9765101671218872,
            0.023489845916628838
        ],
        [
            0.9999104738235474,
            8.956149395089597e-05
        ],
        [
            1.0,
            3.3561972859351126e-21
        ],
        [
            1.0,
            1.593163895190357e-21
        ],
        [
