{
    "initial_probs": [
        7.734882092336193e-05,
        0.9999226331710815
    ],
    "initial_logits": [
        -4.463487148284912,
        5.003620624542236
    ],
    "transition_probs": [
        [
            0.9342726469039917,
            0.06572730094194412
        ],
        [
            0.029439903795719147,
            0.9705600738525391
        ]
    ],
    "transition_logits": [
        [
            1.7121269702911377,
            -0.942126989364624
        ],
        [
            -1.22221040725708,
            2.2733118534088135
        ]
    ],
    "posterior_probs": [
        [
            1.0208668355105033e-09,
            1.0
        ],
        [
            4.2234108832417405e-07,
            0.9999995231628418
        ],
        [
            1.0658905011950992e-05,
            0.99998939037323
        ],
        [
            1.1379605666661519e-06,
            0.9999988079071045
        ],
        [
            1.038082245941041e-05,
            0.9999896287918091
        ],
        [
            8.036759879814781e-08,
            0.9999998807907104
        ],
        [
            7.105436088750139e-05,
            0.9999289512634277
        ],
        [
            3.0087255709077e-07,
            0.9999996423721313
        ],
        [
            2.734615918598138e-06,
            0.9999972581863403
        ],
        [
            0.0002359753561904654,
            0.9997640252113342
        ],
        [
            1.9982888943559374e-07,
            0.9999997615814209
        ],
        [
            5.694678861800639e-07,
            0.9999994039535522
        ],
        [
            3.5002669847017387e-06,
            0.999996542930603
        ],
        [
            0.00018096339772455394,
            0.9998190999031067
        ],
        [
            1.845631777541712e-05,
            0.9999815225601196
        ],
        [
            3.969526005676016e-07,
            0.9999996423721313
        ],
        [
            5.479988976730965e-05,
            0.9999451637268066
        ],
        [
            7.608207965859037e-07,
            0.9999992847442627
        ],
        [
            1.0248319171068943e-07,
            0.9999998807907104
        ],
        [
            4.49470144303632e-06,
            0.9999954700469971
        ],
        [
            5.572484951699153e-06,
            0.9999943971633911
        ],
        [
            1.4892026229063049e-05,
            0.9999850988388062
        ],
        [
            6.264639978326159e-06,
            0.9999936819076538
        ],
        [
            6.765010766685009e-06,
            0.9999932050704956
        ],
        [
            1.9021746311409515e-07,
            0.9999997615814209
        ],
        [
            2.0539866909530247e-06,
            0.9999979734420776
        ],
        [
            3.604146695579402e-05,
            0.9999639987945557
        ],
        [
            3.831495632766746e-05,
            0.9999617338180542
        ],
        [
            4.909419658361003e-06,
            0.9999951124191284
        ],
        [
            5.526761697183247e-07,
            0.9999994039535522
        ],
        [
            6.797270907554775e-05,
            0.999932050704956
        ],
        [
            1.405364969286893e-06,
            0.9999985694885254
        ],
        [
            4.414341310621239e-05,
            0.9999558925628662
        ],
        [
            0.00034030474489554763,
            0.9996596574783325
        ],
        [
            0.584028422832489,
            0.41597163677215576
        ],
        [
            0.9999970197677612,
            2.9400428047665628e-06
        ],
        [
            0.9999998807907104,
            1.433527359040454e-07
        ],
        [
            1.0,
            5.546081371932132e-10
        ],
        [
            1.0,
            2.9239203058750718e-08
        ],
        [
            0.9999998807907104,
            1.0088587032441865e-07
        ],
        [
            0.9999998807907104,
            1.1792504039931373e-07
        ],
        [
            0.9999995231628418,
            4.993699462829682e-07
        ],
        [
            1.0,
            1.6742602096386783e-11
        ],
        [
            1.0,
            6.470528106372608e-12
        ],
        [
            0.9999998807907104,
            7.61648593083919e-08
        ],
        [
            0.9999856948852539,
            1.4259275303629693e-05
        ],
        [
            0.9999971389770508,
            2.829634695444838e-06
        ],
        [
            0.9998144507408142,
            0.00018558780720923096
        ],
        [
            1.0,
            1.3789679440641064e-14
        ],
        [
            1.0,
            2.4393205677597507e-08
        ],
        [
            0.9999998807907104,
            1.343585296353922e-07
        ],
        [
            0.9999762773513794,
            2.3663746105739847e-05
        ],
        [
            0.999975323677063,
            2.468026832502801e-05
        ],
        [
            1.0,
            7.862860536278493e-12
        ],
        [
            1.0,
            2.615471927924773e-08
        ],
        [
            1.0,
            8.850044030950244e-10
        ],
        [
            0.9994193315505981,
            0.0005807334673590958
        ],
        [
            1.0,
            5.341251885226939e-09
        ],
        [
            0.9999978542327881,
            2.128861297023832e-06
        ],
        [
            0.9928673505783081,
            0.007132658269256353
        ],
        [
            0.9999996423721313,
            3.528361958160531e-07
        ],
        [
            1.0,
            9.043402311725846e-12
        ],
        [
            1.0,
            7.4290142926258795e-09
        ],
        [
            0.9999997615814209,
            1.9936747719384584e-07
        ],
        [
            1.0,
            4.427363009540386e-08
        ],
        [
            0.9999969005584717,
            3.1389849937113468e-06
        ],
        [
            0.9243570566177368,
            0.0756429135799408
        ],
        [
            8.314350270666182e-05,
            0.9999167919158936
        ],
        [
            4.714684109785594e-05,
            0.9999527931213379
        ],
        [
            3.596098758862354e-05,
            0.9999639987945557
        ],
        [
            5.025866630603559e-05,
            0.9999496936798096
        ],
        [
            1.2910536497656722e-05,
            0.9999871253967285
        ],
        [
            9.453225175093394e-06,
            0.9999905824661255
        ],
        [
            8.593684469815344e-06,
            0.9999914169311523
        ],
        [
            5.8522509505110065e-08,
            1.0
        ],
        [
            3.5433749872026965e-05,
            0.9999645948410034
        ],
        [
            0.002283765934407711,
            0.9977163076400757
        ],
        [
            0.00015935010742396116,
            0.9998406171798706
        ],
        [
            1.0616190593282226e-06,
            0.999998927116394
        ],
        [
            1.1572592484299093e-05,
            0.9999884366989136
        ],
        [
            0.002560461638495326,
            0.9974395036697388
        ],
        [
            0.0013237206730991602,
            0.9986762404441833
        ],
        [
            0.9991835951805115,
            0.0008163957390934229
        ],
        [
            0.003923221956938505,
            0.996076762676239
        ],
        [
            4.5584870349557605e-06,
            0.9999954700469971
        ],
        [
            1.7891898096422665e-05,
            0.9999821186065674
        ],
        [
            3.835706138488604e-06,
            0.9999961853027344
        ],
        [
