{
    "initial_probs": [
        0.9990907907485962,
        0.0009091958636417985
    ],
    "initial_logits": [
        4.020179271697998,
        -2.981861114501953
    ],
    "transition_probs": [
        [
            0.9971217513084412,
            0.0028782084118574858
        ],
        [
            0.9846698045730591,
            0.015330183319747448
        ]
    ],
    "transition_logits": [
        [
            3.7123870849609375,
            -2.135317802429199
        ],
        [
            2.4652159214019775,
            -1.6972668170928955
        ]
    ],
    "posterior_probs": [
        [
            0.9997643828392029,
            0.00023563721333630383
        ],
        [
            0.9990641474723816,
            0.0009358833194710314
        ],
        [
            0.9994614720344543,
            0.000538524822331965
        ],
        [
            0.9995379447937012,
            0.00046207496779970825
        ],
        [
            0.9993506073951721,
            0.0006493345135822892
        ],
        [
            0.9984244108200073,
            0.0015755826607346535
        ],
        [
            0.9989579916000366,
            0.0010419848840683699
        ],
        [
            0.9988006353378296,
            0.001199347898364067
        ],
        [
            0.9996726512908936,
            0.0003273495240136981
        ],
        [
            0.9998888969421387,
            0.00011109361366834491
        ],
        [
            0.9992966651916504,
            0.0007033253787085414
        ],
        [
            0.999539852142334,
            0.0004601901164278388
        ],
        [
            0.9999510049819946,
            4.8986359615810215e-05
        ],
        [
            0.9999266862869263,
            7.335166446864605e-05
        ],
        [
            0.999902606010437,
            9.738954395288602e-05
        ],
        [
            0.9995478987693787,
            0.00045208545634523034
        ],
        [
            0.9818684458732605,
            0.01813150942325592
        ],
        [
            0.9991858601570129,
            0.0008141521248035133
        ],
        [
            0.9988415837287903,
            0.0011584758758544922
        ],
        [
            0.9992771744728088,
            0.0007228853646665812
        ],
        [
            0.9995911717414856,
            0.0004088045097887516
        ],
        [
            0.9993048906326294,
            0.000695126480422914
        ],
        [
            0.9994853734970093,
            0.0005146138719283044
        ],
        [
            0.9988173842430115,
            0.0011825585970655084
        ],
        [
            0.9994239807128906,
            0.000575988320633769
        ],
        [
            0.9863900542259216,
            0.013609974645078182
        ],
        [
            0.9997503161430359,
            0.0002496853703632951
        ],
        [
            0.9988767504692078,
            0.0011232842225581408
        ],
        [
            0.9973400235176086,
            0.0026600209530442953
        ],
        [
            0.9992265701293945,
            0.0007734000682830811
        ],
        [
            0.9989659786224365,
            0.0010340579319745302
        ],
        [
            0.9994730353355408,
            0.0005269558168947697
        ],
        [
            0.998946487903595,
            0.001053515588864684
        ],
        [
            0.9993663430213928,
            0.0006337222293950617
        ],
        [
            0.9993131160736084,
            0.0006868344498798251
        ],
        [
            0.9996647834777832,
            0.0003352632047608495
        ],
        [
            0.9962779879570007,
            0.003721991553902626
        ],
        [
            0.9989261031150818,
            0.0010739282006397843
        ],
        [
            0.999455988407135,
            0.0005440721870400012
        ],
        [
            0.999289870262146,
            0.0007100491784512997
        ],
        [
            0.9993464350700378,
            0.0006535763386636972
        ],
        [
            0.9994468092918396,
            0.0005531918723136187
        ],
        [
            0.9991899132728577,
            0.0008101155981421471
        ],
        [
            0.9994778037071228,
            0.0005221638130024076
        ],
        [
            0.9994021654129028,
            0.0005978881963528693
        ],
        [
            0.9994773268699646,
            0.0005226657958701253
        ],
        [
            0.9988573789596558,
            0.001142588909715414
        ],
        [
            0.9996160268783569,
            0.0003839228011202067
        ],
        [
            0.9717035889625549,
            0.02829640917479992
        ],
        [
            0.9977948665618896,
            0.0022050959523767233
        ],
        [
            0.9967162609100342,
            0.003283735131844878
        ],
        [
            0.994038462638855,
            0.005961492192000151
        ],
        [
            0.9777626395225525,
            0.02223736234009266
        ],
        [
            0.9982621073722839,
            0.0017379367491230369
        ],
        [
            0.9955574870109558,
            0.0044425297528505325
        ],
        [
            0.9991471767425537,
            0.000852826633490622
        ],
        [
            0.9923421740531921,
            0.007657753303647041
        ],
        [
            0.9992823004722595,
            0.0007177342777140439
        ],
        [
            0.99918133020401,
            0.0008186954655684531
        ],
        [
            0.9994680285453796,
            0.0005320188356563449
        ],
        [
            0.9994878768920898,
            0.0005120850400999188
        ],
        [
            0.9992941617965698,
            0.000705860904417932
        ],
        [
            0.999384880065918,
            0.0006150425761006773
        ],
        [
            0.9994707703590393,
            0.0005292673013173044
        ],
        [
            0.9985710382461548,
            0.0014289614045992494
        ],
        [
            0.9992527365684509,
            0.0007472378201782703
        ],
        [
            0.9992939233779907,
            0.000706086924765259
        ],
        [
            0.988246500492096,
            0.011753537692129612
        ],
        [
            0.9943175911903381,
            0.0056824577040970325
        ],
        [
            0.9988428354263306,
            0.0011571876239031553
        ],
        [
            0.99782395362854,
            0.0021760801319032907
        ],
        [
            0.9810177087783813,
            0.01898229867219925
        ],
        [
            0.9990556836128235,
            0.0009442667360417545
        ],
        [
            0.9982553124427795,
            0.0017446737037971616
        ],
        [
            0.9985824823379517,
            0.001417554565705359
        ],
        [
            0.99910968542099,
            0.0008903047419153154
        ],
        [
            0.9981769323348999,
            0.0018230772111564875
        ],
        [
            0.9852407574653625,
            0.014759202487766743
        ],
        [
            0.9978479146957397,
            0.002152092754840851
        ],
        [
            0.9993323683738708,
            0.0006676382618024945
        ],
        [
            0.9993282556533813,
            0.0006718049407936633
        ],
        [
            0.9991069436073303,
            0.0008930915500968695
        ],
        [
            0.9833697080612183,
            0.016630318015813828
        ],
        [
            0.9754251837730408,
            0.02457479014992714
        ],
        [
            0.9898905754089355,
            0.010109471157193184
        ],
        [
