{
    "initial_probs": [
        5.7359804486623034e-05,
        0.9999426603317261
    ],
    "initial_logits": [
        -4.20635461807251,
        5.559754848480225
    ],
    "transition_probs": [
        [
            0.9268438816070557,
            0.07315615564584732
        ],
        [
            0.7788658738136292,
            0.22113411128520966
        ]
    ],
    "transition_logits": [
        [
            1.7045780420303345,
            -0.8346108198165894
        ],
        [
            1.0465834140777588,
            -0.212486132979393
        ]
    ],
    "posterior_probs": [
        [
            3.233236152976286e-25,
            1.0
        ],
        [
            0.9359070658683777,
            0.06409288197755814
        ],
        [
            0.0,
            1.0
        ],
        [
            6.977755703439585e-35,
            1.0
        ],
        [
            0.9638800024986267,
            0.03612004965543747
        ],
        [
            0.9892765283584595,
            0.01072350237518549
        ],
        [
            2.233312267960869e-15,
            1.0
        ],
        [
            0.9706798791885376,
            0.029320044443011284
        ],
        [
            1.8310520445792398e-19,
            1.0
        ],
        [
            0.9786585569381714,
            0.021341463550925255
        ],
        [
            0.9968217611312866,
            0.003178285900503397
        ],
        [
            0.9890346527099609,
            0.010965408757328987
        ],
        [
            0.9975392818450928,
            0.002460758900269866
        ],
        [
            0.9977128505706787,
            0.0022871580440551043
        ],
        [
            0.9976898431777954,
            0.002310113748535514
        ],
        [
            0.997574508190155,
            0.002425505081191659
        ],
        [
            0.9978914856910706,
            0.002108499640598893
        ],
        [
            0.9972026348114014,
            0.0027973493561148643
        ],
        [
            0.9973767995834351,
            0.0026231969241052866
        ],
        [
            0.9976474642753601,
            0.0023524872958660126
        ],
        [
            0.9949631690979004,
            0.005036878399550915
        ],
        [
            0.9958336353302002,
            0.004166383296251297
        ],
        [
            0.9976876974105835,
            0.002312365686520934
        ],
        [
            0.9972865581512451,
            0.0027134986594319344
        ],
        [
            0.9977333545684814,
            0.002266637282446027
        ],
        [
            0.9966427087783813,
            0.0033573603723198175
        ],
        [
            0.9975554943084717,
            0.002444481709972024
        ],
        [
            0.9950864911079407,
            0.00491345627233386
        ],
        [
            0.9973095655441284,
            0.0026903909165412188
        ],
        [
            0.9966831803321838,
            0.003316862042993307
        ],
        [
            0.9977632761001587,
            0.0022367448545992374
        ],
        [
            0.9967477321624756,
            0.0032522238325327635
        ],
        [
            0.9973315000534058,
            0.0026685353368520737
        ],
        [
            0.9975504279136658,
            0.0024496223777532578
        ],
        [
            0.9976205229759216,
            0.0023794998414814472
        ],
        [
            0.9967261552810669,
            0.003273861715570092
        ],
        [
            0.9943727254867554,
            0.005627203267067671
        ],
        [
            0.9758373498916626,
            0.024162687361240387
        ],
        [
            3.816234356402022e-37,
            1.0
        ],
        [
            0.9920610189437866,
            0.00793895497918129
        ],
        [
            0.9975226521492004,
            0.00247729429975152
        ],
        [
            0.9963873624801636,
            0.0036126666236668825
        ],
        [
            0.997969925403595,
            0.0020300508476793766
        ],
        [
            0.9976118803024292,
            0.0023881359957158566
        ],
        [
            0.9882064461708069,
            0.011793481186032295
        ],
        [
            0.997161865234375,
            0.002838165033608675
        ],
        [
            0.9976950287818909,
            0.002304984722286463
        ],
        [
            0.9956005811691284,
            0.004399413242936134
        ],
        [
            0.9971805810928345,
            0.002819398883730173
        ],
        [
            0.9975219368934631,
            0.0024780486710369587
        ],
        [
            0.997795820236206,
            0.0022041562478989363
        ],
        [
            0.9970740079879761,
            0.0029259459115564823
        ],
        [
            0.9881993532180786,
            0.011800596490502357
        ],
        [
            0.9941360950469971,
            0.0058639151975512505
        ],
        [
            0.9959812164306641,
            0.004018754698336124
        ],
        [
            0.9959890246391296,
            0.004010944627225399
        ],
        [
            0.997497022151947,
            0.0025029154494404793
        ],
        [
            0.9979231953620911,
            0.0020768900867551565
        ],
        [
            0.9955891370773315,
            0.004410923924297094
        ],
        [
            0.995627760887146,
            0.004372228868305683
        ],
        [
            0.9965292811393738,
            0.0034707351587712765
        ],
        [
            0.9976568222045898,
            0.0023431233130395412
        ],
        [
            0.9915192723274231,
            0.008480710908770561
        ],
        [
            0.996208906173706,
            0.003791144350543618
        ],
        [
            0.9973135590553284,
            0.0026864635292440653
        ],
        [
            0.996062695980072,
            0.003937260247766972
        ],
        [
            0.9955213069915771,
            0.004478713497519493
        ],
        [
            0.9919866323471069,
            0.008013327606022358
        ],
        [
            5.38312875706556e-22,
            1.0
        ],
        [
            0.9903922080993652,
            0.009607773274183273
        ],
        [
            0.9978039860725403,
            0.0021959831938147545
        ],
        [
            0.995866060256958,
            0.004133968148380518
        ],
        [
            0.9838238954544067,
            0.01617613062262535
        ],
        [
            0.997130811214447,
            0.0028692535124719143
        ],
        [
            0.9920470714569092,
            0.007952908053994179
        ],
        [
            0.9835536479949951,
            0.016446419060230255
        ],
        [
            0.9893712997436523,
            0.010628737509250641
        ],
        [
            0.9502755999565125,
            0.04972440004348755
        ],
        [
            0.9954883456230164,
            0.0045116255059838295
        ],
        [
            0.9920859932899475,
            0.007913998328149319
        ],
        [
            0.9943627119064331,
            0.005637287627905607
        ],
        [
            0.9945000410079956,
            0.00549990264698863
        ],
        [
            0.9440093636512756,
            0.055990662425756454
        ],
        [
            3.727747995503823e-21,
            1.0
        ],
        [
            7.476496124636902e-23,
            1.0
        ],
        [
            0.9915115237236023,
            0.008488412946462631
        ],
        [
            0.9965397119522095,
            0.0034603013191372156
        ],
        [
            0.994201123714447,
