{
    "initial_probs": [
        0.9984373450279236,
        0.0015626096865162253
    ],
    "initial_logits": [
        3.7827322483062744,
        -2.6771018505096436
    ],
    "transition_probs": [
        [
            0.9831767082214355,
            0.016823306679725647
        ],
        [
            0.14199058711528778,
            0.858009397983551
        ]
    ],
    "transition_logits": [
        [
            2.6084632873535156,
            -1.4595603942871094
        ],
        [
            -0.2516992688179016,
            1.5471550226211548
        ]
    ],
    "posterior_probs": [
        [
            0.9994750618934631,
            0.0005249024834483862
        ],
        [
            0.9969081282615662,
            0.0030918812844902277
        ],
        [
            0.9997511506080627,
            0.00024888297775760293
        ],
        [
            0.9998168349266052,
            0.00018321070820093155
        ],
        [
            0.9994946718215942,
            0.0005052968626841903
        ],
        [
            0.9988755583763123,
            0.0011243803892284632
        ],
        [
            0.9949074387550354,
            0.0050925458781421185
        ],
        [
            0.9971290230751038,
            0.0028710002079606056
        ],
        [
            0.9990060925483704,
            0.0009938920848071575
        ],
        [
            0.999678373336792,
            0.0003216916520614177
        ],
        [
            0.9992964267730713,
            0.0007034969166852534
        ],
        [
            0.9996034502983093,
            0.00039661285700276494
        ],
        [
            0.9998526573181152,
            0.00014734505384694785
        ],
        [
            0.9990195035934448,
            0.0009805439040064812
        ],
        [
            0.9995837807655334,
            0.00041620334377512336
        ],
        [
            0.9997838139533997,
            0.0002162106684409082
        ],
        [
            0.999473512172699,
            0.0005265461513772607
        ],
        [
            0.9996739625930786,
            0.0003260737576056272
        ],
        [
            0.9998620748519897,
            0.00013785848568659276
        ],
        [
            0.9998353719711304,
            0.0001645606680540368
        ],
        [
            0.9976709485054016,
            0.0023290051613003016
        ],
        [
            0.9996426105499268,
            0.00035736834979616106
        ],
        [
            0.9999393224716187,
            6.0730755649274215e-05
        ],
        [
            0.9995740056037903,
            0.00042597815627232194
        ],
        [
            0.9999438524246216,
            5.618159411824308e-05
        ],
        [
            0.9997089505195618,
            0.0002910679904744029
        ],
        [
            0.9999595880508423,
            4.0404403989668936e-05
        ],
        [
            0.9999479055404663,
            5.2107370720477775e-05
        ],
        [
            0.9999040365219116,
            9.601009514881298e-05
        ],
        [
            0.9996339082717896,
            0.0003661023511085659
        ],
        [
            0.9999303817749023,
            6.962860061321408e-05
        ],
        [
            0.9999202489852905,
            7.9792233009357e-05
        ],
        [
            0.9999582767486572,
            4.167992665315978e-05
        ],
        [
            0.9999502897262573,
            4.9700836825650185e-05
        ],
        [
            0.999902606010437,
            9.73925125435926e-05
        ],
        [
            0.9998995065689087,
            0.00010043165821116418
        ],
        [
            0.9999356269836426,
            6.437268166337162e-05
        ],
        [
            0.9999653100967407,
            3.471371383056976e-05
        ],
        [
            0.999963641166687,
            3.639292481238954e-05
        ],
        [
            0.9999665021896362,
            3.347979873069562e-05
        ],
        [
            0.9996090531349182,
            0.0003909669176209718
        ],
        [
            0.999974250793457,
            2.5745366656337865e-05
        ],
        [
            0.9999299049377441,
            7.014896982582286e-05
        ],
        [
            0.9997089505195618,
            0.000290996948024258
        ],
        [
            0.9970780611038208,
            0.002921986859291792
        ],
        [
            0.9264692068099976,
            0.07353082299232483
        ],
        [
            0.3817019760608673,
            0.6182979345321655
        ],
        [
            1.2995368114943062e-09,
            1.0
        ],
        [
            4.191706703959852e-10,
            1.0
        ],
        [
            4.070627315717933e-15,
            1.0
        ],
        [
            8.090829672902089e-10,
            1.0
        ],
        [
            3.2359384616320597e-10,
            1.0
        ],
        [
            1.9195197514809692e-11,
            1.0
        ],
        [
            2.0835345893033264e-08,
            1.0
        ],
        [
            0.030021144077181816,
            0.9699788689613342
        ],
        [
            0.49421337246894836,
            0.505786657333374
        ],
        [
            0.956940770149231,
            0.04305919259786606
        ],
        [
            0.9984492063522339,
            0.0015507680363953114
        ],
        [
            0.9997873902320862,
            0.00021256727632135153
        ],
        [
            0.9999736547470093,
            2.634703560033813e-05
        ],
        [
            0.999930739402771,
            6.923873297637329e-05
        ],
        [
            0.9999525547027588,
            4.739097857964225e-05
        ],
        [
            0.9999784231185913,
            2.153380773961544e-05
        ],
        [
            0.9998490810394287,
            0.00015092389367055148
        ],
        [
            0.9999709129333496,
            2.9097645892761648e-05
        ],
        [
            0.9999727010726929,
            2.7337679057382047e-05
        ],
        [
            0.9995172023773193,
            0.0004827721859328449
        ],
        [
            0.9999274015426636,
            7.258015830302611e-05
        ],
        [
            0.9999744892120361,
            2.546329596953001e-05
        ],
        [
            0.9999752044677734,
            2.4804854547255673e-05
        ],
        [
            0.9998559951782227,
            0.00014396963524632156
        ],
        [
            0.9986520409584045,
            0.0013479951303452253
        ],
        [
            0.9943437576293945,
            0.0056563084945082664
        ],
        [
            0.9997925162315369,
            0.00020753336139023304
        ],
        [
            0.9999639987945557,
            3.6006837035529315e-05
        ],
        [
            0.9999696016311646,
            3.0355224225786515e-05
        ],
        [
            0.9999630451202393,
            3.6929926864104345e-05
        ],
        [
            0.9999682903289795,
            3.167101749568246e-05
        ],
        [
            0.999962329864502,
            3.7678968510590494e-05
        ],
        [
            0.9999014139175415,
            9.85449441941455e-05
        ],
        [
            0.9999772310256958,
            2.276816485391464e-05
        ],
        [
            0.9999510049819946,
            4.905068635707721e-05
        ],
        [
            0.9998877048492432,
            0.00011227103095734492
        ],
        [
            0.9968869090080261,
            0.003113118465989828
        ],
        [
            0.9986428618431091,
            0.0013571047456935048
        ],
        [
            0.9972290396690369,
            0.0027709139976650476
        ],
        [
