{
    "initial_probs": [
        1.6546247934456915e-05,
        0.9999834299087524
    ],
    "initial_logits": [
        -4.91876745223999,
        6.090567588806152
    ],
    "transition_probs": [
        [
            0.8792604207992554,
            0.12073959410190582
        ],
        [
            0.014462192542850971,
            0.9855378270149231
        ]
    ],
    "transition_logits": [
        [
            1.4014331102371216,
            -0.5840118527412415
        ],
        [
            -1.9236162900924683,
            2.2980332374572754
        ]
    ],
    "posterior_probs": [
        [
            3.7459947179740993e-06,
            0.9999963045120239
        ],
        [
            0.03160685673356056,
            0.9683931469917297
        ],
        [
            0.004562831483781338,
            0.9954372048377991
        ],
        [
            0.00022558943601325154,
            0.9997743964195251
        ],
        [
            7.090490544214845e-05,
            0.9999290704727173
        ],
        [
            0.0001583625125931576,
            0.999841570854187
        ],
        [
            0.00046618771739304066,
            0.9995338916778564
        ],
        [
            0.000537618063390255,
            0.9994624257087708
        ],
        [
            0.00019516138127073646,
            0.9998049139976501
        ],
        [
            4.37424641859252e-05,
            0.9999562501907349
        ],
        [
            0.0005463837296701968,
            0.999453604221344
        ],
        [
            0.005644348915666342,
            0.9943556785583496
        ],
        [
            0.0320003516972065,
            0.9679996967315674
        ],
        [
            0.29568251967430115,
            0.7043174505233765
        ],
        [
            0.7229703664779663,
            0.2770296335220337
        ],
        [
            0.7773249745368958,
            0.22267504036426544
        ],
        [
            0.9999946355819702,
            5.316208444128279e-06
        ],
        [
            0.999984860420227,
            1.5148595593927894e-05
        ],
        [
            0.9999908208847046,
            9.217069418809842e-06
        ],
        [
            0.9999998807907104,
            7.219291120463822e-08
        ],
        [
            0.9888512492179871,
            0.011148775927722454
        ],
        [
            0.999496579170227,
            0.0005033969646319747
        ],
        [
            0.9999383687973022,
            6.167342507978901e-05
        ],
        [
            0.9999992847442627,
            7.52806613490975e-07
        ],
        [
            1.0,
            2.7457842222133877e-08
        ],
        [
            1.0,
            2.697075807134297e-08
        ],
        [
            0.043001074343919754,
            0.9569989442825317
        ],
        [
            0.001996313687413931,
            0.9980036616325378
        ],
        [
            7.804930646670982e-05,
            0.9999219179153442
        ],
        [
            6.69000728521496e-05,
            0.999933123588562
        ],
        [
            0.00011139146954519674,
            0.99988853931427
        ],
        [
            0.0009536044090054929,
            0.9990463852882385
        ],
        [
            0.00013879446487408131,
            0.9998612403869629
        ],
        [
            4.6637782361358404e-05,
            0.9999533891677856
        ],
        [
            0.0002605297486297786,
            0.9997394680976868
        ],
        [
            0.0006197169423103333,
            0.9993802309036255
        ],
        [
            0.00017259492597077042,
            0.9998273849487305
        ],
        [
            0.0002163376921089366,
            0.9997836947441101
        ],
        [
            0.0007542374660260975,
            0.9992457628250122
        ],
        [
            0.00046128281974233687,
            0.999538779258728
        ],
        [
            0.0002260079636471346,
            0.9997740387916565
        ],
        [
            0.001945561496540904,
            0.9980545043945312
        ],
        [
            0.027890823781490326,
            0.9721091389656067
        ],
        [
            0.25503045320510864,
            0.7449696063995361
        ],
        [
            0.2547927796840668,
            0.7452071905136108
        ],
        [
            0.005763070657849312,
            0.994236946105957
        ],
        [
            0.0012891711667180061,
            0.9987108707427979
        ],
        [
            9.801039414014667e-05,
            0.9999020099639893
        ],
        [
            0.00012114304990973324,
            0.9998788833618164
        ],
        [
            0.00021980579185765237,
            0.9997802376747131
        ],
        [
            0.0006387964822351933,
            0.9993612170219421
        ],
        [
            0.00018082263704854995,
            0.9998192191123962
        ],
        [
            0.0015720941592007875,
            0.9984279870986938
        ],
        [
            0.00424588518217206,
            0.9957541227340698
        ],
        [
            0.00337979756295681,
            0.9966201782226562
        ],
        [
            0.00010965299588860944,
            0.9998903274536133
        ],
        [
            4.885610906057991e-05,
            0.9999511241912842
        ],
        [
            3.967587690567598e-05,
            0.9999603033065796
        ],
        [
            3.4432279790053144e-05,
            0.9999655485153198
        ],
        [
            0.00014927511801943183,
            0.9998507499694824
        ],
        [
            8.288891694974154e-05,
            0.9999171495437622
        ],
        [
            7.27764199837111e-05,
            0.9999271631240845
        ],
        [
            4.442822319106199e-05,
            0.9999555349349976
        ],
        [
            5.6814322306308895e-05,
            0.9999431371688843
        ],
        [
            5.100648559164256e-05,
            0.9999489784240723
        ],
        [
            6.161557394079864e-05,
            0.9999383687973022
        ],
        [
            0.0005177627899684012,
            0.9994822144508362
        ],
        [
            0.0060945115983486176,
            0.9939054846763611
        ],
        [
            0.1632910966873169,
            0.8367088437080383
        ],
        [
            0.0032326949294656515,
            0.9967672824859619
        ],
        [
            0.00023747039085719734,
            0.9997624754905701
        ],
        [
            0.00016947940457612276,
            0.9998304843902588
        ],
        [
            9.6857562311925e-05,
            0.9999030828475952
        ],
        [
            5.835488991579041e-05,
            0.9999415874481201
        ],
        [
            0.00011796215403592214,
            0.9998819828033447
        ],
        [
            8.785013778833672e-05,
            0.9999121427536011
        ],
        [
            6.687761924695224e-05,
            0.999933123588562
        ],
        [
            0.00022668647579848766,
            0.9997733235359192
        ],
        [
            0.0001316025445703417,
            0.9998683929443359
        ],
        [
            7.143209222704172e-05,
            0.9999285936355591
        ],
        [
            0.0012020744616165757,
            0.9987978935241699
        ],
        [
            0.00010261327406624332,
            0.9998973608016968
        ],
        [
            5.033579873270355e-05,
            0.9999496936798096
        ],
        [
            8.012161561055109e-05,
            0.9999198913574219
        ],
        [
            8.29211639938876e-05,
            0.9999170303344727
        ],
        [
            0.00018779652600642294,
