{
    "initial_probs": [
        0.9999922513961792,
        7.689330232096836e-06
    ],
    "initial_logits": [
        6.122801780700684,
        -5.652867317199707
    ],
    "transition_probs": [
        [
            0.9999927282333374,
            7.241241746669402e-06
        ],
        [
            0.989307701587677,
            0.010692309588193893
        ]
    ],
    "transition_logits": [
        [
            6.590991973876953,
            -5.244718074798584
        ],
        [
            2.7837307453155518,
            -1.743749976158142
        ]
    ],
    "posterior_probs": [
        [
            0.9999998807907104,
            1.4293883054961043e-07
        ],
        [
            0.9999998807907104,
            1.6469741126456938e-07
        ],
        [
            0.9999997615814209,
            2.3569141660573223e-07
        ],
        [
            0.9999997615814209,
            1.7917876959927526e-07
        ],
        [
            0.9999986886978149,
            1.3519080539481365e-06
        ],
        [
            0.9999997615814209,
            1.8311746430299536e-07
        ],
        [
            0.9999997615814209,
            2.4323986735907965e-07
        ],
        [
            0.999998927116394,
            1.0922391311396495e-06
        ],
        [
            0.9999991655349731,
            8.449449637737416e-07
        ],
        [
            0.9999996423721313,
            3.6983965401304886e-07
        ],
        [
            0.9999988079071045,
            1.1591926067922032e-06
        ],
        [
            0.9999997615814209,
            2.5614920673433517e-07
        ],
        [
            0.999998927116394,
            1.0894428896790487e-06
        ],
        [
            0.9999995231628418,
            5.303127181832679e-07
        ],
        [
            0.9999995231628418,
            4.80539938507718e-07
        ],
        [
            0.9999972581863403,
            2.732926304815919e-06
        ],
        [
            0.9999994039535522,
            5.908306661694951e-07
        ],
        [
            0.9999984502792358,
            1.5819396139704622e-06
        ],
        [
            0.9999994039535522,
            5.550594437409018e-07
        ],
        [
            0.9999997615814209,
            2.2051810333323374e-07
        ],
        [
            0.9999997615814209,
            2.3761609213579504e-07
        ],
        [
            0.9999985694885254,
            1.431236796634039e-06
        ],
        [
            0.9999998807907104,
            1.435398786497899e-07
        ],
        [
            0.9999914169311523,
            8.621923370810691e-06
        ],
        [
            0.9999998807907104,
            1.586733873182311e-07
        ],
        [
            0.9999996423721313,
            3.725015176314628e-07
        ],
        [
            0.9999996423721313,
            3.539875308433693e-07
        ],
        [
            0.9999995231628418,
            5.032712238062231e-07
        ],
        [
            0.9999969005584717,
            3.1350839435617672e-06
        ],
        [
            0.9999998807907104,
            1.6572847982843086e-07
        ],
        [
            0.9999997615814209,
            2.1273783090691722e-07
        ],
        [
            0.9999997615814209,
            2.573048334397754e-07
        ],
        [
            0.9999992847442627,
            6.739882678630238e-07
        ],
        [
            0.9999984502792358,
            1.543620896882203e-06
        ],
        [
            0.9999991655349731,
            8.271495062217582e-07
        ],
        [
            0.9999997615814209,
            2.1942389594187262e-07
        ],
        [
            0.9999998807907104,
            1.550615991163795e-07
        ],
        [
            0.9999450445175171,
            5.498414975591004e-05
        ],
        [
            0.9999997615814209,
            1.9357295855115808e-07
        ],
        [
            0.9999997615814209,
            2.402813663593406e-07
        ],
        [
            0.9999998807907104,
            1.4164912442993227e-07
        ],
        [
            0.9999992847442627,
            6.660141025349731e-07
        ],
        [
            0.9999998807907104,
            1.4278840865245002e-07
        ],
        [
            0.9999997615814209,
            2.721789087445359e-07
        ],
        [
            0.9999992847442627,
            7.204406529126572e-07
        ],
        [
            0.9999876022338867,
            1.2397112186590675e-05
        ],
        [
            0.9999997615814209,
            2.9216579378044116e-07
        ],
        [
            0.9999996423721313,
            3.9061063716872013e-07
        ],
        [
            0.9999997615814209,
            2.150124629451966e-07
        ],
        [
            0.9999996423721313,
            3.6455614349506504e-07
        ],
        [
            0.9999997615814209,
            1.8951924118937313e-07
        ],
        [
            0.9999998807907104,
            1.2707617713658692e-07
        ],
        [
            0.9999998807907104,
            1.6117951417982113e-07
        ],
        [
            0.9999997615814209,
            1.7917876959927526e-07
        ],
        [
            0.9999997615814209,
            2.095994915407573e-07
        ],
        [
            0.9999982118606567,
            1.7837588757174672e-06
        ],
        [
            0.9999998807907104,
            1.6547578240988514e-07
        ],
        [
            0.9999957084655762,
            4.335658559284639e-06
        ],
        [
            0.9999997615814209,
            2.246513730597144e-07
        ],
        [
            0.9999995231628418,
            4.5794001835020026e-07
        ],
        [
            0.9999996423721313,
            3.8812126490483934e-07
        ],
        [
            0.9999995231628418,
            4.244828346600116e-07
        ],
        [
            0.9999997615814209,
            2.1888550350013247e-07
        ],
        [
            0.9999994039535522,
            6.370102596520155e-07
        ],
        [
            0.9999991655349731,
            8.038076089178503e-07
        ],
        [
            0.9999997615814209,
            2.6147645826313237e-07
        ],
        [
            0.9999997615814209,
            2.255237490089712e-07
        ],
        [
            0.9999271631240845,
            7.285198080353439e-05
        ],
        [
            0.9999997615814209,
            2.527057176848757e-07
        ],
        [
            0.9999997615814209,
            2.474400844221236e-07
        ],
        [
            0.9999710321426392,
            2.9013412131462246e-05
        ],
        [
            0.9999996423721313,
            3.423329815177567e-07
        ],
        [
            0.9999995231628418,
            5.336245294529363e-07
        ],
        [
            0.9999997615814209,
            2.027513232860656e-07
        ],
        [
            0.9999998807907104,
            1.6054377738328185e-07
        ],
        [
            0.9999995231628418,
            4.5208028609522444e-07
        ],
        [
            0.9999996423721313,
            3.192549797859101e-07
        ],
        [
            0.9999997615814209,
            2.038899111767023e-07
        ],
        [
            0.9999997615814209,
            1.7928543627476756e-07
        ],
        [
            0.9999996423721313,
            3.268109480814019e-07
        ],
        [
            0.9999997615814209,
            1.813794199279073e-07
        ],
        [
            0.9999998807907104,
            1.3700433498797793e-07
        ],
        [
            0.9999998807907104,
            1.4188708519213833e-07
        ],
        [
            0.9999998807907104,
            1.557920512595956e-07
        ],
        [
            0.9999998807907104,
