{
    "initial_probs": [
        0.00011766063835239038,
        0.9998823404312134
    ],
    "initial_logits": [
        -4.0209641456604,
        5.026623725891113
    ],
    "transition_probs": [
        [
            0.932788610458374,
            0.06721142679452896
        ],
        [
            0.03056948445737362,
            0.9694305062294006
        ]
    ],
    "transition_logits": [
        [
            1.814251184463501,
            -0.8160842061042786
        ],
        [
            -1.366866946220398,
            2.089839458465576
        ]
    ],
    "posterior_probs": [
        [
            1.1934464083651619e-08,
            1.0
        ],
        [
            3.4246136237925384e-06,
            0.999996542930603
        ],
        [
            5.311396307661198e-05,
            0.9999468326568604
        ],
        [
            7.421140146846028e-09,
            1.0
        ],
        [
            5.158998828846961e-05,
            0.9999483823776245
        ],
        [
            8.892860137166281e-07,
            0.9999991655349731
        ],
        [
            0.0002699481847230345,
            0.9997300505638123
        ],
        [
            2.754907427515718e-06,
            0.9999972581863403
        ],
        [
            2.035083707596641e-05,
            0.9999796152114868
        ],
        [
            0.00076457136310637,
            0.9992353916168213
        ],
        [
            2.160176336474251e-06,
            0.9999978542327881
        ],
        [
            4.3131572056154255e-06,
            0.9999957084655762
        ],
        [
            1.925928154378198e-05,
            0.9999806880950928
        ],
        [
            0.0006202133372426033,
            0.9993797540664673
        ],
        [
            9.96881935861893e-05,
            0.9999003410339355
        ],
        [
            7.869385854064603e-07,
            0.9999991655349731
        ],
        [
            5.197317659622058e-05,
            0.9999480247497559
        ],
        [
            5.608440460491693e-06,
            0.9999943971633911
        ],
        [
            1.019991373141238e-06,
            0.999998927116394
        ],
        [
            2.545280585763976e-05,
            0.9999744892120361
        ],
        [
            3.0302469895104878e-05,
            0.9999697208404541
        ],
        [
            3.0034327889311152e-12,
            1.0
        ],
        [
            2.0630798458487476e-10,
            1.0
        ],
        [
            8.243397699270552e-16,
            1.0
        ],
        [
            2.3654769809589027e-10,
            1.0
        ],
        [
            1.6094836990248484e-16,
            1.0
        ],
        [
            1.16043424869261e-11,
            1.0
        ],
        [
            4.3004981520322616e-11,
            1.0
        ],
        [
            3.7767806659871894e-09,
            1.0
        ],
        [
            8.288079555995864e-08,
            0.9999998807907104
        ],
        [
            6.817899844691055e-08,
            0.9999998807907104
        ],
        [
            2.709583446502961e-09,
            1.0
        ],
        [
            0.000343451916705817,
            0.9996565580368042
        ],
        [
            0.002878085244446993,
            0.9971218705177307
        ],
        [
            0.7469763159751892,
            0.25302377343177795
        ],
        [
            0.9999958276748657,
            4.2072047108376864e-06
        ],
        [
            0.9999997615814209,
            2.5280212412326364e-07
        ],
        [
            1.0,
            2.1165462715799777e-09
        ],
        [
            0.9999998807907104,
            6.714451927791742e-08
        ],
        [
            0.9999998807907104,
            1.711928945269392e-07
        ],
        [
            0.9999997615814209,
            2.1675504058293882e-07
        ],
        [
            0.9999992847442627,
            7.173363769652497e-07
        ],
        [
            1.0,
            1.0244826514904659e-10
        ],
        [
            1.0,
            4.1869264999494504e-11
        ],
        [
            0.9999998807907104,
            1.3796093867313175e-07
        ],
        [
            0.9999866485595703,
            1.3320863217813894e-05
        ],
        [
            0.9999966621398926,
            3.3707488000800367e-06
        ],
        [
            0.9998750686645508,
            0.00012485653860494494
        ],
        [
            1.0,
            5.298542637630077e-13
        ],
        [
            0.9999998807907104,
            7.362914544728483e-08
        ],
        [
            0.9999996423721313,
            3.269506123615429e-07
        ],
        [
            0.9999737739562988,
            2.6185121896560304e-05
        ],
        [
            0.9999779462814331,
            2.2093958250479773e-05
        ],
        [
            1.0,
            1.2933888682287176e-10
        ],
        [
            0.9999998807907104,
            6.122353113369172e-08
        ],
        [
            1.0,
            3.53860341029133e-09
        ],
        [
            0.999666690826416,
            0.00033327972050756216
        ],
        [
            1.0,
            1.782957603779778e-08
        ],
        [
            0.999992847442627,
            7.119751444406575e-06
        ],
        [
            0.9970670342445374,
            0.00293298764154315
        ],
        [
            0.9999996423721313,
            3.6684957649413263e-07
        ],
        [
            1.0,
            5.97001198476832e-11
        ],
        [
            1.0,
            2.0208798190424204e-08
        ],
        [
            0.9999996423721313,
            3.0624781288679515e-07
        ],
        [
            0.9999998807907104,
            8.427337405692015e-08
        ],
        [
            0.999996542930603,
            3.4375975701550487e-06
        ],
        [
            0.9502338171005249,
            0.049766235053539276
        ],
        [
            0.0007567891152575612,
            0.9992432594299316
        ],
        [
            0.0002723638608586043,
            0.9997276663780212
        ],
        [
            0.00016797485295683146,
            0.999832034111023
        ],
        [
            9.651679283706471e-05,
            0.9999034404754639
        ],
        [
            6.585591472685337e-05,
            0.999934196472168
        ],
        [
            4.998603253625333e-05,
            0.9999500513076782
        ],
        [
            4.458373587112874e-05,
            0.999955415725708
        ],
        [
            5.320472382663866e-07,
            0.9999995231628418
        ],
        [
            0.0002891826443374157,
            0.999710738658905
        ],
        [
            0.0061929901130497456,
            0.9938070178031921
        ],
        [
            0.0010201241821050644,
            0.9989798665046692
        ],
        [
            1.0732753253250849e-05,
            0.9999892711639404
        ],
        [
            0.00019752771186176687,
            0.9998025298118591
        ],
        [
            0.013467933051288128,
            0.9865320324897766
        ],
        [
            0.013018921948969364,
            0.9869810938835144
        ],
        [
            0.9979707598686218,
            0.002029278315603733
        ],
        [
            0.018745360895991325,
            0.9812546968460083
        ],
        [
            9.97597016976215e-05,
            0.999900221824646
        ],
        [
            8.814887405605987e-05,
            0.9999117851257324
        ],
        [
            2.5039862521225587e-05,
            0.9999749660491943
        ],
        [
            0.00020298057643231004,
            0.9997970461845398
        ],
        [
