{
    "initial_probs": [
        3.0667317332699895e-05,
        0.9999693632125854
    ],
    "initial_logits": [
        -4.874954700469971,
        5.517328262329102
    ],
    "transition_probs": [
        [
            0.694279134273529,
            0.30572086572647095
        ],
        [
            0.09812226891517639,
            0.9018777012825012
        ]
    ],
    "transition_logits": [
        [
            0.8506409525871277,
            0.030439360067248344
        ],
        [
            -0.7428197860717773,
            1.4754447937011719
        ]
    ],
    "posterior_probs": [
        [
            2.6387178877484985e-06,
            0.9999973773956299
        ],
        [
            1.0,
            0.0
        ],
        [
            1.0,
            0.0
        ],
        [
            1.0,
            0.0
        ],
        [
            1.0,
            0.0
        ],
        [
            1.0,
            0.0
        ],
        [
            1.0,
            1.2689469958116428e-27
        ],
        [
            1.0,
            1.7967933255345905e-20
        ],
        [
            0.16642123460769653,
            0.8335787653923035
        ],
        [
            1.0,
            0.0
        ],
        [
            1.0,
            2.3313480923548013e-08
        ],
        [
            0.009099459275603294,
            0.9909005165100098
        ],
        [
            0.0004919515922665596,
            0.9995080232620239
        ],
        [
            8.66950285853818e-05,
            0.9999133348464966
        ],
        [
            7.312370871659368e-05,
            0.9999269247055054
        ],
        [
            8.408949361182749e-05,
            0.9999159574508667
        ],
        [
            0.0002517545653972775,
            0.9997482895851135
        ],
        [
            9.32056427700445e-05,
            0.9999067783355713
        ],
        [
            0.00017077065422199667,
            0.9998291730880737
        ],
        [
            0.0017155534587800503,
            0.9982843995094299
        ],
        [
            1.0,
            2.2938735355637618e-08
        ],
        [
            1.0,
            5.978894679695146e-13
        ],
        [
            1.0,
            1.3096065844177968e-13
        ],
        [
            0.9999992847442627,
            6.585963774341508e-07
        ],
        [
            1.0,
            1.1610795604046625e-13
        ],
        [
            1.0,
            2.904662621538989e-10
        ],
        [
            0.009290177375078201,
            0.9907099008560181
        ],
        [
            0.000272206001682207,
            0.9997277855873108
        ],
        [
            0.0008613461395725608,
            0.999138593673706
        ],
        [
            0.9921636581420898,
            0.007836267352104187
        ],
        [
            0.05245489254593849,
            0.947545051574707
        ],
        [
            1.0,
            9.041516984377966e-32
        ],
        [
            1.0,
            9.972305235273274e-16
        ],
        [
            1.0,
            1.9070695783386738e-32
        ],
        [
            1.0,
            2.9047156470927313e-34
        ],
        [
            0.007820860482752323,
            0.9921791553497314
        ],
        [
            0.00043889807420782745,
            0.9995611310005188
        ],
        [
            0.0004716300463769585,
            0.9995284080505371
        ],
        [
            0.000414942012866959,
            0.9995850920677185
        ],
        [
            0.00027848087484017015,
            0.9997214674949646
        ],
        [
            0.00034619224607013166,
            0.9996538162231445
        ],
        [
            0.00032589968759566545,
            0.9996740818023682
        ],
        [
            0.00028611114248633385,
            0.9997138381004333
        ],
        [
            0.00024074959219433367,
            0.9997592568397522
        ],
        [
            9.025285544339567e-05,
            0.9999097585678101
        ],
        [
            0.00043676115456037223,
            0.9995632767677307
        ],
        [
            0.0002795875770971179,
            0.9997203946113586
        ],
        [
            0.00046515787835232913,
            0.9995348453521729
        ],
        [
            0.00041823333594948053,
            0.9995817542076111
        ],
        [
            0.00028789741918444633,
            0.9997120499610901
        ],
        [
            0.0003329240425955504,
            0.9996670484542847
        ],
        [
            0.00036313250893726945,
            0.9996368885040283
        ],
        [
            5.9460433021740755e-08,
            1.0
        ],
        [
            0.00037750042974948883,
            0.9996224641799927
        ],
        [
            0.00028490039403550327,
            0.9997150301933289
        ],
        [
            0.0003427767660468817,
            0.9996572732925415
        ],
        [
            0.0004552614118438214,
            0.9995446801185608
        ],
        [
            0.00018024700693786144,
            0.999819815158844
        ],
        [
            0.00013837053847964853,
            0.9998615980148315
        ],
        [
            3.29849062836729e-05,
            0.9999669790267944
        ],
        [
            0.00036753472522832453,
            0.9996324777603149
        ],
        [
            0.0003475678968243301,
            0.9996523857116699
        ],
        [
            0.00029639987042173743,
            0.999703586101532
        ],
        [
            0.0003949226229451597,
            0.999605119228363
        ],
        [
            0.0003644420357886702,
            0.9996355772018433
        ],
        [
            0.000486015371279791,
            0.9995139837265015
        ],
        [
            0.00037306989543139935,
            0.999626874923706
        ],
        [
            0.0001844530925154686,
            0.9998155236244202
        ],
        [
            0.000130453088786453,
            0.9998695850372314
        ],
        [
            0.0002279748150613159,
            0.9997720122337341
        ],
        [
            0.0004552614118438214,
            0.9995446801185608
        ],
        [
            2.3480137315345928e-05,
            0.9999765157699585
        ],
        [
            2.1505898985196836e-05,
            0.9999785423278809
        ],
        [
            0.0001625941804377362,
            0.9998373985290527
        ],
        [
            0.0002535041712690145,
            0.9997465014457703
        ],
        [
            0.00010216571536147967,
            0.999897837638855
        ],
        [
            0.0004912317963317037,
            0.9995087385177612
        ],
        [
            0.00016976796905510128,
            0.9998302459716797
        ],
        [
            0.00010909647244261578,
            0.999890923500061
        ],
        [
            0.00015650468412786722,
            0.9998434782028198
        ],
        [
            0.00031283588032238185,
            0.9996871948242188
        ],
        [
            0.00093788281083107,
            0.9990621209144592
        ],
        [
            0.9999998807907104,
            7.130612544870019e-08
        ],
        [
            1.0,
            4.3584680006914125e-18
        ],
        [
            0.009377937763929367,
            0.9906219840049744
        ],
        [
            0.000365031766705215,
            0.9996349811553955
        ],
        [
            0.00017924336134456098,
            0.9998207688331604
        ],
        [
            0.00013404025230556726,
            0.9998658895492554
        ],
        [
            6.326267612166703e-05,
            0.9999366998672485
        ],
        [
            0.00018412695499137044,
