{
    "initial_probs": [
        3.1320862035499886e-05,
        0.9999686479568481
    ],
    "initial_logits": [
        -4.559135437011719,
        5.8120598793029785
    ],
    "transition_probs": [
        [
            0.006458130199462175,
            0.9935418367385864
        ],
        [
            4.986709973309189e-05,
            0.9999501705169678
        ]
    ],
    "transition_logits": [
        [
            -2.377143621444702,
            2.658792495727539
        ],
        [
            -4.630053997039795,
            5.276044845581055
        ]
    ],
    "posterior_probs": [
        [
            3.0768862870900193e-06,
            0.9999969005584717
        ],
        [
            5.0365138122288045e-06,
            0.9999949932098389
        ],
        [
            9.577726814313792e-06,
            0.9999904632568359
        ],
        [
            6.523891897813883e-06,
            0.9999934434890747
        ],
        [
            5.2116342885710765e-06,
            0.9999947547912598
        ],
        [
            5.401739599619759e-06,
            0.9999946355819702
        ],
        [
            1.0343665053369477e-05,
            0.9999896287918091
        ],
        [
            6.993132501520449e-06,
            0.9999929666519165
        ],
        [
            5.000064902560553e-06,
            0.9999949932098389
        ],
        [
            7.820227438060101e-06,
            0.9999921321868896
        ],
        [
            6.1019445638521574e-06,
            0.9999939203262329
        ],
        [
            5.704675459128339e-06,
            0.9999942779541016
        ],
        [
            5.103351668367395e-06,
            0.9999948740005493
        ],
        [
            8.815077308099717e-06,
            0.9999911785125732
        ],
        [
            5.323351615516003e-06,
            0.9999946355819702
        ],
        [
            5.533720013772836e-06,
            0.9999945163726807
        ],
        [
            9.765733921085484e-06,
            0.9999902248382568
        ],
        [
            2.4283930542878807e-05,
            0.9999756813049316
        ],
        [
            1.018299280985957e-05,
            0.9999898672103882
        ],
        [
            9.17798388400115e-06,
            0.9999908208847046
        ],
        [
            6.88744648869033e-06,
            0.999993085861206
        ],
        [
            5.529837380890967e-06,
            0.9999945163726807
        ],
        [
            6.936807039892301e-06,
            0.999993085861206
        ],
        [
            1.060318300005747e-05,
            0.99998939037323
        ],
        [
            5.454915026348317e-06,
            0.9999945163726807
        ],
        [
            1.1371728760423139e-05,
            0.9999886751174927
        ],
        [
            1.1524397450557444e-05,
            0.9999884366989136
        ],
        [
            5.35414483238128e-06,
            0.9999946355819702
        ],
        [
            1.860277188825421e-05,
            0.9999814033508301
        ],
        [
            9.510445124760736e-06,
            0.9999904632568359
        ],
        [
            2.229443816759158e-05,
            0.999977707862854
        ],
        [
            5.769983090431197e-06,
            0.9999942779541016
        ],
        [
            5.312478151608957e-06,
            0.9999946355819702
        ],
        [
            6.627625407418236e-05,
            0.9999337196350098
        ],
        [
            5.5696373237879016e-06,
            0.9999943971633911
        ],
        [
            5.178500487090787e-06,
            0.9999948740005493
        ],
        [
            6.96013239576132e-06,
            0.999993085861206
        ],
        [
            1.3851921721652616e-05,
            0.9999861717224121
        ],
        [
            6.589320946659427e-06,
            0.9999934434890747
        ],
        [
            9.24178402783582e-06,
            0.999990701675415
        ],
        [
            5.978470289846882e-05,
            0.9999401569366455
        ],
        [
            4.393275594338775e-05,
            0.9999560117721558
        ],
        [
            5.809770300402306e-05,
            0.9999419450759888
        ],
        [
            5.671347480529221e-06,
            0.9999942779541016
        ],
        [
            2.5514633307466283e-05,
            0.9999744892120361
        ],
        [
            4.20401556766592e-05,
            0.9999579191207886
        ],
        [
            1.83043084689416e-05,
            0.9999816417694092
        ],
        [
            5.880402750335634e-05,
            0.9999412298202515
        ],
        [
            0.0004517890338320285,
            0.9995481371879578
        ],
        [
            2.5527095203869976e-05,
            0.9999744892120361
        ],
        [
            8.708478708285838e-05,
            0.9999128580093384
        ],
        [
            0.00019776592671405524,
            0.99980229139328
        ],
        [
            7.917133916635066e-05,
            0.9999208450317383
        ],
        [
            1.1778261978179216e-05,
            0.9999881982803345
        ],
        [
            1.3854881217412185e-05,
            0.9999861717224121
        ],
        [
            5.728261385229416e-05,
            0.9999426603317261
        ],
        [
            1.4848234059172682e-05,
            0.9999850988388062
        ],
        [
            6.42902305116877e-05,
            0.9999357461929321
        ],
        [
            2.464677527314052e-05,
            0.999975323677063
        ],
        [
            9.460396540816873e-05,
            0.9999053478240967
        ],
        [
            9.62724971032003e-06,
            0.9999903440475464
        ],
        [
            9.393337677465752e-06,
            0.9999905824661255
        ],
        [
            8.192274435714353e-06,
            0.999991774559021
        ],
        [
            4.172064654994756e-05,
            0.9999582767486572
        ],
        [
            6.064999979571439e-06,
            0.9999939203262329
        ],
        [
            5.23762400916894e-06,
            0.9999947547912598
        ],
        [
            5.818609679408837e-06,
            0.999994158744812
        ],
        [
            6.603815563721582e-06,
            0.9999934434890747
        ],
        [
            5.166976734471973e-06,
            0.9999948740005493
        ],
        [
            5.396631422627252e-06,
            0.9999946355819702
        ],
        [
            5.105844138597604e-06,
            0.9999948740005493
        ],
        [
            5.919083378103096e-06,
            0.9999940395355225
        ],
        [
            8.479968528263271e-06,
            0.9999915361404419
        ],
        [
            5.3241637942846864e-06,
            0.9999946355819702
        ],
        [
            6.988865607127082e-06,
            0.9999929666519165
        ],
        [
            7.741868103039451e-06,
            0.9999922513961792
        ],
        [
            8.137209078995511e-06,
            0.9999918937683105
        ],
        [
            4.9175914682564326e-06,
            0.9999951124191284
        ],
        [
            1.8142478438676335e-05,
            0.9999818801879883
        ],
        [
            4.895131951343501e-06,
            0.9999951124191284
        ],
        [
            1.254936978511978e-05,
            0.9999874830245972
        ],
        [
            6.130502697487827e-06,
            0.9999939203262329
        ],
        [
            1.0803733857756015e-05,
            0.9999891519546509
        ],
        [
            4.942114628647687e-06,
            0.9999951124191284
        ],
        [
            6.072222731745569e-06,
            0.9999939203262329
        ],
